English;Turkish;Phonetic;TurkishPronunciation;SampleEn;SampleTr;CategoryId;Difficulty
apple;elma;/ˈæp.əl/;epıl;I eat an apple.;Ben bir elma yerim.;1;1
book;kitap;/bʊk/;buk;This book is interesting.;Bu kitap ilginç.;1;1
car;araba;/kɑːr/;kaar;My car is fast.;Arabam hızlı.;1;1
dog;köpek;/dɔːɡ/;dog;The dog is big.;Köpek büyük.;1;1
cat;kedi;/kæt/;ket;The cat is on the table.;Kedi masanın üstünde.;1;1
house;ev;/haʊs/;haus;My house is small.;Evim küçük.;1;1
school;okul;/skuːl/;skul;I go to school.;Okula giderim.;1;1
teacher;öğretmen;/ˈtiː.tʃər/;tiiçır;The teacher is kind.;Öğretmen nazik.;1;1
student;öğrenci;/ˈstuː.dənt/;studınt;The student studies.;Öğrenci ders çalışır.;1;1
water;su;/ˈwɔː.tər/;votır;I drink water.;Su içerim.;1;1
food;yemek;/fuːd/;fuud;The food is good.;Yemek iyi.;1;1
bread;ekmek;/bred/;bred;I eat bread.;Ekmek yerim.;1;1
milk;süt;/mɪlk/;milk;I drink milk.;Süt içerim.;1;1
table;masa;/ˈteɪ.bəl/;teybil;The book is on the table.;Kitap masanın üstünde.;1;1
chair;sandalye;/tʃer/;çer;The chair is old.;Sandalye eski.;1;1
door;kapı;/dɔːr/;door;Open the door.;Kapıyı aç.;1;1
window;pencere;/ˈwɪn.doʊ/;vindov;Close the window.;Pencereyi kapat.;1;1
city;şehir;/ˈsɪt.i/;siti;This city is big.;Bu şehir büyük.;1;1
country;ülke;/ˈkʌn.tri/;kantri;My country is beautiful.;Ülkem güzel.;1;1
friend;arkadaş;/frend/;frend;He is my friend.;O benim arkadaşım.;7;1
family;aile;/ˈfæm.əl.i/;femıli;I love my family.;Ailemi seviyorum.;7;1
mother;anne;/ˈmʌð.ər/;madır;My mother is happy.;Annem mutlu.;7;1
father;baba;/ˈfɑː.ðər/;faadır;My father works.;Babam çalışır.;7;1
sister;kız kardeş;/ˈsɪs.tər/;sistır;My sister is young.;Kız kardeşim genç.;7;1
brother;erkek kardeş;/ˈbrʌð.ər/;bradır;My brother plays.;Erkek kardeşim oynar.;7;1
name;isim;/neɪm/;neym;My name is Ali.;Benim adım Ali.;1;1
age;yaş;/eɪdʒ/;eyc;My age is 20.;Yaşım 20.;1;1
day;gün;/deɪ/;dey;Today is a good day.;Bugün iyi bir gün.;1;1
night;gece;/naɪt/;nayt;Good night!;İyi geceler!;1;1
morning;sabah;/ˈmɔːr.nɪŋ/;mornin;Good morning!;Günaydın!;1;1
evening;akşam;/ˈiːv.nɪŋ/;ivnin;Good evening!;İyi akşamlar!;1;1
today;bugün;/təˈdeɪ/;tıdey;Today is sunny.;Bugün güneşli.;1;1
tomorrow;yarın;/təˈmɑːr.oʊ/;tımarov;I will go tomorrow.;Yarın gideceğim.;1;1
yesterday;dün;/ˈjes.tər.deɪ/;yestırdey;I was at home yesterday.;Dün evdeydim.;1;1
yes;evet;/jes/;yes;Yes, I understand.;Evet, anlıyorum.;1;1
no;hayır;/noʊ/;no;No, I don’t want it.;Hayır, onu istemiyorum.;1;1
please;lütfen;/pliːz/;pliiz;Please help me.;Lütfen bana yardım et.;1;1
thank you;teşekkür ederim;/ˈθæŋk juː/;tenk yu;Thank you very much.;Çok teşekkür ederim.;7;1
sorry;üzgünüm;/ˈsɑːr.i/;sori;I am sorry.;Üzgünüm.;7;1
hello;merhaba;/həˈloʊ/;helou;Hello, how are you?;Merhaba, nasılsın?;7;1
goodbye;hoşça kal;/ˌɡʊdˈbaɪ/;gudbay;Goodbye, see you.;Hoşça kal, görüşürüz.;7;1
good;iyi;/ɡʊd/;gud;This is a good idea.;Bu iyi bir fikir.;1;1
bad;kötü;/bæd/;bed;This is a bad day.;Bu kötü bir gün.;1;1
big;büyük;/bɪɡ/;big;This house is big.;Bu ev büyük.;1;1
small;küçük;/smɔːl/;smol;The cat is small.;Kedi küçük.;1;1
hot;sıcak;/hɑːt/;hat;The weather is hot.;Hava sıcak.;1;1
cold;soğuk;/koʊld/;kold;The water is cold.;Su soğuk.;1;1
fast;hızlı;/fæst/;fest;He runs fast.;O hızlı koşar.;1;1
slow;yavaş;/sloʊ/;slou;The car is slow.;Araba yavaş.;1;1
new;yeni;/nuː/;nu;I have a new phone.;Yeni bir telefonum var.;1;1
old;eski;/oʊld/;old;This building is old.;Bu bina eski.;1;1
happy;mutlu;/ˈhæp.i/;hepi;She is happy.;O mutlu.;7;1
sad;üzgün;/sæd/;sed;He is sad.;O üzgün.;7;1
love;sevmek;/lʌv/;lav;I love you.;Seni seviyorum.;7;1
like;beğenmek;/laɪk/;layk;I like coffee.;Kahve severim.;7;1
want;istemek;/wɑːnt/;vant;I want water.;Su istiyorum.;1;1
need;ihtiyaç duymak;/niːd/;niid;I need help.;Yardıma ihtiyacım var.;1;1
go;gitmek;/ɡoʊ/;gou;I go to work.;İşe giderim.;1;1
come;gelmek;/kʌm/;kam;Come here.;Buraya gel.;1;1
see;görmek;/siː/;sii;I see you.;Seni görüyorum.;1;1
look;bakmak;/lʊk/;luk;Look at the sky.;Gökyüzüne bak.;1;1
eat;yemek;/iːt/;iit;I eat breakfast.;Kahvaltı yaparım.;1;1
drink;içmek;/drɪŋk/;drink;I drink tea.;Çay içerim.;1;1
sleep;uyumak;/sliːp/;sliip;I sleep at night.;Gece uyurum.;1;1
work;çalışmak;/wɜːrk/;ورک (vörk);I work every day.;Her gün çalışırım.;2;1
play;oynamak;/pleɪ/;pley;Children play outside.;Çocuklar dışarıda oynar.;1;1
read;okumak;/riːd/;riid;I read a book.;Kitap okurum.;3;1
write;yazmak;/raɪt/;rayt;I write a letter.;Mektup yazarım.;3;1
speak;konuşmak;/spiːk/;spiik;I speak English.;İngilizce konuşurum.;1;1
listen;dinlemek;/ˈlɪs.ən/;lisın;I listen to music.;Müzik dinlerim.;1;1
understand;anlamak;/ˌʌn.dərˈstænd/;andırstend;I understand you.;Seni anlıyorum.;3;1
learn;öğrenmek;/lɜːrn/;lörn;I learn English.;İngilizce öğreniyorum.;3;1
open;açmak;/ˈoʊ.pən/;opın;Open the window.;Pencereyi aç.;1;1
close;kapatmak;/kloʊz/;kloz;Close the door.;Kapıyı kapat.;1;1
buy;satın almak;/baɪ/;bay;I buy a car.;Bir araba satın alırım.;2;1
pay;ödemek;/peɪ/;pey;I pay the bill.;Hesabı öderim.;2;1
give;vermek;/ɡɪv/;giv;I give you a gift.;Sana hediye veririm.;1;1
take;almak;/teɪk/;teyk;Take this book.;Bu kitabı al.;1;1
make;yapmak;/meɪk/;meyk;I make a cake.;Kek yaparım.;1;1
do;yapmak;/duː/;du;I do my homework.;Ödevimi yaparım.;1;1
have;sahip olmak;/hæv/;hev;I have a dog.;Bir köpeğim var.;1;1
be;olmak;/biː/;bii;I am a student.;Ben bir öğrenciyim.;1;1
can;#AD?;/kæn/;ken;I can swim.;Yüzebilirim.;1;1
must;zorunda olmak;/mʌst/;mast;I must study.;Ders çalışmalıyım.;1;1
this;bu;/ðɪs/;dis;This is my book.;Bu benim kitabım.;1;1
that;şu;/ðæt/;det;That is your car.;Şu senin araban.;1;1
here;burada;/hɪr/;hir;Come here.;Buraya gel.;1;1
there;orada;/ðer/;der;He is there.;O orada.;1;1
in;içinde;/ɪn/;in;The cat is in the box.;Kedi kutunun içinde.;1;1
on;üstünde;/ɑːn/;an;The book is on the table.;Kitap masanın üstünde.;1;1
under;altında;/ˈʌn.dər/;andır;The ball is under the chair.;Top sandalyenin altında.;1;1
with;ile;/wɪð/;vid;I go with my friend.;Arkadaşımla giderim.;1;1
without;olmadan;/wɪˈðaʊt/;vidaut;I go without you.;Sensiz giderim.;1;1
for;için;/fɔːr/;for;This is for you.;Bu senin için.;1;1
from;#AD?;/frʌm/;fram;I come from Turkey.;Türkiye’den geliyorum.;1;1
to;#AD?;/tuː/;tu;I go to school.;Okula giderim.;1;1
and;ve;/ænd/;end;I eat bread and cheese.;Ekmek ve peynir yerim.;1;1
or;veya;/ɔːr/;or;Tea or coffee?;Çay mı kahve mi?;1;1
pen;kalem;/pen/;pen;This is my pen.;Bu benim kalemim.;1;1
pencil;kurşun kalem;/ˈpen.səl/;pensıl;I have a pencil.;Bir kurşun kalemim var.;1;1
bag;çanta;/bæɡ/;beg;My bag is heavy.;Çantam ağır.;1;1
phone;telefon;/foʊn/;foun;My phone is new.;Telefonum yeni.;6;1
computer;bilgisayar;/kəmˈpjuː.tər/;kompiyutır;I use a computer.;Bilgisayar kullanırım.;6;1
screen;ekran;/skriːn/;skriin;The screen is bright.;Ekran parlak.;6;1
keyboard;klavye;/ˈkiː.bɔːrd/;kiibord;The keyboard is black.;Klavye siyah.;6;1
mouse;fare;/maʊs/;maus;The mouse is small.;Fare küçük.;6;1
internet;internet;/ˈɪn.tər.net/;intırnet;I use the internet.;İnterneti kullanırım.;6;1
picture;resim;/ˈpɪk.tʃər/;pikçır;This is a picture.;Bu bir resim.;1;1
photo;fotoğraf;/ˈfoʊ.toʊ/;fotou;I take a photo.;Fotoğraf çekerim.;1;1
music;müzik;/ˈmjuː.zɪk/;myuzik;I listen to music.;Müzik dinlerim.;7;1
song;şarkı;/sɔːŋ/;song;This song is nice.;Bu şarkı güzel.;7;1
movie;film;/ˈmuː.vi/;muvi;I watch a movie.;Film izlerim.;7;1
game;oyun;/ɡeɪm/;geym;I play a game.;Oyun oynarım.;7;1
park;park;/pɑːrk/;paark;The park is big.;Park büyük.;1;1
street;sokak;/striːt/;striit;The street is busy.;Sokak kalabalık.;1;1
road;yol;/roʊd/;roud;This road is long.;Bu yol uzun.;1;1
shop;mağaza;/ʃɑːp/;şap;I go to the shop.;Mağazaya giderim.;2;1
market;market;/ˈmɑːr.kɪt/;market;I go to the market.;Markete giderim.;2;1
restaurant;restoran;/ˈres.tə.rɑːnt/;restırant;The restaurant is full.;Restoran dolu.;4;1
cafe;kafe;/kæˈfeɪ/;kafe;We sit in a cafe.;Bir kafede otururuz.;4;1
hospital;hastane;/ˈhɑː.spɪ.təl/;haspital;He is in the hospital.;O hastanede.;5;1
doctor;doktor;/ˈdɑːk.tər/;doktır;The doctor helps me.;Doktor bana yardım eder.;5;1
nurse;hemşire;/nɜːrs/;nörs;The nurse is kind.;Hemşire nazik.;5;1
police;polis;/pəˈliːs/;pıliis;The police are here.;Polis burada.;1;1
job;iş;/dʒɑːb/;cab;I have a job.;Bir işim var.;2;1
money;para;/ˈmʌn.i/;mani;I need money.;Paraya ihtiyacım var.;2;1
price;fiyat;/praɪs/;prays;The price is high.;Fiyat yüksek.;2;1
ticket;bilet;/ˈtɪk.ɪt/;tikit;I buy a ticket.;Bilet alırım.;4;1
bus;otobüs;/bʌs/;bas;I take the bus.;Otobüse binerim.;4;1
train;tren;/treɪn/;treyn;The train is fast.;Tren hızlı.;4;1
plane;uçak;/pleɪn/;pleyn;The plane is big.;Uçak büyük.;4;1
airport;havaalanı;/ˈer.pɔːrt/;erport;I am at the airport.;Havaalanındayım.;4;1
travel;seyahat;/ˈtræv.əl/;trevel;I love to travel.;Seyahat etmeyi severim.;4;1
holiday;tatil;/ˈhɑː.lə.deɪ/;halidey;I am on holiday.;Tatildeyim.;4;1
beach;plaj;/biːtʃ/;biiç;The beach is beautiful.;Plaj güzel.;4;1
sea;deniz;/siː/;sii;The sea is blue.;Deniz mavi.;4;1
sun;güneş;/sʌn/;san;The sun is hot.;Güneş sıcak.;1;1
rain;yağmur;/reɪn/;reyn;The rain is heavy.;Yağmur şiddetli.;1;1
snow;kar;/snoʊ/;snou;The snow is white.;Kar beyaz.;1;1
wind;rüzgar;/wɪnd/;vind;The wind is strong.;Rüzgar güçlü.;1;1
sky;gökyüzü;/skaɪ/;skay;The sky is clear.;Gökyüzü açık.;1;1
cloud;bulut;/klaʊd/;klaud;The cloud is gray.;Bulut gri.;1;1
tree;ağaç;/triː/;trii;The tree is tall.;Ağaç uzun.;1;1
flower;çiçek;/ˈflaʊ.ər/;flaor;The flower is red.;Çiçek kırmızı.;1;1
grass;çimen;/ɡræs/;gres;The grass is green.;Çimen yeşil.;1;1
animal;hayvan;/ˈæn.ɪ.məl/;enimıl;This is an animal.;Bu bir hayvan.;1;1
bird;kuş;/bɜːrd/;börd;The bird flies.;Kuş uçar.;1;1
fish;balık;/fɪʃ/;fiş;The fish swims.;Balık yüzer.;1;1
horse;at;/hɔːrs/;hors;The horse runs.;At koşar.;1;1
cow;inek;/kaʊ/;kau;The cow eats grass.;İnek çimen yer.;1;1
sheep;koyun;/ʃiːp/;şiip;The sheep is white.;Koyun beyaz.;1;1
egg;yumurta;/eɡ/;eg;I eat an egg.;Yumurta yerim.;1;1
cheese;peynir;/tʃiːz/;çiiz;I like cheese.;Peynir severim.;1;1
butter;tereyağı;/ˈbʌt̬.ər/;badır;I use butter.;Tereyağı kullanırım.;1;1
sugar;şeker;/ˈʃʊɡ.ər/;şugır;Sugar is sweet.;Şeker tatlıdır.;1;1
salt;tuz;/sɔːlt/;solt;Add some salt.;Biraz tuz ekle.;1;1
tea;çay;/tiː/;tii;I drink tea.;Çay içerim.;1;1
coffee;kahve;/ˈkɔː.fi/;kofi;I drink coffee.;Kahve içerim.;1;1
juice;meyve suyu;/dʒuːs/;cuus;I drink juice.;Meyve suyu içerim.;1;1
bottle;şişe;/ˈbɑː.t̬əl/;batıl;The bottle is full.;Şişe dolu.;1;1
cup;fincan;/kʌp/;kap;The cup is small.;Fincan küçük.;1;1
glass;bardak;/ɡlæs/;gles;The glass is clean.;Bardak temiz.;1;1
plate;tabak;/pleɪt/;pleyt;The plate is on the table.;Tabak masanın üstünde.;1;1
knife;bıçak;/naɪf/;nayf;The knife is sharp.;Bıçak keskin.;1;1
fork;çatal;/fɔːrk/;fork;I use a fork.;Çatal kullanırım.;1;1
spoon;kaşık;/spuːn/;سپuun;I use a spoon.;Kaşık kullanırım.;1;1
kitchen;mutfak;/ˈkɪtʃ.ən/;kiçın;The kitchen is clean.;Mutfak temiz.;1;1
bathroom;banyo;/ˈbæθ.ruːm/;bethrum;The bathroom is small.;Banyo küçük.;1;1
bedroom;yatak odası;/ˈbed.ruːm/;bedrım;The bedroom is quiet.;Yatak odası sessiz.;1;1
living room;oturma odası;/ˈlɪv.ɪŋ ruːm/;living ruum;We sit in the living room.;Oturma odasında otururuz.;1;1
floor;zemin;/flɔːr/;flor;The floor is dirty.;Zemin kirli.;1;1
wall;duvar;/wɔːl/;vol;The wall is white.;Duvar beyaz.;1;1
roof;çatı;/ruːf/;ruuf;The roof is red.;Çatı kırmızı.;1;1
key;anahtar;/kiː/;kii;I have a key.;Bir anahtarım var.;1;1
lock;kilit;/lɑːk/;lak;The lock is closed.;Kilit kapalı.;1;1
light;ışık;/laɪt/;layt;Turn on the light.;Işığı aç.;1;1
dark;karanlık;/dɑːrk/;daark;The room is dark.;Oda karanlık.;1;1
clean;temiz;/kliːn/;kliin;The room is clean.;Oda temiz.;1;1
dirty;kirli;/ˈdɜːr.ti/;dörti;The room is dirty.;Oda kirli.;1;1
full;dolu;/fʊl/;ful;The glass is full.;Bardak dolu.;1;1
empty;boş;/ˈemp.ti/;empti;The glass is empty.;Bardak boş.;1;1
early;erken;/ˈɜːr.li/;örli;I wake up early.;Erken uyanırım.;1;1
late;geç;/leɪt/;leyt;I am late.;Geç kaldım.;1;1
always;her zaman;/ˈɔːl.weɪz/;olweyz;I always study.;Her zaman ders çalışırım.;1;1
usually;genellikle;/ˈjuː.ʒu.ə.li/;yujıuali;I usually drink tea.;Genellikle çay içerim.;1;1
sometimes;bazen;/ˈsʌm.taɪmz/;samtaymz;I sometimes go out.;Bazen dışarı çıkarım.;1;1
never;asla;/ˈnev.ər/;nevır;I never smoke.;Asla sigara içmem.;1;1
again;tekrar;/əˈɡen/;agen;Say it again.;Tekrar söyle.;1;1
already;zaten;/ɔːlˈred.i/;olredi;I already ate.;Zaten yedim.;1;1
maybe;belki;/ˈmeɪ.bi/;meybi;Maybe tomorrow.;Belki yarın.;1;1
very;çok;/ˈver.i/;veri;This is very good.;Bu çok iyi.;1;1
too;fazla;/tuː/;tu;This is too hot.;Bu fazla sıcak.;1;1
also;ayrıca;/ˈɔːl.soʊ/;also;I also like coffee.;Ben de kahve severim.;1;1
head;kafa;/hed/;hed;My head hurts.;Başım ağrıyor.;5;1
face;yüz;/feɪs/;feys;Wash your face.;Yüzünü yıka.;5;1
eye;göz;/aɪ/;ay;My eyes are blue.;Gözlerim mavi.;5;1
nose;burun;/noʊz/;nouz;My nose is small.;Burnum küçük.;5;1
mouth;ağız;/maʊθ/;mauth;Open your mouth.;Ağzını aç.;5;1
ear;kulak;/ɪr/;ir;My ear hurts.;Kulağım ağrıyor.;5;1
hair;saç;/her/;her;Her hair is long.;Onun saçı uzun.;5;1
hand;el;/hænd/;hend;My hands are cold.;Ellerim soğuk.;5;1
arm;kol;/ɑːrm/;aarm;My arm is strong.;Kolum güçlü.;5;1
leg;bacak;/leɡ/;leg;My leg hurts.;Bacağım ağrıyor.;5;1
foot;ayak;/fʊt/;fut;My foot is big.;Ayağım büyük.;5;1
finger;parmak;/ˈfɪŋ.ɡər/;fingır;I cut my finger.;Parmağımı kestim.;5;1
body;vücut;/ˈbɑː.di/;badi;My body is tired.;Vücudum yorgun.;5;1
back;sırt;/bæk/;bek;My back hurts.;Sırtım ağrıyor.;5;1
stomach;mide;/ˈstʌm.ək/;stamık;My stomach is full.;Midem dolu.;5;1
heart;kalp;/hɑːrt/;haart;My heart is happy.;Kalbim mutlu.;5;1
tooth;diş;/tuːθ/;tuuth;My tooth hurts.;Dişim ağrıyor.;5;1
blood;kan;/blʌd/;blad;There is blood.;Kan var.;5;1
clothes;kıyafetler;/kloʊðz/;kloz;My clothes are clean.;Kıyafetlerim temiz.;1;1
shirt;gömlek;/ʃɜːrt/;şört;I wear a shirt.;Gömlek giyerim.;1;1
t-shirt;tişört;/ˈtiː.ʃɜːrt/;tiişört;I wear a t-shirt.;Tişört giyerim.;1;1
pants;pantolon;/pænts/;pents;My pants are new.;Pantolonum yeni.;1;1
dress;elbise;/dres/;dres;She wears a dress.;O elbise giyer.;1;1
skirt;etek;/skɜːrt/;skört;The skirt is short.;Etek kısa.;1;1
shoe;ayakkabı;/ʃuː/;şuu;My shoes are black.;Ayakkabılarım siyah.;1;1
sock;çorap;/sɑːk/;sak;My socks are white.;Çoraplarım beyaz.;1;1
jacket;ceket;/ˈdʒæk.ɪt/;cekit;I wear a jacket.;Ceket giyerim.;1;1
coat;mont;/koʊt/;kout;I wear a coat.;Mont giyerim.;1;1
hat;şapka;/hæt/;het;I wear a hat.;Şapka takarım.;1;1
belt;kemer;/belt/;belt;The belt is brown.;Kemer kahverengi.;1;1
color;renk;/ˈkʌl.ər/;kalır;My favorite color is blue.;En sevdiğim renk mavi.;1;1
red;kırmızı;/red/;red;The apple is red.;Elma kırmızı.;1;1
blue;mavi;/bluː/;blu;The sky is blue.;Gökyüzü mavi.;1;1
green;yeşil;/ɡriːn/;griin;The grass is green.;Çimen yeşil.;1;1
yellow;sarı;/ˈjel.oʊ/;yelou;The sun is yellow.;Güneş sarı.;1;1
black;siyah;/blæk/;blek;My car is black.;Arabam siyah.;1;1
white;beyaz;/waɪt/;vayt;The snow is white.;Kar beyaz.;1;1
brown;kahverengi;/braʊn/;braun;The dog is brown.;Köpek kahverengi.;1;1
orange;turuncu;/ˈɔːr.ɪndʒ/;orınc;The orange is sweet.;Portakal tatlı.;1;1
pink;pembe;/pɪŋk/;pink;The flower is pink.;Çiçek pembe.;1;1
number;sayı;/ˈnʌm.bər/;nambır;This number is big.;Bu sayı büyük.;1;1
zero;sıfır;/ˈzɪr.oʊ/;ziro;The answer is zero.;Cevap sıfır.;1;1
one;bir;/wʌn/;van;I have one book.;Bir kitabım var.;1;1
two;iki;/tuː/;tu;I have two pens.;İki kalemim var.;1;1
three;üç;/θriː/;thrii;I see three cats.;Üç kedi görüyorum.;1;1
four;dört;/fɔːr/;for;I have four friends.;Dört arkadaşım var.;1;1
five;beş;/faɪv/;fayv;I have five apples.;Beş elmam var.;1;1
six;altı;/sɪks/;siks;I see six birds.;Altı kuş görüyorum.;1;1
seven;yedi;/ˈsev.ən/;sevın;I have seven days.;Yedi günüm var.;1;1
eight;sekiz;/eɪt/;eyt;I see eight cars.;Sekiz araba görüyorum.;1;1
nine;dokuz;/naɪn/;nayn;I have nine books.;Dokuz kitabım var.;1;1
ten;on;/ten/;ten;I have ten fingers.;On parmağım var.;1;1
week;hafta;/wiːk/;wiik;A week has seven days.;Bir hafta yedi gündür.;1;1
month;ay;/mʌnθ/;manth;A month has 30 days.;Bir ay 30 gündür.;1;1
year;yıl;/jɪr/;yir;A year has 12 months.;Bir yıl 12 aydır.;1;1
Monday;Pazartesi;/ˈmʌn.deɪ/;mande;Monday is busy.;Pazartesi yoğun.;1;1
Tuesday;Salı;/ˈtuːz.deɪ/;tuuzde;Tuesday is long.;Salı uzun.;1;1
Wednesday;Çarşamba;/ˈwenz.deɪ/;venzde;Wednesday is cold.;Çarşamba soğuk.;1;1
Thursday;Perşembe;/ˈθɜːrz.deɪ/;thörzde;Thursday is nice.;Perşembe güzel.;1;1
Friday;Cuma;/ˈfraɪ.deɪ/;frayde;Friday is fun.;Cuma eğlenceli.;1;1
Saturday;Cumartesi;/ˈsæt̬.ɚ.deɪ/;setırde;Saturday is free.;Cumartesi boş.;1;1
Sunday;Pazar;/ˈsʌn.deɪ/;sande;Sunday is calm.;Pazar sakin.;1;1
time;zaman;/taɪm/;taym;Time is important.;Zaman önemli.;1;1
hour;saat;/ˈaʊ.ər/;auır;One hour is short.;Bir saat kısa.;1;1
minute;dakika;/ˈmɪn.ɪt/;minit;Wait a minute.;Bir dakika bekle.;1;1
second;saniye;/ˈsek.ənd/;sekınd;Wait a second.;Bir saniye bekle.;1;1
question;soru;/ˈkwes.tʃən/;kuesçın;I ask a question.;Bir soru sorarım.;3;1
answer;cevap;/ˈæn.sər/;ensır;The answer is correct.;Cevap doğru.;3;1
problem;problem;/ˈprɑː.bləm/;prablem;I have a problem.;Bir problemim var.;3;1
idea;fikir;/aɪˈdiː.ə/;aydia;This is a good idea.;Bu iyi bir fikir.;3;1
example;örnek;/ɪɡˈzæm.pəl/;igzempıl;This is an example.;Bu bir örnek.;3;1
test;sınav;/test/;test;I have a test.;Sınavım var.;3;1
lesson;ders;/ˈles.ən/;lesın;The lesson is easy.;Ders kolay.;3;1
class;sınıf;/klæs/;kles;The class is full.;Sınıf dolu.;3;1
break;mola;/breɪk/;breyk;I take a break.;Mola veririm.;1;1
start;başlamak;/stɑːrt/;start;I start now.;Şimdi başlıyorum.;1;1
finish;bitirmek;/ˈfɪn.ɪʃ/;finiş;I finish my work.;İşimi bitiririm.;1;1
help;yardım etmek;/help/;help;I help you.;Sana yardım ederim.;7;1
ask;sormak;/æsk/;esk;I ask a question.;Bir soru sorarım.;3;1
answer (verb);cevaplamak;/ˈæn.sər/;ensır;I answer the question.;Soruyu cevaplarım.;3;1
call;aramak;/kɔːl/;kol;I call my friend.;Arkadaşımı ararım.;1;1
send;göndermek;/send/;send;I send a message.;Mesaj gönderirim.;6;1
receive;almak;/rɪˈsiːv/;risiiv;I receive a gift.;Hediye alırım.;6;1
meet;buluşmak;/miːt/;miit;I meet my friend.;Arkadaşımla buluşurum.;7;1
visit;ziyaret etmek;/ˈvɪz.ɪt/;vizit;I visit my family.;Ailemi ziyaret ederim.;4;1
stay;kalmak;/steɪ/;stey;I stay at home.;Evde kalırım.;4;1
leave;ayrılmak;/liːv/;liiv;I leave early.;Erken ayrılırım.;4;1
arrive;varmak;/əˈraɪv/;arayv;I arrive late.;Geç varırım.;4;1
bring;getirmek;/brɪŋ/;bring;I bring food.;Yemek getiririm.;1;1
carry;taşımak;/ˈker.i/;keri;I carry a bag.;Çanta taşırım.;1;1
wear;giymek;/wer/;ver;I wear shoes.;Ayakkabı giyerim.;1;1
try;denemek;/traɪ/;tray;I try again.;Tekrar denerim.;1;1
choose;seçmek;/tʃuːz/;çuuz;I choose this.;Bunu seçerim.;1;1
use;kullanmak;/juːz/;yuuz;I use my phone.;Telefonumu kullanırım.;6;1
find;bulmak;/faɪnd/;faynd;I find my key.;Anahtarımı bulurum.;1;1
lose;kaybetmek;/luːz/;luuz;I lose my bag.;Çantamı kaybederim.;1;1
aunt;hala / teyze;/ænt/;ent;My aunt is kind.;Halam/Teyzem nazik.;7;1
uncle;amca / dayı;/ˈʌŋ.kəl/;ankıl;My uncle is tall.;Amcam/Dayım uzun.;7;1
cousin;kuzen;/ˈkʌz.ən/;kazın;My cousin is here.;Kuzenim burada.;7;1
baby;bebek;/ˈbeɪ.bi/;beybii;The baby is sleeping.;Bebek uyuyor.;7;1
child;çocuk;/tʃaɪld/;çayld;The child is playing.;Çocuk oynuyor.;7;1
people;insanlar;/ˈpiː.pəl/;piipıl;People are happy.;İnsanlar mutlu.;7;1
man;adam;/mæn/;men;The man is strong.;Adam güçlü.;7;1
woman;kadın;/ˈwʊm.ən/;vumen;The woman is smiling.;Kadın gülümsüyor.;7;1
boy;erkek çocuk;/bɔɪ/;boy;The boy runs fast.;Erkek çocuk hızlı koşar.;7;1
girl;kız çocuk;/ɡɜːrl/;görl;The girl is happy.;Kız çocuk mutlu.;7;1
neighbor;komşu;/ˈneɪ.bər/;neybur;My neighbor is friendly.;Komşum arkadaş canlısı.;7;1
guest;misafir;/ɡest/;gest;The guest is here.;Misafir burada.;7;1
host;ev sahibi;/hoʊst/;houst;The host is kind.;Ev sahibi nazik.;7;1
team;takım;/tiːm/;tiim;Our team is strong.;Takımımız güçlü.;7;1
group;grup;/ɡruːp/;gruup;The group is large.;Grup büyük.;7;1
place;yer;/pleɪs/;pleys;This place is nice.;Bu yer güzel.;1;1
area;alan;/ˈer.i.ə/;eria;This area is quiet.;Bu alan sakin.;1;1
location;konum;/loʊˈkeɪ.ʃən/;loukeyşın;The location is good.;Konum iyi.;4;1
center;merkez;/ˈsen.tər/;sentır;The center is busy.;Merkez kalabalık.;1;1
corner;köşe;/ˈkɔːr.nər/;kornır;The shop is on the corner.;Mağaza köşede.;1;1
entrance;giriş;/ˈen.trəns/;entrıns;The entrance is open.;Giriş açık.;4;1
exit;çıkış;/ˈek.sɪt/;eksit;The exit is there.;Çıkış orada.;4;1
office;ofis;/ˈɑː.fɪs/;afis;I work in an office.;Bir ofiste çalışırım.;2;1
company;şirket;/ˈkʌm.pə.ni/;kampıni;The company is big.;Şirket büyük.;2;1
factory;fabrika;/ˈfæk.tər.i/;fektıri;The factory is new.;Fabrika yeni.;2;1
farm;çiftlik;/fɑːrm/;فارم (farm);The farm is large.;Çiftlik büyük.;1;1
garden;bahçe;/ˈɡɑːr.dən/;gardın;The garden is green.;Bahçe yeşil.;1;1
yard;avlu;/jɑːrd/;yard;The yard is clean.;Avlu temiz.;1;1
bridge;köprü;/brɪdʒ/;bric;The bridge is long.;Köprü uzun.;1;1
river;nehir;/ˈrɪv.ər/;rivır;The river is wide.;Nehir geniş.;1;1
lake;göl;/leɪk/;leyk;The lake is calm.;Göl sakin.;1;1
mountain;dağ;/ˈmaʊn.tən/;mauntın;The mountain is high.;Dağ yüksek.;1;1
hill;tepe;/hɪl/;hil;The hill is small.;Tepe küçük.;1;1
island;ada;/ˈaɪ.lənd/;aylınd;The island is beautiful.;Ada güzel.;1;1
forest;orman;/ˈfɔːr.ɪst/;ফরıst;The forest is dark.;Orman karanlık.;1;1
desert;çöl;/ˈdez.ərt/;dezırt;The desert is hot.;Çöl sıcak.;1;1
weather;hava durumu;/ˈweð.ər/;vedır;The weather is cold.;Hava soğuk.;1;1
temperature;sıcaklık;/ˈtem.prə.tʃər/;temprıçır;The temperature is high.;Sıcaklık yüksek.;5;1
season;mevsim;/ˈsiː.zən/;siizın;This season is nice.;Bu mevsim güzel.;1;1
spring;ilkbahar;/sprɪŋ/;spring;Spring is warm.;İlkbahar ılık.;1;1
summer;yaz;/ˈsʌm.ər/;samır;Summer is hot.;Yaz sıcak.;1;1
autumn;sonbahar;/ˈɔː.təm/;otım;Autumn is cool.;Sonbahar serin.;1;1
winter;kış;/ˈwɪn.tər/;vintır;Winter is cold.;Kış soğuk.;1;1
direction;yön;/dəˈrek.ʃən/;dırekşın;This direction is right.;Bu yön doğru.;4;1
left;sol;/left/;left;Turn left.;Sola dön.;4;1
right;sağ;/raɪt/;rayt;Turn right.;Sağa dön.;4;1
straight;düz;/streɪt/;streyt;Go straight.;Düz git.;4;1
north;kuzey;/nɔːrθ/;nort;The north is cold.;Kuzey soğuk.;4;1
south;güney;/saʊθ/;saut;The south is warm.;Güney ılık.;4;1
east;doğu;/iːst/;iist;The sun rises in the east.;Güneş doğudan doğar.;4;1
west;batı;/west/;vest;The sun sets in the west.;Güneş batıdan batar.;4;1
map;harita;/mæp/;mep;I look at the map.;Haritaya bakarım.;4;1
trip;gezi;/trɪp/;trip;I go on a trip.;Geziye giderim.;4;1
journey;yolculuk;/ˈdʒɜːr.ni/;cörni;The journey is long.;Yolculuk uzun.;4;1
luggage;valiz;/ˈlʌɡ.ɪdʒ/;lagıc;My luggage is heavy.;Valizim ağır.;4;1
hotel;otel;/hoʊˈtel/;hotel;The hotel is nice.;Otel güzel.;4;1
reservation;rezervasyon;/ˌrez.ərˈveɪ.ʃən/;rezerveyşın;I make a reservation.;Rezervasyon yaparım.;4;1
service;hizmet;/ˈsɜːr.vɪs/;سروıs (sörvis);The service is good.;Hizmet iyi.;2;1
menu;menü;/ˈmen.juː/;menyu;The menu is big.;Menü büyük.;4;1
order;sipariş;/ˈɔːr.dər/;ordır;I order food.;Yemek sipariş ederim.;4;1
bill;hesap;/bɪl/;bil;The bill is high.;Hesap yüksek.;4;1
tip;bahşiş;/tɪp/;tip;I leave a tip.;Bahşiş bırakırım.;4;1
customer;müşteri;/ˈkʌs.tə.mər/;kastımır;The customer is happy.;Müşteri mutlu.;2;1
seller;satıcı;/ˈsel.ər/;selır;The seller is friendly.;Satıcı arkadaş canlısı.;2;1
cashier;kasiyer;/kæˈʃɪr/;keşir;The cashier is fast.;Kasiyer hızlı.;2;1
change;para üstü;/tʃeɪndʒ/;çeync;I get my change.;Para üstümü alırım.;2;1
size;beden;/saɪz/;sayz;This size is small.;Bu beden küçük.;1;1
style;stil;/staɪl/;stayl;I like your style.;Stilini beğendim.;1;1
design;tasarım;/dɪˈzaɪn/;dizayn;The design is modern.;Tasarım modern.;6;1
favorite;favori;/ˈfeɪ.vər.ɪt/;feyvırıt;This is my favorite.;Bu benim favorim.;7;1
hobby;hobi;/ˈhɑː.bi/;hobi;Reading is my hobby.;Okumak hobim.;7;1
sport;spor;/spɔːrt/;sport;Sport is important.;Spor önemlidir.;7;1
football;futbol;/ˈfʊt.bɔːl/;futbol;I play football.;Futbol oynarım.;7;1
basketball;basketbol;/ˈbæs.kɪt.bɔːl/;basketbol;I play basketball.;Basketbol oynarım.;7;1
tennis;tenis;/ˈten.ɪs/;tenis;I play tennis.;Tenis oynarım.;7;1
run;koşmak;/rʌn/;ran;I run every day.;Her gün koşarım.;1;1
walk;yürümek;/wɔːk/;wok;I walk to school.;Okula yürürüm.;1;1
swim;yüzmek;/swɪm/;svim;I swim in the sea.;Denizde yüzerim.;1;1
jump;zıplamak;/dʒʌmp/;camp;I jump high.;Yükseğe zıplarım.;1;1
sit;oturmak;/sɪt/;sit;I sit here.;Burada otururum.;1;1
stand;ayakta durmak;/stænd/;stend;I stand up.;Ayağa kalkarım.;1;1
lie;uzanmak;/laɪ/;lay;I lie on the bed.;Yatağa uzanırım.;1;1
turn;dönmek;/tɜːrn/;törn;I turn left.;Sola dönerim.;1;1
stop;durmak;/stɑːp/;stap;I stop here.;Burada dururum.;1;1
wait;beklemek;/weɪt/;veyt;I wait for you.;Seni beklerim.;1;1
watch;izlemek;/wɑːtʃ/;vaç;I watch TV.;Televizyon izlerim.;1;1
show;göstermek;/ʃoʊ/;şou;I show my work.;Çalışmamı gösteririm.;1;1
build;inşa etmek;/bɪld/;bild;They build a house.;Bir ev inşa ederler.;6;1
fix;tamir etmek;/fɪks/;fiks;I fix the car.;Arabayı tamir ederim.;6;1
cut;kesmek;/kʌt/;kat;I cut the bread.;Ekmeği keserim.;1;1
wash;yıkamak;/wɑːʃ/;vaş;I wash my hands.;Ellerimi yıkarım.;1;1
cook;yemek pişirmek;/kʊk/;kuk;I cook food.;Yemek pişiririm.;1;1
drive;araba sürmek;/draɪv/;drayv;I drive a car.;Araba sürerim.;4;1
ride;binmek;/raɪd/;rayd;I ride a bike.;Bisiklete binerim.;4;1
fly;uçmak;/flaɪ/;flay;Birds fly.;Kuşlar uçar.;4;1
tall;uzun (boy);/tɔːl/;tol;He is very tall.;O çok uzun.;1;1
short;kısa;/ʃɔːrt/;şort;She is short.;O kısa.;1;1
thin;ince;/θɪn/;thin;He is thin.;O ince.;1;1
fat;şişman;/fæt/;fet;The cat is fat.;Kedi şişman.;1;1
young;genç;/jʌŋ/;yang;She is young.;O genç.;7;1
strong;güçlü;/strɔːŋ/;strong;He is strong.;O güçlü.;1;1
weak;zayıf;/wiːk/;wiik;I feel weak.;Kendimi zayıf hissediyorum.;1;1
rich;zengin;/rɪtʃ/;riç;He is rich.;O zengin.;2;1
poor;fakir;/pʊr/;pur;They are poor.;Onlar fakir.;2;1
busy;meşgul;/ˈbɪz.i/;bizi;I am busy.;Meşgulüm.;2;1
free;boş / müsait;/friː/;frii;I am free now.;Şimdi müsaitim.;1;1
ready;hazır;/ˈred.i/;redi;I am ready.;Hazırım.;1;1
tired;yorgun;/ˈtaɪ.ərd/;tayırd;I am tired.;Yorgunum.;5;1
sick;hasta;/sɪk/;sik;I am sick.;Hastayım.;5;1
healthy;sağlıklı;/ˈhel.θi/;helthi;I am healthy.;Sağlıklıyım.;5;1
hungry;aç;/ˈhʌŋ.ɡri/;hangri;I am hungry.;Açım.;5;1
thirsty;susamış;/ˈθɜːr.sti/;تھörsti;I am thirsty.;Susadım.;5;1
full (stomach);tok;/fʊl/;ful;I am full.;Tokum.;5;1
afraid;korkmuş;/əˈfreɪd/;afreyd;I am afraid.;Korkuyorum.;7;1
angry;kızgın;/ˈæŋ.ɡri/;engri;He is angry.;O kızgın.;7;1
excited;heyecanlı;/ɪkˈsaɪ.tɪd/;iksaytid;I am excited.;Heyecanlıyım.;7;1
bored;sıkılmış;/bɔːrd/;bord;I am bored.;Sıkıldım.;7;1
surprised;şaşırmış;/sərˈpraɪzd/;sırprayzd;I am surprised.;Şaşırdım.;7;1
careful;dikkatli;/ˈker.fəl/;kerfıl;Be careful.;Dikkatli ol.;1;1
dangerous;tehlikeli;/ˈdeɪn.dʒər.əs/;deyncırıs;This is dangerous.;Bu tehlikeli.;1;1
safe;güvenli;/seɪf/;seyf;This place is safe.;Burası güvenli.;1;1
easy;kolay;/ˈiː.zi/;iizi;This is easy.;Bu kolay.;1;1
difficult;zor;/ˈdɪf.ɪ.kəlt/;difikılt;This is difficult.;Bu zor.;1;1
correct;DOĞRU;/kəˈrekt/;kırekt;This is correct.;Bu doğru.;3;1
wrong;YANLIŞ;/rɔːŋ/;rong;This is wrong.;Bu yanlış.;3;1
same;aynı;/seɪm/;seym;We are the same.;Biz aynıyız.;1;1
different;farklı;/ˈdɪf.ər.ənt/;difrınt;We are different.;Biz farklıyız.;1;1
important;önemli;/ɪmˈpɔːr.tənt/;importrınt;This is important.;Bu önemli.;3;1
possible;mümkün;/ˈpɑː.sə.bəl/;pasıbıl;This is possible.;Bu mümkün.;1;1
impossible;imkansız;/ɪmˈpɑː.sə.bəl/;impasıbıl;This is impossible.;Bu imkansız.;1;1
necessary;gerekli;/ˈnes.ə.ser.i/;nesıseri;This is necessary.;Bu gerekli.;3;1
enough;yeterli;/ɪˈnʌf/;inaf;This is enough.;Bu yeterli.;1;1
all;hepsi;/ɔːl/;ol;I want all.;Hepsini istiyorum.;1;1
some;bazı;/sʌm/;sam;I have some money.;Biraz param var.;1;1
any;herhangi;/ˈen.i/;eni;Do you have any questions?;Herhangi bir sorunuz var mı?;1;1
many;çok;/ˈmen.i/;meni;I have many books.;Çok kitabım var.;1;1
few;az;/fjuː/;fyu;I have few friends.;Az arkadaşım var.;1;1
several;birkaç;/ˈsev.rəl/;sevral;I have several ideas.;Birkaç fikrim var.;1;1
each;her biri;/iːtʃ/;iiç;Each student works.;Her öğrenci çalışır.;1;1
other;diğer;/ˈʌð.ər/;adır;The other car is red.;Diğer araba kırmızı.;1;1
another;başka bir;/əˈnʌð.ər/;anadır;I want another one.;Bir tane daha istiyorum.;1;1
first;ilk;/fɜːrst/;först;This is my first day.;Bu benim ilk günüm.;1;1
last;son;/læst/;lest;This is the last one.;Bu sonuncu.;1;1
next;sonraki;/nekst/;nekst;See you next week.;Gelecek hafta görüşürüz.;1;1
previous;önceki;/ˈpriː.vi.əs/;priiviyıs;The previous lesson was easy.;Önceki ders kolaydı.;1;1
often;sık sık;/ˈɔː.fən/;ofın;I often read.;Sık sık okurum.;1;1
rarely;nadiren;/ˈrer.li/;rerli;I rarely go out.;Nadiren dışarı çıkarım.;1;1
soon;yakında;/suːn/;suun;See you soon.;Yakında görüşürüz.;1;1
now;şimdi;/naʊ/;nau;I am here now.;Şimdi buradayım.;1;1
then;o zaman;/ðen/;den;I was there then.;O zaman oradaydım.;1;1
before;önce;/bɪˈfɔːr/;bifor;I was here before.;Daha önce buradaydım.;1;1
after;sonra;/ˈæf.tər/;eftır;I go after you.;Senden sonra giderim.;1;1
during;sırasında;/ˈdʊr.ɪŋ/;düring;I sleep during the day.;Gün boyunca uyurum.;1;1
while;iken;/waɪl/;vayl;I listen while I work.;Çalışırken dinlerim.;1;1
because;çünkü;/bɪˈkɔːz/;bikoz;I stay because I am tired.;Yorgun olduğum için kalırım.;1;1
so;bu yüzden;/soʊ/;sou;I am tired, so I sleep.;Yorgunum, bu yüzden uyurum.;1;1
but;ama;/bʌt/;bat;I am tired but happy.;Yorgunum ama mutluyum.;1;1
although;rağmen;/ɔːlˈðoʊ/;oldou;Although it is cold, I go out.;Soğuk olmasına rağmen dışarı çıkarım.;1;1
if;eğer;/ɪf/;if;If you come, I stay.;Eğer gelirsen kalırım.;1;1
when;ne zaman;/wen/;ven;When I come, I call you.;Geldiğimde seni ararım.;1;1
where;nerede;/wer/;ver;Where are you?;Neredesin?;1;1
why;neden;/waɪ/;vay;Why are you here?;Neden buradasın?;1;1
how;nasıl;/haʊ/;hau;How are you?;Nasılsın?;1;1
which;hangisi;/wɪtʃ/;viç;Which one is yours?;Hangisi senin?;1;1
whose;kimin;/huːz/;huuz;Whose book is this?;Bu kimin kitabı?;1;1
whom;kimi;/huːm/;huum;Whom do you see?;Kimi görüyorsun?;1;1
about;hakkında;/əˈbaʊt/;abaut;We talk about you.;Senin hakkında konuşuruz.;1;1
above;üstünde;/əˈbʌv/;abav;The lamp is above.;Lamba yukarıda.;1;1
below;altında;/bɪˈloʊ/;bilou;The cat is below.;Kedi aşağıda.;1;1
between;arasında;/bɪˈtwiːn/;bitwiin;The ball is between the chairs.;Top sandalyelerin arasında.;1;1
behind;arkasında;/bɪˈhaɪnd/;bihaynd;The car is behind the house.;Araba evin arkasında.;1;1
in front of;önünde;/ɪn frʌnt əv/;in front ov;The dog is in front of me.;Köpek önümde.;1;1
near;yakınında;/nɪr/;nir;The school is near.;Okul yakın.;1;1
far;uzak;/fɑːr/;far;The city is far.;Şehir uzak.;1;1
inside;içinde;/ɪnˈsaɪd/;insayd;The cat is inside.;Kedi içeride.;1;1
outside;dışında;/ˌaʊtˈsaɪd/;autsayd;The dog is outside.;Köpek dışarıda.;1;1
around;etrafında;/əˈraʊnd/;araund;We walk around the park.;Parkın etrafında yürürüz.;1;1
through;içinden;/θruː/;thruu;We walk through the forest.;Ormanın içinden yürürüz.;1;1
across;karşısına;/əˈkrɔːs/;akros;We walk across the road.;Yolun karşısına geçeriz.;1;1
along;boyunca;/əˈlɔːŋ/;along;We walk along the river.;Nehir boyunca yürürüz.;1;1
up;yukarı;/ʌp/;ap;Go up.;Yukarı çık.;1;1
down;aşağı;/daʊn/;daun;Sit down.;Aşağı otur.;1;1
off;kapalı;/ɔːf/;of;Turn off the light.;Işığı kapat.;1;1
onto;üzerine;/ˈɒn.tuː/;ontu;Put it onto the table.;Onu masanın üzerine koy.;1;1
into;içine;/ˈɪn.tuː/;intu;Go into the room.;Odaya gir.;1;1
out of;dışına;/aʊt əv/;aut ov;Get out of the car.;Arabadan çık.;1;1
over;üzerinden;/ˈoʊ.vər/;ouvır;The bird flies over.;Kuş üzerinden uçar.;1;1
past;yanından;/pæst/;pest;Walk past the shop.;Mağazanın yanından geç.;1;1
alphabet;alfabe;/ˈæl.fə.bet/;elfıbet;The alphabet is easy.;Alfabe kolay.;3;1
letter;harf;/ˈlet̬.ər/;letır;This is a letter.;Bu bir harf.;3;1
word;kelime;/wɜːrd/;ورد (vörd);This word is new.;Bu kelime yeni.;3;1
sentence;cümle;/ˈsen.təns/;sentıns;This sentence is short.;Bu cümle kısa.;3;1
language;dil;/ˈlæŋ.ɡwɪdʒ/;lengviç;English is a language.;İngilizce bir dildir.;3;1
English;İngilizce;/ˈɪŋ.ɡlɪʃ/;ingliş;I learn English.;İngilizce öğreniyorum.;3;1
Turkish;Türkçe;/ˈtɜːr.kɪʃ/;törkiş;I speak Turkish.;Türkçe konuşuyorum.;3;1
question mark;soru işareti;/ˈkwes.tʃən mɑːrk/;kuesçın mark;Use a question mark.;Soru işareti kullan.;3;1
comma;virgül;/ˈkɑː.mə/;kama;Put a comma here.;Buraya virgül koy.;3;1
dot;nokta;/dɑːt/;dat;Add a dot.;Nokta ekle.;3;1
capital letter;büyük harf;/ˈkæp.ɪ.təl ˈlet̬.ər/;kepıtıl letır;Use a capital letter.;Büyük harf kullan.;3;1
small letter;küçük harf;/smɔːl ˈlet̬.ər/;smol letır;This is a small letter.;Bu küçük harf.;3;1
spell;hecelemek;/spel/;spel;Spell your name.;Adını hecele.;3;1
repeat;tekrar etmek;/rɪˈpiːt/;ripiit;Repeat after me.;Benden sonra tekrar et.;3;1
practice;pratik yapmak;/ˈpræk.tɪs/;prektis;I practice every day.;Her gün pratik yaparım.;3;1
dictionary;sözlük;/ˈdɪk.ʃə.ner.i/;dikşineri;I use a dictionary.;Sözlük kullanırım.;3;1
translate;çevirmek;/trænsˈleɪt/;trensleyt;I translate words.;Kelimeleri çeviririm.;3;1
meaning;anlam;/ˈmiː.nɪŋ/;miinin;What is the meaning?;Anlamı nedir?;3;1
sound;ses;/saʊnd/;saund;The sound is loud.;Ses yüksek.;6;1
voice;ses (insan sesi);/vɔɪs/;voys;Her voice is soft.;Onun sesi yumuşak.;5;1
talk;konuşmak;/tɔːk/;tok;We talk a lot.;Çok konuşuruz.;7;1
chat;sohbet etmek;/tʃæt/;çet;We chat online.;Online sohbet ederiz.;7;1
message;mesaj;/ˈmes.ɪdʒ/;mesıc;I send a message.;Mesaj gönderirim.;6;1
email;e-posta;/ˈiː.meɪl/;iimel;I write an email.;E-posta yazarım.;6;1
password;şifre;/ˈpæs.wɜːrd/;pesvörd;My password is safe.;Şifrem güvenli.;6;1
username;kullanıcı adı;/ˈjuː.zər.neɪm/;yuzırneym;My username is short.;Kullanıcı adım kısa.;6;1
login;giriş yapmak;/ˈlɔːɡ.ɪn/;login;I login now.;Şimdi giriş yaparım.;6;1
logout;çıkış yapmak;/ˈlɔːɡ.aʊt/;logaut;I logout later.;Sonra çıkış yaparım.;6;1
click;tıklamak;/klɪk/;klik;Click the button.;Düğmeye tıkla.;6;1
open (computer);açmak;/ˈoʊ.pən/;opın;I open the file.;Dosyayı açarım.;6;1
close (computer);kapatmak;/kloʊz/;kloz;I close the app.;Uygulamayı kapatırım.;6;1
download;indirmek;/ˈdaʊn.loʊd/;daunlod;I download a file.;Dosya indiririm.;6;1
upload;yüklemek;/ˈʌp.loʊd/;aplod;I upload a photo.;Fotoğraf yüklerim.;6;1
file;dosya;/faɪl/;fayl;This file is big.;Bu dosya büyük.;6;1
folder;klasör;/ˈfoʊl.dər/;foldır;The folder is empty.;Klasör boş.;6;1
save;kaydetmek;/seɪv/;seyv;I save my work.;Çalışmamı kaydederim.;6;1
delete;silmek;/dɪˈliːt/;dıliit;I delete the file.;Dosyayı silerim.;6;1
copy;kopyalamak;/ˈkɑː.pi/;kapi;I copy the text.;Metni kopyalarım.;6;1
paste;yapıştırmak;/peɪst/;peyst;I paste the text.;Metni yapıştırırım.;6;1
print;yazdırmak;/prɪnt/;print;I print the page.;Sayfayı yazdırırım.;6;1
scan;taramak;/skæn/;sken;I scan the paper.;Kağıdı tararım.;6;1
camera;kamera;/ˈkæm.rə/;kemra;The camera is new.;Kamera yeni.;6;1
video;video;/ˈvɪd.i.oʊ/;vidio;I watch a video.;Video izlerim.;6;1
record;kaydetmek;/rɪˈkɔːrd/;rikord;I record a video.;Video kaydederim.;6;1
play (media);oynatmak;/pleɪ/;pley;I play the video.;Videoyu oynatırım.;6;1
pause;duraklatmak;/pɔːz/;poz;I pause the video.;Videoyu duraklatırım.;6;1
stop (media);durdurmak;/stɑːp/;stap;I stop the video.;Videoyu durdururum.;6;1
volume;ses seviyesi;/ˈvɑːl.juːm/;valyum;Turn up the volume.;Ses seviyesini artır.;6;1
battery;pil;/ˈbæt̬.ər.i/;batıri;The battery is low.;Pil düşük.;6;1
charger;şarj aleti;/ˈtʃɑːr.dʒər/;çarcır;I use a charger.;Şarj aleti kullanırım.;6;1
cable;kablo;/ˈkeɪ.bəl/;keybıl;The cable is long.;Kablo uzun.;6;1
button;düğme;/ˈbʌt̬.ən/;batın;Press the button.;Düğmeye bas.;6;1
screen touch;dokunmatik ekran;/skriːn tʌtʃ/;skriin taç;The screen touch is fast.;Dokunmatik ekran hızlı.;6;1
app;uygulama;/æp/;ep;I open an app.;Bir uygulama açarım.;6;1
website;web sitesi;/ˈweb.saɪt/;vebsayt;This website is good.;Bu web sitesi iyi.;6;1
link;bağlantı;/lɪŋk/;link;Click the link.;Bağlantıya tıkla.;6;1
page;sayfa;/peɪdʒ/;peyc;This page is long.;Bu sayfa uzun.;6;1
search;aramak;/sɜːrtʃ/;sörç;I search online.;Online arama yaparım.;6;1
result;sonuç;/rɪˈzʌlt/;rizalt;The result is correct.;Sonuç doğru.;3;1
information;bilgi;/ˌɪn.fərˈmeɪ.ʃən/;informeyşın;I need information.;Bilgiye ihtiyacım var.;3;1
news;haber;/nuːz/;nuuz;I read the news.;Haberleri okurum.;1;1
story;hikaye;/ˈstɔːr.i/;stori;This story is nice.;Bu hikaye güzel.;1;1
history;tarih;/ˈhɪs.tər.i/;histıri;I like history.;Tarihi severim.;3;1
world;dünya;/wɜːrld/;vorld;The world is big.;Dünya büyük.;1;1
earth;dünya (gezegen);/ɜːrθ/;ört;The earth is round.;Dünya yuvarlak.;6;1
space;uzay;/speɪs/;speys;Space is dark.;Uzay karanlık.;6;1
star;yıldız;/stɑːr/;star;The star is bright.;Yıldız parlak.;6;1
moon;ay;/muːn/;muun;The moon is full.;Ay dolu.;6;1
planet;gezegen;/ˈplæn.ɪt/;plenit;Earth is a planet.;Dünya bir gezegendir.;6;1
energy;enerji;/ˈen.ər.dʒi/;enırcı;I have energy.;Enerjim var.;6;1
power;güç;/ˈpaʊ.ər/;pauır;Power is important.;Güç önemlidir.;6;1
fire;ateş;/ˈfaɪ.ər/;fayır;The fire is hot.;Ateş sıcak.;1;1
air;hava;/er/;er;The air is clean.;Hava temiz.;1;1
ground;toprak;/ɡraʊnd/;graund;The ground is wet.;Toprak ıslak.;1;1
stone;taş;/stoʊn/;stoun;The stone is hard.;Taş sert.;1;1
metal;metal;/ˈmet̬.əl/;metıl;The metal is strong.;Metal güçlü.;6;1
wood;ahşap;/wʊd/;vud;The table is wood.;Masa ahşap.;1;1
plastic;plastik;/ˈplæs.tɪk/;plestik;The bottle is plastic.;Şişe plastik.;6;1
paper;kağıt;/ˈpeɪ.pər/;peypır;I write on paper.;Kağıda yazarım.;1;1
box;kutu;/bɑːks/;baks;The box is big.;Kutu büyük.;1;1
gift;hediye;/ɡɪft/;gift;I get a gift.;Hediye alırım.;7;1
party;parti;/ˈpɑːr.ti/;parti;The party is fun.;Parti eğlenceli.;7;1
birthday;doğum günü;/ˈbɜːrθ.deɪ/;börthdey;Today is my birthday.;Bugün doğum günüm.;7;1
wedding;düğün;/ˈwed.ɪŋ/;vedding;The wedding is big.;Düğün büyük.;7;1
celebration;kutlama;/ˌsel.əˈbreɪ.ʃən/;selebreyşın;The celebration is nice.;Kutlama güzel.;7;1
invitation;davetiye;/ˌɪn.vɪˈteɪ.ʃən/;inviteyşın;I get an invitation.;Davetiye alırım.;7;1
surprise;sürpriz;/sərˈpraɪz/;sırprayz;This is a surprise.;Bu bir sürpriz.;7;1
laugh;gülmek;/læf/;lef;I laugh a lot.;Çok gülerim.;7;1
smile;gülümsemek;/smaɪl/;smayl;She smiles.;O gülümser.;7;1
cry;ağlamak;/kraɪ/;kray;The baby cries.;Bebek ağlar.;7;1
shout;bağırmak;/ʃaʊt/;şaut;He shouts loudly.;O yüksek sesle bağırır.;7;1
whisper;fısıldamak;/ˈwɪs.pər/;vispır;She whispers.;O fısıldar.;7;1
think;düşünmek;/θɪŋk/;think;I think a lot.;Çok düşünürüm.;3;1
remember;hatırlamak;/rɪˈmem.bər/;rimembır;I remember you.;Seni hatırlıyorum.;3;1
forget;unutmak;/fərˈɡet/;fırget;I forget things.;Şeyleri unuturum.;3;1
beach towel;plaj havlusu;/biːtʃ ˈtaʊ.əl/;biiç tauıl;I take a beach towel.;Plaj havlusu alırım.;4;1
sunglasses;güneş gözlüğü;/ˈsʌnˌɡlæs.ɪz/;sanglesız;I wear sunglasses.;Güneş gözlüğü takarım.;4;1
wallet;cüzdan;/ˈwɑː.lɪt/;valıt;My wallet is full.;Cüzdanım dolu.;2;1
coin;madeni para;/kɔɪn/;koyn;I have a coin.;Bir madeni param var.;2;1
cash;nakit;/kæʃ/;keş;I pay with cash.;Nakit öderim.;2;1
receipt;fiş;/rɪˈsiːt/;risiit;I keep the receipt.;Fişi saklarım.;2;1
discount;indirim;/ˈdɪs.kaʊnt/;diskount;There is a discount.;İndirim var.;2;1
sale;satış;/seɪl/;seyl;The sale is big.;Satış büyük.;2;1
shop assistant;satış görevlisi;/ʃɑːp əˈsɪs.tənt/;şap asistant;The shop assistant helps me.;Satış görevlisi bana yardım eder.;2;1
queue;sıra;/kjuː/;kyu;I wait in the queue.;Sırada beklerim.;1;1
line;sıra;/laɪn/;layn;The line is long.;Sıra uzun.;1;1
shelf;raf;/ʃelf/;şelf;The milk is on the shelf.;Süt rafta.;2;1
basket;sepet;/ˈbæs.kɪt/;basket;I carry a basket.;Sepet taşırım.;2;1
trolley;alışveriş arabası;/ˈtrɑː.li/;trolly;I push the trolley.;Alışveriş arabasını iterim.;2;1
supermarket;süpermarket;/ˈsuː.pərˌmɑːr.kɪt/;suupırmarket;I go to the supermarket.;Süpermarkete giderim.;2;1
bakery;fırın;/ˈbeɪ.kər.i/;beykıri;I buy bread at the bakery.;Fırından ekmek alırım.;2;1
butcher;kasap;/ˈbʊtʃ.ər/;buçır;I go to the butcher.;Kasaba giderim.;2;1
pharmacy;eczane;/ˈfɑːr.mə.si/;فارمısi;I go to the pharmacy.;Eczaneye giderim.;5;1
medicine;ilaç;/ˈmed.ɪ.sən/;medisın;I take medicine.;İlaç alırım.;5;1
pill;hap;/pɪl/;pil;I take a pill.;Hap alırım.;5;1
pain;ağrı;/peɪn/;peyn;I feel pain.;Ağrı hissederim.;5;1
fever;ateş;/ˈfiː.vər/;fiivır;I have a fever.;Ateşim var.;5;1
cold (illness);soğuk algınlığı;/koʊld/;kold;I have a cold.;Soğuk algınlığım var.;5;1
cough;öksürük;/kɔːf/;kof;I have a cough.;Öksürüğüm var.;5;1
appointment;randevu;/əˈpɔɪnt.mənt/;apointmınt;I have an appointment.;Randevum var.;5;1
emergency;acil durum;/ɪˈmɜːr.dʒən.si/;imörcınsi;This is an emergency.;Bu acil bir durum.;5;1
ambulance;ambulans;/ˈæm.bjə.ləns/;embülens;The ambulance arrives.;Ambulans gelir.;5;1
blood pressure;tansiyon;/blʌd ˈpreʃ.ər/;blad preşır;My blood pressure is high.;Tansiyonum yüksek.;5;1
health;sağlık;/helθ/;हेल्थ (helth);Health is important.;Sağlık önemlidir.;5;1
exercise;egzersiz;/ˈek.sər.saɪz/;eksırsayz;I do exercise.;Egzersiz yaparım.;5;1
gym;spor salonu;/dʒɪm/;cim;I go to the gym.;Spor salonuna giderim.;5;1
diet;diyet;/ˈdaɪ.ət/;dayıt;I follow a diet.;Diyet yaparım.;5;1
weight;kilo;/weɪt/;veyt;My weight is normal.;Kilom normal.;5;1
height;boy;/haɪt/;hayt;My height is tall.;Boyum uzun.;5;1
match;maç;/mætʃ/;meç;I watch a match.;Maç izlerim.;7;1
score;skor;/skɔːr/;skor;The score is 2-1.;Skor 2-1.;7;1
win;kazanmak;/wɪn/;vin;We win the game.;Oyunu kazanırız.;7;1
lose (game);kaybetmek;/luːz/;luuz;We lose the match.;Maçı kaybederiz.;7;1
draw;beraberlik;/drɔː/;dro;The match is a draw.;Maç berabere.;7;1
player;oyuncu;/ˈpleɪ.ər/;pleyır;The player runs.;Oyuncu koşar.;7;1
coach;antrenör;/koʊtʃ/;koç;The coach helps us.;Antrenör bize yardım eder.;7;1
referee;hakem;/ˌref.əˈriː/;refırii;The referee blows the whistle.;Hakem düdük çalar.;7;1
fan;taraftar;/fæn/;fen;The fans are happy.;Taraftarlar mutlu.;7;1
stadium;stadyum;/ˈsteɪ.di.əm/;steydiyım;The stadium is full.;Stadyum dolu.;7;1
uniform;forma;/ˈjuː.nɪ.fɔːrm/;yuniform;I wear a uniform.;Forma giyerim.;7;1
equipment;ekipman;/ɪˈkwɪp.mənt/;ikvipmınt;The equipment is new.;Ekipman yeni.;6;1
rule;kural;/ruːl/;ruul;Follow the rule.;Kurala uy.;3;1
whistle;düdük;/ˈwɪs.əl/;visıl;I hear a whistle.;Düdük sesi duyarım.;1;1
signal;sinyal;/ˈsɪɡ.nəl/;signıl;I see the signal.;Sinyali görürüm.;6;1
traffic;trafik;/ˈtræf.ɪk/;trefik;The traffic is heavy.;Trafik yoğun.;4;1
traffic light;trafik ışığı;/ˈtræf.ɪk laɪt/;trefik layt;The traffic light is red.;Trafik ışığı kırmızı.;4;1
crosswalk;yaya geçidi;/ˈkrɔːs.wɔːk/;krosvok;I use the crosswalk.;Yaya geçidini kullanırım.;4;1
driver;sürücü;/ˈdraɪ.vər/;drayvır;The driver is careful.;Sürücü dikkatli.;4;1
passenger;yolcu;/ˈpæs.ən.dʒər/;pesıncır;The passenger sits.;Yolcu oturur.;4;1
license;ehliyet;/ˈlaɪ.səns/;laysıns;I have a license.;Ehliyetim var.;4;1
speed;hız;/spiːd/;spiid;The speed is high.;Hız yüksek.;4;1
accident;kaza;/ˈæk.sɪ.dənt/;eksidınt;There is an accident.;Kaza var.;4;1
repair;onarım;/rɪˈper/;riper;I repair the car.;Arabayı onarırım.;6;1
fuel;yakıt;/ˈfjuː.əl/;fyuıl;The car needs fuel.;Arabanın yakıta ihtiyacı var.;4;1
station;istasyon;/ˈsteɪ.ʃən/;steyşın;I go to the station.;İstasyona giderim.;4;1
stop sign;dur işareti;/stɑːp saɪn/;stap sayn;I stop at the stop sign.;Dur işaretinde dururum.;4;1
rent;kiralamak;/rent/;rent;I rent a house.;Ev kiralarım.;2;1
borrow;ödünç almak;/ˈbɑːr.oʊ/;barou;I borrow money.;Borç alırım.;2;1
lend;ödünç vermek;/lend/;lend;I lend money.;Borç veririm.;2;1
return;iade etmek;/rɪˈtɜːrn/;ritörn;I return the book.;Kitabı iade ederim.;2;1
cost;maliyet;/kɔːst/;kost;The cost is high.;Maliyet yüksek.;2;1
spend;harcamak;/spend/;spend;I spend money.;Para harcarım.;2;1
earn;kazanmak (para);/ɜːrn/;örn;I earn money.;Para kazanırım.;2;1
save (money);biriktirmek;/seɪv/;seyv;I save money.;Para biriktiririm.;2;1
bank;banka;/bæŋk/;benk;I go to the bank.;Bankaya giderim.;2;1
account;hesap;/əˈkaʊnt/;akaunt;I have an account.;Bir hesabım var.;2;1
card;kart;/kɑːrd/;kaard;I use a card.;Kart kullanırım.;2;1
credit;kredi;/ˈkred.ɪt/;kredit;I use credit.;Kredi kullanırım.;2;1
debit;banka kartı;/ˈdeb.ɪt/;debit;I use a debit card.;Banka kartı kullanırım.;2;1
bill (electric);fatura;/bɪl/;bil;I pay the bill.;Faturayı öderim.;2;1
electricity;elektrik;/ɪˌlekˈtrɪs.ə.ti/;ilektrisıti;The electricity is off.;Elektrik kesik.;6;1
gas;gaz;/ɡæs/;ges;The gas is on.;Gaz açık.;6;1
internet connection;internet bağlantısı;/ˈɪn.tər.net kəˈnek.ʃən/;intırnet konekşın;My internet connection is slow.;İnternet bağlantım yavaş.;6;1
signal strength;sinyal gücü;/ˈsɪɡ.nəl streŋθ/;signıl strength;The signal strength is weak.;Sinyal gücü zayıf.;6;1
noise;gürültü;/nɔɪz/;noyz;The noise is loud.;Gürültü yüksek.;1;1
silence;sessizlik;/ˈsaɪ.ləns/;saylıns;I like silence.;Sessizliği severim.;1;1
smell;koku;/smel/;smel;The smell is bad.;Koku kötü.;5;1
taste;tat;/teɪst/;teyst;The taste is good.;Tadı güzel.;5;1
touch;dokunma;/tʌtʃ/;taç;I touch the screen.;Ekrana dokunurum.;5;1
feeling;his;/ˈfiː.lɪŋ/;fiilin;I have a good feeling.;İyi bir his var.;7;1
dream;rüya;/driːm/;driim;I have a dream.;Bir hayalim var.;7;1
plan;plan;/plæn/;plen;I make a plan.;Plan yaparım.;3;1
goal;hedef;/ɡoʊl/;goul;My goal is big.;Hedefim büyük.;3;1
success;başarı;/səkˈses/;sakses;Success is important.;Başarı önemlidir.;3;1
fail;başarısız olmak;/feɪl/;feyl;I fail the test.;Sınavdan kalırım.;3;1
try again;tekrar denemek;/traɪ əˈɡen/;tray agen;I try again.;Tekrar denerim.;7;1
improve;geliştirmek;/ɪmˈpruːv/;impruuv;I improve my English.;İngilizcemi geliştiririm.;3;1
change (verb);değiştirmek;/tʃeɪndʒ/;çeync;I change my plan.;Planımı değiştiririm.;1;1
grow;büyümek;/ɡroʊ/;grou;I grow every day.;Her gün gelişirim.;1;1
develop;gelişmek;/dɪˈvel.əp/;divelop;I develop my skills.;Yeteneklerimi geliştiririm.;3;1
village;köy;/ˈvɪl.ɪdʒ/;vilıc;This village is small.;Bu köy küçük.;1;1
capital (city);başkent;/ˈkæp.ɪ.təl/;kepıtıl;Ankara is the capital.;Ankara başkenttir.;1;1
population;nüfus;/ˌpɑː.pjəˈleɪ.ʃən/;papyuleyşın;The population is large.;Nüfus büyük.;3;1
building;bina;/ˈbɪl.dɪŋ/;bilding;This building is tall.;Bu bina uzun.;1;1
elevator;asansör;/ˈel.ə.veɪ.tər/;elevetır;I take the elevator.;Asansöre binerim.;1;1
stairs;merdiven;/sterz/;sterz;I use the stairs.;Merdivenleri kullanırım.;1;1
balcony;balkon;/ˈbæl.kə.ni/;belkını;The balcony is big.;Balkon büyük.;1;1
neighbor house;komşu evi;/ˈneɪ.bər haʊs/;neybur haus;The neighbor house is near.;Komşu evi yakın.;1;1
rent (noun);kira;/rent/;rent;The rent is high.;Kira yüksek.;2;1
owner;sahip;/ˈoʊ.nər/;ounır;The owner is here.;Sahip burada.;2;1
tenant;kiracı;/ˈten.ənt/;tenınt;The tenant pays rent.;Kiracı kira öder.;2;1
address;adres;/əˈdres/;adres;My address is here.;Adresim burada.;1;1
postcode;posta kodu;/ˈpoʊst.koʊd/;poustkoud;The postcode is correct.;Posta kodu doğru.;1;1
contact;iletişim;/ˈkɑːn.tækt/;kantakt;I save the contact.;İletişimi kaydederim.;2;1
phone number;telefon numarası;/foʊn ˈnʌm.bər/;foun nambır;My phone number is new.;Telefon numaram yeni.;2;1
email address;e-posta adresi;/ˈiː.meɪl əˈdres/;iimel adres;I write my email address.;E-posta adresimi yazarım.;6;1
website address;web adresi;/ˈweb.saɪt əˈdres/;vebsayt adres;This website address is long.;Bu web adresi uzun.;6;1
ID card;kimlik kartı;/ˌaɪˈdiː kɑːrd/;aydi kaard;I show my ID card.;Kimlik kartımı gösteririm.;1;1
passport;pasaport;/ˈpæs.pɔːrt/;pesport;I carry my passport.;Pasaportumu taşırım.;4;1
ticket office;gişe;/ˈtɪk.ɪt ˈɑː.fɪs/;tikit afis;I go to the ticket office.;Gişeye giderim.;4;1
timetable;zaman çizelgesi;/ˈtaɪmˌteɪ.bəl/;taymteybıl;I check the timetable.;Zaman çizelgesine bakarım.;4;1
delay;gecikme;/dɪˈleɪ/;diley;There is a delay.;Gecikme var.;4;1
platform;peron;/ˈplæt.fɔːrm/;pletform;The train is on platform 2.;Tren 2. peronda.;4;1
seat;koltuk;/siːt/;siit;My seat is near.;Koltuğum yakın.;4;1
reservation number;rezervasyon numarası;/ˌrez.ərˈveɪ.ʃən ˈnʌm.bər/;rezerveyşın nambır;I show my reservation number.;Rezervasyon numaramı gösteririm.;4;1
luggage tag;bagaj etiketi;/ˈlʌɡ.ɪdʒ tæɡ/;lagıc teg;The luggage tag is on the bag.;Bagaj etiketi çantada.;4;1
guide;rehber;/ɡaɪd/;gayd;The guide helps us.;Rehber bize yardım eder.;4;1
tour;tur;/tʊr/;tur;I join a tour.;Tura katılırım.;4;1
tourist;turist;/ˈtʊr.ɪst/;turist;The tourist takes photos.;Turist fotoğraf çeker.;4;1
souvenir;hatıra;/ˌsuː.vəˈnɪr/;suvınir;I buy a souvenir.;Hatıra alırım.;4;1
map app;harita uygulaması;/mæp æp/;mep ep;I use a map app.;Harita uygulaması kullanırım.;6;1
direction sign;yön tabelası;/dəˈrek.ʃən saɪn/;direkşın sayn;I see a direction sign.;Yön tabelası görürüm.;4;1
public transport;toplu taşıma;/ˈpʌb.lɪk ˈtræn.spɔːrt/;pablik transport;I use public transport.;Toplu taşıma kullanırım.;4;1
subway;metro;/ˈsʌb.weɪ/;sabvey;I take the subway.;Metroya binerim.;4;1
tram;tramvay;/træm/;trem;I take the tram.;Tramvaya binerim.;4;1
ferry;feribot;/ˈfer.i/;feri;I take the ferry.;Feribota binerim.;4;1
taxi;taksi;/ˈtæk.si/;teksi;I call a taxi.;Taksi çağırırım.;4;1
ride share;araç paylaşımı;/raɪd ʃer/;rayd şer;I use ride share.;Araç paylaşımı kullanırım.;4;1
fare;ücret;/fer/;fer;The fare is cheap.;Ücret ucuz.;4;1
stop (bus stop);durak;/stɑːp/;stap;I wait at the stop.;Durakta beklerim.;4;1
distance;mesafe;/ˈdɪs.təns/;distıns;The distance is short.;Mesafe kısa.;3;1
kilometer;kilometre;/kɪˈlɑː.mə.tər/;kilamıtır;It is 5 kilometers.;5 kilometre.;3;1
meter;metre;/ˈmiː.tər/;miitır;It is 10 meters.;10 metre.;3;1
weight (measure);ağırlık;/weɪt/;veyt;The weight is heavy.;Ağırlık fazla.;3;1
liter;litre;/ˈliː.tər/;liitır;I drink one liter.;Bir litre içerim.;3;1
gram;gram;/ɡræm/;grem;It is 100 grams.;100 gram.;3;1
temperature degree;derece;/ˈtem.prə.tʃər dɪˈɡriː/;temprıçır digrii;The temperature is 20 degrees.;Sıcaklık 20 derece.;5;1
weather forecast;hava tahmini;/ˈweð.ər ˈfɔːr.kæst/;vedır forcast;I check the weather forecast.;Hava tahminine bakarım.;1;1
storm;fırtına;/stɔːrm/;storm;The storm is strong.;Fırtına güçlü.;1;1
lightning;şimşek;/ˈlaɪt.nɪŋ/;laytnin;I see lightning.;Şimşek görürüm.;1;1
thunder;gök gürültüsü;/ˈθʌn.dər/;تھandır;I hear thunder.;Gök gürültüsü duyarım.;1;1
fog;sis;/fɑːɡ/;fag;The fog is thick.;Sis yoğun.;1;1
ice;buz;/aɪs/;ays;The road is icy.;Yol buzlu.;1;1
shade;gölge;/ʃeɪd/;şeyd;I sit in the shade.;Gölgede otururum.;1;1
sunlight;güneş ışığı;/ˈsʌn.laɪt/;sanlayt;The sunlight is bright.;Güneş ışığı parlak.;1;1
sunset;gün batımı;/ˈsʌn.set/;sanset;I watch the sunset.;Gün batımını izlerim.;1;1
sunrise;gün doğumu;/ˈsʌn.raɪz/;sanrayz;I wake up at sunrise.;Gün doğumunda uyanırım.;1;1
calendar;takvim;/ˈkæl.ən.dər/;kelındır;I check the calendar.;Takvime bakarım.;1;1
date;tarih;/deɪt/;deyt;What is the date?;Tarih nedir?;1;1
schedule;program;/ˈskedʒ.uːl/;skedcul;My schedule is full.;Programım dolu.;3;1
meeting;toplantı;/ˈmiː.tɪŋ/;miitin;I have a meeting.;Toplantım var.;2;1
note;not;/noʊt/;nout;I take a note.;Not alırım.;3;1
notebook;defter;/ˈnoʊt.bʊk/;noutbuk;My notebook is full.;Defterim dolu.;3;1
homework;ödev;/ˈhoʊm.wɜːrk/;houmvörk;I do my homework.;Ödevimi yaparım.;3;1
project;proje;/ˈprɑː.dʒekt/;prajekt;This project is big.;Bu proje büyük.;3;1
subject;ders (konu);/ˈsʌb.dʒekt/;sabjekt;Math is my subject.;Matematik dersim.;3;1
exam;sınav;/ɪɡˈzæm/;igzem;I have an exam.;Sınavım var.;3;1
grade;not (puan);/ɡreɪd/;greyd;My grade is high.;Notum yüksek.;3;1
result (exam);sonuç;/rɪˈzʌlt/;rizalt;The result is good.;Sonuç iyi.;3;1
pass (exam);geçmek;/pæs/;pes;I pass the exam.;Sınavı geçerim.;3;1
fail (exam);kalmak;/feɪl/;feyl;I fail the exam.;Sınavdan kalırım.;3;1
study;ders çalışmak;/ˈstʌd.i/;stadi;I study every day.;Her gün ders çalışırım.;3;1
review;tekrar etmek;/rɪˈvjuː/;rivyu;I review the lesson.;Dersi tekrar ederim.;3;1
explain;açıklamak;/ɪkˈspleɪn/;ikspleyn;I explain the topic.;Konuyu açıklarım.;3;1
describe;tanımlamak;/dɪˈskraɪb/;diskraib;I describe the picture.;Resmi tanımlarım.;3;1
compare;karşılaştırmak;/kəmˈper/;komper;I compare two things.;İki şeyi karşılaştırırım.;3;1
decide;karar vermek;/dɪˈsaɪd/;disayd;I decide now.;Şimdi karar veririm.;1;1
agree;katılmak;/əˈɡriː/;agrii;I agree with you.;Sana katılıyorum.;7;1
disagree;katılmamak;/ˌdɪs.əˈɡriː/;disagrii;I disagree with you.;Sana katılmıyorum.;7;1
believe;inanmak;/bɪˈliːv/;biliiv;I believe you.;Sana inanıyorum.;7;1
hope;umut etmek;/hoʊp/;houp;I hope you come.;Umarım gelirsin.;7;1
wish;dilemek;/wɪʃ/;viş;I wish you luck.;Sana şans dilerim.;7;1
promise;söz vermek;/ˈprɑː.mɪs/;pramis;I promise you.;Sana söz veririm.;7;1
invite;davet etmek;/ɪnˈvaɪt/;invayt;I invite you.;Seni davet ederim.;7;1
accept;kabul etmek;/əkˈsept/;aksept;I accept the offer.;Teklifi kabul ederim.;7;1
refuse;reddetmek;/rɪˈfjuːz/;rifüz;I refuse the offer.;Teklifi reddederim.;7;1
offer;teklif etmek;/ˈɔː.fər/;ofır;I offer help.;Yardım teklif ederim.;2;1
suggest;önermek;/səˈdʒest/;sacest;I suggest this.;Bunu öneririm.;3;1
plan (verb);planlamak;/plæn/;plen;I plan a trip.;Gezi planlarım.;3;1
organize;düzenlemek;/ˈɔːr.ɡə.naɪz/;orgınayz;I organize a party.;Parti düzenlerim.;2;1
prepare;hazırlamak;/prɪˈper/;pripar;I prepare food.;Yemek hazırlarım.;1;1
pack;paketlemek;/pæk/;pek;I pack my bag.;Çantamı hazırlarım.;4;1
unpack;açmak (valiz);/ʌnˈpæk/;anpek;I unpack my bag.;Çantamı açarım.;4;1
arrive at;varmak;/əˈraɪv æt/;arayv et;I arrive at school.;Okula varırım.;4;1
leave from;ayrılmak;/liːv frʌm/;liiv fram;I leave from home.;Evden ayrılırım.;4;1
airport bus;havaalanı otobüsü;/ˈer.pɔːrt bʌs/;erport bas;I take the airport bus.;Havaalanı otobüsüne binerim.;4;1
check-in;giriş işlemi;/ˈtʃek.ɪn/;çekin;I do check-in online.;Giriş işlemini online yaparım.;4;1
check-out;çıkış işlemi;/ˈtʃek.aʊt/;çekaut;I check-out at noon.;Öğlen çıkış yaparım.;4;1
boarding pass;biniş kartı;/ˈbɔːr.dɪŋ pæs/;bording pes;I show my boarding pass.;Biniş kartımı gösteririm.;4;1
gate;kapı;/ɡeɪt/;geyt;The gate is open.;Kapı açık.;4;1
security;güvenlik;/sɪˈkjʊr.ə.ti/;sikyuriti;I pass security.;Güvenlikten geçerim.;4;1
baggage;bagaj;/ˈbæɡ.ɪdʒ/;begıc;My baggage is heavy.;Bagajım ağır.;4;1
hand luggage;el bagajı;/hænd ˈlʌɡ.ɪdʒ/;hend lagıc;I carry hand luggage.;El bagajı taşırım.;4;1
delay time;gecikme süresi;/dɪˈleɪ taɪm/;diley taym;The delay time is long.;Gecikme süresi uzun.;4;1
flight;uçuş;/flaɪt/;flayt;My flight is early.;Uçuşum erken.;4;1
captain;kaptan;/ˈkæp.tən/;keptın;The captain speaks.;Kaptan konuşur.;4;1
crew;ekip;/kruː/;kruu;The crew helps us.;Ekip bize yardım eder.;4;1
seat belt;emniyet kemeri;/siːt belt/;siit belt;I wear a seat belt.;Emniyet kemeri takarım.;4;1
window seat;pencere koltuğu;/ˈwɪn.doʊ siːt/;vindov siit;I have a window seat.;Pencere koltuğum var.;4;1
aisle seat;koridor koltuğu;/aɪl siːt/;ayl siit;I choose an aisle seat.;Koridor koltuğu seçerim.;4;1
take off;kalkış;/teɪk ɔːf/;teyk of;The plane takes off.;Uçak kalkar.;8;1
land;iniş yapmak;/lænd/;lend;The plane lands.;Uçak iner.;4;1
cancel;iptal etmek;/ˈkæn.səl/;kensıl;I cancel the flight.;Uçuşu iptal ederim.;2;1
confirm;onaylamak;/kənˈfɜːrm/;kınförm;I confirm the ticket.;Bileti onaylarım.;2;1
online;çevrimiçi;/ˈɑːn.laɪn/;anlayn;I study online.;Çevrimiçi çalışırım.;6;1
offline;çevrimdışı;/ˈɔːf.laɪn/;oflayn;I work offline.;Çevrimdışı çalışırım.;6;1
device;cihaz;/dɪˈvaɪs/;divays;This device is new.;Bu cihaz yeni.;6;1
smart;akıllı;/smɑːrt/;smart;This is a smart phone.;Bu akıllı telefon.;6;1
digital;dijital;/ˈdɪdʒ.ɪ.təl/;dicital;This is a digital system.;Bu dijital sistem.;6;1
technology;teknoloji;/tekˈnɑː.lə.dʒi/;teknolıci;Technology is important.;Teknoloji önemlidir.;6;1
system;sistem;/ˈsɪs.təm/;sistım;The system works well.;Sistem iyi çalışır.;6;1
program;program;/ˈproʊ.ɡræm/;program;I run a program.;Bir program çalıştırırım.;6;1
software;yazılım;/ˈsɔːft.wer/;softver;This software is fast.;Bu yazılım hızlı.;6;1
hardware;donanım;/ˈhɑːrd.wer/;hardver;The hardware is strong.;Donanım güçlü.;6;1
update;güncellemek;/ʌpˈdeɪt/;apdeyt;I update the app.;Uygulamayı güncellerim.;6;1
restart;yeniden başlatmak;/ˌriːˈstɑːrt/;riistart;I restart the computer.;Bilgisayarı yeniden başlatırım.;6;1
install;yüklemek;/ɪnˈstɔːl/;install;I install a program.;Program yüklerim.;6;1
uninstall;kaldırmak;/ˌʌn.ɪnˈstɔːl/;aninstall;I uninstall the app.;Uygulamayı kaldırırım.;6;1
error;hata;/ˈer.ər/;erır;There is an error.;Bir hata var.;6;1
problem solving;problem çözme;/ˈprɑː.bləm ˈsɑːl.vɪŋ/;prablem solvıng;Problem solving is important.;Problem çözme önemlidir.;3;1
solution;çözüm;/səˈluː.ʃən/;saluşın;I find a solution.;Bir çözüm bulurum.;3;1
step;adım;/step/;step;Follow the steps.;Adımları takip et.;3;1
process;süreç;/ˈprɑː.ses/;proses;This is a long process.;Bu uzun bir süreç.;3;1
method;yöntem;/ˈmeθ.əd/;methıd;This method works.;Bu yöntem işe yarar.;3;1
tool;araç;/tuːl/;tuul;This tool is useful.;Bu araç faydalı.;6;1
machine;makine;/məˈʃiːn/;maşiin;The machine is big.;Makine büyük.;6;1
robot;robot;/ˈroʊ.bɑːt/;robat;The robot moves.;Robot hareket eder.;6;1
human;insan;/ˈhjuː.mən/;hyuman;Humans learn fast.;İnsanlar hızlı öğrenir.;7;1
adult;yetişkin;/əˈdʌlt/;adalt;He is an adult.;O bir yetişkin.;7;1
teenager;genç;/ˈtiːnˌeɪ.dʒər/;tiineycır;The teenager studies.;Genç ders çalışır.;7;1
kid;çocuk;/kɪd/;kid;The kid plays.;Çocuk oynar.;7;1
parent;ebeveyn;/ˈper.ənt/;perınt;My parent helps me.;Ebeveynim bana yardım eder.;7;1
relative;akraba;/ˈrel.ə.tɪv/;relatıv;My relative visits us.;Akrabam bizi ziyaret eder.;7;1
relationship;ilişki;/rɪˈleɪ.ʃən.ʃɪp/;rileyşınşip;This relationship is strong.;Bu ilişki güçlü.;7;1
partner;partner;/ˈpɑːrt.nər/;partnır;My partner works.;Partnerim çalışır.;7;1
husband;koca;/ˈhʌz.bənd/;hazbınd;Her husband is kind.;Onun kocası nazik.;7;1
wife;eş;/waɪf/;vayf;His wife cooks.;Onun eşi yemek yapar.;7;1
single;bekar;/ˈsɪŋ.ɡəl/;singıl;I am single.;Bekarım.;7;1
married;evli;/ˈmer.id/;merid;They are married.;Onlar evli.;7;1
divorced;boşanmış;/dɪˈvɔːrst/;divorst;He is divorced.;O boşanmış.;7;1
life;hayat;/laɪf/;layf;Life is beautiful.;Hayat güzel.;7;1
death;ölüm;/deθ/;deth;Death is natural.;Ölüm doğaldır.;7;1
birth;doğum;/bɜːrθ/;börth;Birth is important.;Doğum önemlidir.;7;1
grow up;büyümek;/ɡroʊ ʌp/;grou ap;I grow up here.;Burada büyürüm.;8;1
live;yaşamak;/lɪv/;liv;I live in a city.;Bir şehirde yaşarım.;1;1
die;ölmek;/daɪ/;day;All people die.;Tüm insanlar ölür.;7;1
move;taşınmak;/muːv/;muuv;I move to a new house.;Yeni bir eve taşınırım.;1;1
travel back;geri dönmek;/ˈtræv.əl bæk/;trevel bek;I travel back home.;Eve geri dönerim.;8;1
return home;eve dönmek;/rɪˈtɜːrn hoʊm/;ritörn houm;I return home late.;Eve geç dönerim.;8;1
daily;günlük;/ˈdeɪ.li/;deyli;I have daily tasks.;Günlük işlerim var.;1;1
routine;rutin;/ruːˈtiːn/;rutiin;I follow a routine.;Bir rutine uyarım.;1;1
activity;aktivite;/ækˈtɪv.ə.ti/;aktivıti;This activity is fun.;Bu aktivite eğlenceli.;1;1
habit;alışkanlık;/ˈhæb.ɪt/;hebit;Reading is a habit.;Okumak bir alışkanlıktır.;1;1
lifestyle;yaşam tarzı;/ˈlaɪf.staɪl/;layfstayl;My lifestyle is healthy.;Yaşam tarzım sağlıklı.;7;1
rest;dinlenmek;/rest/;rest;I rest at night.;Gece dinlenirim.;1;1
relax;rahatlamak;/rɪˈlæks/;rilaks;I relax at home.;Evde rahatlarım.;7;1
enjoy;keyif almak;/ɪnˈdʒɔɪ/;incoy;I enjoy music.;Müzikten keyif alırım.;7;1
prefer;tercih etmek;/prɪˈfɜːr/;priför;I prefer tea.;Çayı tercih ederim.;7;1
choose from;arasından seçmek;/tʃuːz frʌm/;çuuz fram;I choose from the list.;Listeden seçerim.;8;1
decide on;karar vermek;/dɪˈsaɪd ɑːn/;disayd an;I decide on this.;Buna karar veririm.;8;1
plan ahead;önceden planlamak;/plæn əˈhed/;plen ahead;I plan ahead.;Önceden plan yaparım.;8;1
schedule time;zaman ayarlamak;/ˈskedʒ.uːl taɪm/;skedcul taym;I schedule time.;Zaman ayarlarım.;3;1
set goal;hedef koymak;/set ɡoʊl/;set goul;I set a goal.;Hedef koyarım.;3;1
achieve;başarmak;/əˈtʃiːv/;açiiv;I achieve my goal.;Hedefime ulaşırım.;3;1
improve skill;beceri geliştirmek;/ɪmˈpruːv skɪl/;impruuv skil;I improve my skill.;Becerimi geliştiririm.;3;1
practice daily;günlük pratik yapmak;/ˈpræk.tɪs ˈdeɪ.li/;prektis deyli;I practice daily.;Her gün pratik yaparım.;3;1
learn fast;hızlı öğrenmek;/lɜːrn fæst/;lörn fest;I learn fast.;Hızlı öğrenirim.;3;1
teach;öğretmek;/tiːtʃ/;tiiç;I teach English.;İngilizce öğretirim.;3;1
explain again;tekrar açıklamak;/ɪkˈspleɪn əˈɡen/;ikspleyn agen;I explain again.;Tekrar açıklarım.;3;1
ask question;soru sormak;/æsk ˈkwes.tʃən/;esk kuesçın;I ask a question.;Soru sorarım.;3;1
answer clearly;açık cevaplamak;/ˈæn.sər ˈklɪr.li/;ensır klirli;I answer clearly.;Açık cevap veririm.;3;1
understand well;iyi anlamak;/ˌʌn.dərˈstænd wel/;andırstend vel;I understand well.;İyi anlarım.;3;1
remember well;iyi hatırlamak;/rɪˈmem.bər wel/;rimembır vel;I remember well.;İyi hatırlarım.;3;1
forget quickly;çabuk unutmak;/fərˈɡet ˈkwɪk.li/;fırget kuikli;I forget quickly.;Çabuk unuturum.;3;1
focus;odaklanmak;/ˈfoʊ.kəs/;foukıs;I focus on my work.;İşime odaklanırım.;3;1
concentrate;konsantre olmak;/ˈkɑːn.sən.treɪt/;konsıntreyt;I concentrate well.;İyi konsantre olurum.;3;1
pay attention;dikkat etmek;/peɪ əˈten.ʃən/;pey atenşın;Pay attention in class.;Derste dikkat et.;3;1
alarm;alarm;/əˈlɑːrm/;alaarm;My alarm rings early.;Alarmım erken çalar.;1;1
clock;saat (alet);/klɑːk/;klak;The clock is on the wall.;Saat duvarda.;1;1
watch (noun);kol saati;/wɑːtʃ/;vaç;I wear a watch.;Kol saati takarım.;1;1
calendar app;takvim uygulaması;/ˈkæl.ən.dər æp/;kelındır ep;I use a calendar app.;Takvim uygulaması kullanırım.;6;1
reminder;hatırlatıcı;/rɪˈmaɪn.dər/;rimayndır;I set a reminder.;Hatırlatıcı kurarım.;6;1
notification;bildirim;/ˌnoʊ.tɪ.fɪˈkeɪ.ʃən/;notıfikeyşın;I get a notification.;Bildirim alırım.;6;1
ringtone;zil sesi;/ˈrɪŋ.toʊn/;ringtoun;My ringtone is loud.;Zil sesim yüksek.;6;1
vibration;titreşim;/vaɪˈbreɪ.ʃən/;vaybreyşın;My phone is on vibration.;Telefonum titreşimde.;6;1
brightness;parlaklık;/ˈbraɪt.nəs/;braytnıs;The brightness is high.;Parlaklık yüksek.;6;1
settings;ayarlar;/ˈset.ɪŋz/;setingz;I open settings.;Ayarları açarım.;6;1
option;seçenek;/ˈɑːp.ʃən/;apşın;I choose an option.;Bir seçenek seçerim.;1;1
choice;seçim;/tʃɔɪs/;çoys;This is my choice.;Bu benim seçimim.;1;1
select;seçmek;/sɪˈlekt/;silekt;I select the file.;Dosyayı seçerim.;6;1
press;basmak;/pres/;pres;Press the button.;Düğmeye bas.;1;1
hold;basılı tutmak;/hoʊld/;hould;Hold the button.;Düğmeyi basılı tut.;1;1
swipe;kaydırmak;/swaɪp/;swayp;Swipe left.;Sola kaydır.;6;1
tap;dokunmak;/tæp/;tep;Tap the screen.;Ekrana dokun.;6;1
zoom;yakınlaştırmak;/zuːm/;zuum;Zoom the picture.;Resmi yakınlaştır.;6;1
scroll;kaydırmak (ekran);/skroʊl/;skroul;Scroll down.;Aşağı kaydır.;6;1
refresh;yenilemek;/rɪˈfreʃ/;rifreş;Refresh the page.;Sayfayı yenile.;6;1
homepage;ana sayfa;/ˈhoʊm.peɪdʒ/;houmpeyc;This is the homepage.;Bu ana sayfa.;6;1
profile;profil;/ˈproʊ.faɪl/;profayl;I check my profile.;Profilime bakarım.;6;1
account settings;hesap ayarları;/əˈkaʊnt ˈset.ɪŋz/;akaunt setingz;I change account settings.;Hesap ayarlarını değiştiririm.;6;1
privacy;gizlilik;/ˈpraɪ.və.si/;prayvısı;Privacy is important.;Gizlilik önemlidir.;6;1
security code;güvenlik kodu;/sɪˈkjʊr.ə.ti koʊd/;sikyuriti kood;Enter the security code.;Güvenlik kodunu gir.;6;1
login page;giriş sayfası;/ˈlɔːɡ.ɪn peɪdʒ/;login peyc;This is the login page.;Bu giriş sayfası.;6;1
logout button;çıkış düğmesi;/ˈlɔːɡ.aʊt ˈbʌt.ən/;logaut batın;Click the logout button.;Çıkış düğmesine tıkla.;6;1
help center;yardım merkezi;/help ˈsen.tər/;help sentır;I visit the help center.;Yardım merkezine giderim.;2;1
support;destek;/səˈpɔːrt/;saport;I contact support.;Destek ile iletişime geçerim.;2;1
feedback;geri bildirim;/ˈfiːd.bæk/;fiidbek;I give feedback.;Geri bildirim veririm.;2;1
report;rapor etmek;/rɪˈpɔːrt/;riport;I report the problem.;Sorunu rapor ederim.;2;1
block;engellemek;/blɑːk/;blok;I block the user.;Kullanıcıyı engellerim.;6;1
unblock;engeli kaldırmak;/ʌnˈblɑːk/;anblok;I unblock him.;Onun engelini kaldırırım.;6;1
follow;takip etmek;/ˈfɑː.loʊ/;falou;I follow you.;Seni takip ederim.;7;1
unfollow;takipten çıkmak;/ʌnˈfɑː.loʊ/;anfalo;I unfollow him.;Onu takipten çıkarırım.;7;1
share;paylaşmak;/ʃer/;şer;I share a post.;Bir gönderi paylaşırım.;7;1
comment;yorum yapmak;/ˈkɑː.ment/;koment;I write a comment.;Yorum yazarım.;7;1
like (social);beğeni;/laɪk/;layk;I like the post.;Gönderiyi beğenirim.;7;1
post;gönderi;/poʊst/;poust;I post a photo.;Fotoğraf paylaşırım.;7;1
upload photo;fotoğraf yüklemek;/ˈʌp.loʊd ˈfoʊ.toʊ/;aploud foto;I upload a photo.;Fotoğraf yüklerim.;6;1
download file;dosya indirmek;/ˈdaʊn.loʊd faɪl/;daunloud fayl;I download a file.;Dosya indiririm.;6;1
internet speed;internet hızı;/ˈɪn.tər.net spiːd/;intırnet spiid;My internet speed is fast.;İnternet hızım hızlı.;6;1
wifi;kablosuz internet;/ˈwaɪ.faɪ/;vayfay;I connect to wifi.;Wi-Fi'ye bağlanırım.;6;1
password reset;şifre sıfırlama;/ˈpæs.wɜːrd riˈset/;pesvörd riset;I do a password reset.;Şifre sıfırlarım.;6;1
log in again;tekrar giriş yapmak;/lɔːɡ ɪn əˈɡen/;log in agen;I log in again.;Tekrar giriş yaparım.;8;1
sign up;kayıt olmak;/saɪn ʌp/;sayn ap;I sign up today.;Bugün kayıt olurum.;8;1
sign in;giriş yapmak;/saɪn ɪn/;sayn in;I sign in now.;Şimdi giriş yaparım.;8;1
sign out;çıkış yapmak;/saɪn aʊt/;sayn aut;I sign out.;Çıkış yaparım.;8;1
user;kullanıcı;/ˈjuː.zər/;yuzır;The user logs in.;Kullanıcı giriş yapar.;6;1
admin;yönetici;/ˈæd.mɪn/;admin;The admin controls the system.;Yönetici sistemi kontrol eder.;2;1
system error;sistem hatası;/ˈsɪs.təm ˈer.ər/;sistım erır;There is a system error.;Sistem hatası var.;6;1
warning;uyarı;/ˈwɔːr.nɪŋ/;vornin;I see a warning.;Bir uyarı görüyorum.;6;1
message box;mesaj kutusu;/ˈmes.ɪdʒ bɑːks/;mesıc baks;The message box is open.;Mesaj kutusu açık.;6;1
pop-up;açılır pencere;/ˈpɑːp ʌp/;pap ap;A pop-up appears.;Açılır pencere çıkar.;6;1
close window;pencereyi kapatmak;/kloʊz ˈwɪn.doʊ/;kloz vindov;Close the window.;Pencereyi kapat.;6;1
open tab;sekme açmak;/ˈoʊ.pən tæb/;opın teb;Open a tab.;Sekme aç.;6;1
new tab;yeni sekme;/nuː tæb/;nu teb;This is a new tab.;Bu yeni sekme.;6;1
browser;tarayıcı;/ˈbraʊ.zər/;brauzır;I use a browser.;Tarayıcı kullanırım.;6;1
search engine;arama motoru;/sɜːrtʃ ˈen.dʒɪn/;sörç encin;Google is a search engine.;Google bir arama motorudur.;6;1
type;yazmak;/taɪp/;tayp;I type fast.;Hızlı yazarım.;6;1
keyboard key;tuş;/ˈkiː.bɔːrd kiː/;kiibord kii;Press a keyboard key.;Bir tuşa bas.;6;1
shortcut;kısayol;/ˈʃɔːrt.kʌt/;şortkat;I use a shortcut.;Kısayol kullanırım.;6;1
enter key;enter tuşu;/ˈen.tər kiː/;entır kii;Press the enter key.;Enter tuşuna bas.;6;1
backspace;silme tuşu;/ˈbæk.speɪs/;bekspeys;Press backspace.;Silme tuşuna bas.;6;1
spacebar;boşluk tuşu;/ˈspeɪs.bɑːr/;speysbar;Press the spacebar.;Boşluk tuşuna bas.;6;1
caps lock;büyük harf tuşu;/ˈkæps lɑːk/;kepslak;Turn on caps lock.;Büyük harf tuşunu aç.;6;1
shift key;shift tuşu;/ʃɪft kiː/;shift kii;Hold the shift key.;Shift tuşunu basılı tut.;6;1
control key;kontrol tuşu;/kənˈtroʊl kiː/;kontrol kii;Press control key.;Kontrol tuşuna bas.;6;1
alt key;alt tuşu;/ɔːlt kiː/;alt kii;Press the alt key.;Alt tuşuna bas.;6;1
delete key;sil tuşu;/dɪˈliːt kiː/;dıliit kii;Press delete key.;Sil tuşuna bas.;6;1
copy text;metni kopyalamak;/ˈkɑː.pi tekst/;kapi tekst;I copy text.;Metni kopyalarım.;6;1
paste text;metni yapıştırmak;/peɪst tekst/;peyst tekst;I paste text.;Metni yapıştırırım.;6;1
cut text;metni kesmek;/kʌt tekst/;kat tekst;I cut text.;Metni keserim.;6;1
select all;hepsini seçmek;/sɪˈlekt ɔːl/;silekt ol;I select all.;Hepsini seçerim.;6;1
undo;geri almak;/ʌnˈduː/;andu;I undo the action.;İşlemi geri alırım.;6;1
redo;tekrar yapmak;/ˌriːˈduː/;riidu;I redo the action.;İşlemi tekrar yaparım.;6;1
save file;dosya kaydetmek;/seɪv faɪl/;seyv fayl;I save the file.;Dosyayı kaydederim.;6;1
open file;dosya açmak;/ˈoʊ.pən faɪl/;opın fayl;I open the file.;Dosyayı açarım.;6;1
close file;dosya kapatmak;/kloʊz faɪl/;kloz fayl;I close the file.;Dosyayı kapatırım.;6;1
create;oluşturmak;/kriˈeɪt/;kriyeyt;I create a file.;Dosya oluştururum.;6;1
edit;düzenlemek;/ˈed.ɪt/;edit;I edit the text.;Metni düzenlerim.;6;1
rename;yeniden adlandırmak;/ˌriːˈneɪm/;rineym;I rename the file.;Dosyanın adını değiştiririm.;6;1
move file;dosya taşımak;/muːv faɪl/;muuv fayl;I move the file.;Dosyayı taşırım.;6;1
organize files;dosyaları düzenlemek;/ˈɔːr.ɡə.naɪz faɪlz/;orgınayz faylz;I organize files.;Dosyaları düzenlerim.;6;1
folder name;klasör adı;/ˈfoʊl.dər neɪm/;foldır neym;The folder name is short.;Klasör adı kısa.;6;1
file name;dosya adı;/faɪl neɪm/;fayl neym;The file name is clear.;Dosya adı açık.;6;1
file size;dosya boyutu;/faɪl saɪz/;fayl sayz;The file size is big.;Dosya boyutu büyük.;6;1
upload speed;yükleme hızı;/ˈʌp.loʊd spiːd/;aploud spiid;My upload speed is slow.;Yükleme hızım yavaş.;6;1
download speed;indirme hızı;/ˈdaʊn.loʊd spiːd/;daunloud spiid;My download speed is fast.;İndirme hızım hızlı.;6;1
internet plan;internet paketi;/ˈɪn.tər.net plæn/;intırnet plen;My internet plan is good.;İnternet paketim iyi.;2;1
ability;yetenek;/əˈbɪləti/;abiliti;She has the ability to learn fast.;Hızlı öğrenme yeteneği var.;1;2
accept (offer);kabul etmek;/əkˈsept/ /ˈɒfər/;aksept / ofır;I accept your offer.;Teklifini kabul ediyorum.;1;2
accidently;kazara;/ˈæksɪdentli/;aksidentli;I broke the glass accidentally.;Bardağı kazara kırdım.;1;2
achieve goal;hedefe ulaşmak;/əˈtʃiːv/ /ɡoʊl/;açiiv / gool;He achieved his goal.;Hedefine ulaştı.;2;2
advice;tavsiye;/ədˈvaɪs/;advays;She gave me good advice.;Bana iyi bir tavsiye verdi.;7;2
afford;karşılayabilmek;/əˈfɔːrd/;aford;I can’t afford this car.;Bu arabayı karşılayamam.;2;2
agree with;katılmak;/əˈɡriː/ /wɪð/;egrii / widh;I agree with you.;Sana katılıyorum.;7;2
allow;izin vermek;/əˈlaʊ/;alav;They allow us to enter.;Girmemize izin veriyorlar.;1;2
almost;neredeyse;/ˈɔːlmoʊst/;oolmoust;I almost finished it.;Neredeyse bitirdim.;1;2
alone;yalnız;/əˈloʊn/;alon;He is alone at home.;Evde yalnız.;7;2
already done;çoktan yapılmış;/ɔːlˈredi/ /dʌn/;oolredi / dan;I already did my homework.;Ödevimi çoktan yaptım.;1;2
although (simple);gerçi;/ɔːlˈðoʊ/;ooldou;Although it rains, we go out.;Gerçi yağmur yağıyor ama dışarı çıkıyoruz.;3;2
among;arasında;/əˈmʌŋ/;among;She is among friends.;Arkadaşları arasında.;1;2
amount;miktar;/əˈmaʊnt/;amaunt;The amount is high.;Miktar yüksek.;3;2
ancient;eski (tarihi);/ˈeɪnʃənt/;eynşınt;This is an ancient city.;Bu eski bir şehir.;3;2
angry with;birine kızgın;/ˈæŋɡri/ /wɪð/;engri / widh;She is angry with me.;Bana kızgın.;7;2
animal care;hayvan bakımı;/ˈænɪməl/ /ker/;enimıl / ker;He works in animal care.;Hayvan bakımıyla ilgileniyor.;5;2
answer (noun);cevap;/ˈænsər/;ensır;Your answer is correct.;Cevabın doğru.;3;2
appear;görünmek;/əˈpɪr/;apir;He appears tired.;Yorgun görünüyor.;1;2
apply (job);başvurmak;/əˈplaɪ/;aplai;I apply for this job.;Bu işe başvuruyorum.;2;2
argue;tartışmak;/ˈɑːrɡjuː/;argyu;They argue every day.;Her gün tartışıyorlar.;7;2
arrive early;erken varmak;/əˈraɪv/ /ˈɜːrli/;arayv / örli;We arrive early.;Erken varıyoruz.;4;2
as soon as;olur olmaz;/æz/ /suːn/ /æz/;ez / suun / ez;Call me as soon as you arrive.;Varır varmaz beni ara.;3;2
asleep;uykuda;/əˈsliːp/;asliip;The baby is asleep.;Bebek uykuda.;5;2
at least;en az;/æt/ /liːst/;et / liist;Stay at least one hour.;En az bir saat kal.;3;2
attend;katılmak;/əˈtend/;atend;I attend the meeting.;Toplantıya katılıyorum.;2;2
available;mevcut;/əˈveɪləbl/;aveylıbıl;The room is available.;Oda mevcut.;2;2
avoid;kaçınmak;/əˈvɔɪd/;avoıd;Avoid this mistake.;Bu hatadan kaçın.;1;2
back (return);geri dönmek;/bæk/;bek;I go back home.;Eve geri dönüyorum.;1;2
behave;davranmak;/bɪˈheɪv/;biheiv;Please behave well.;Lütfen iyi davran.;7;2
belong;ait olmak;/bɪˈlɔːŋ/;bilong;This book belongs to me.;Bu kitap bana ait.;1;2
below (level);altında;/bɪˈloʊ/;bilo;The temperature is below zero.;Sıcaklık sıfırın altında.;3;2
best (superlative);en iyi;/best/;best;This is the best choice.;Bu en iyi seçim.;3;2
better;daha iyi;/ˈbetər/;beter;This is better now.;Bu şimdi daha iyi.;1;2
borrow from;birinden ödünç almak;/ˈbɒroʊ/ /frɒm/;borou / from;I borrow money from him.;Ondan para ödünç alıyorum.;2;2
brave;cesur;/breɪv/;breyv;He is very brave.;O çok cesur.;7;2
bring back;geri getirmek;/brɪŋ/ /bæk/;bring / bek;Bring back my book.;Kitabımı geri getir.;8;2
build up;geliştirmek;/bɪld/ /ʌp/;bild / ap;She builds up her skills.;Becerilerini geliştiriyor.;8;2
burn;yanmak;/bɜːrn/;börn;The fire burns fast.;Ateş hızlı yanıyor.;5;2
business;iş (ticaret);/ˈbɪznəs/;biznıs;He runs a business.;Bir iş yürütüyor.;2;2
care about;önemsemek;/ker/ /əˈbaʊt/;ker / abaut;I care about you.;Seni önemsiyorum.;7;2
carry on;devam etmek;/ˈkæri/ /ɒn/;keri / on;Carry on your work.;İşine devam et.;8;2
catch;yakalamak;/kætʃ/;keç;I catch the ball.;Topu yakalıyorum.;1;2
cause;neden olmak;/kɔːz/;koz;This causes problems.;Bu sorunlara neden olur.;3;2
chance;şans;/tʃæns/;çens;I have a chance.;Bir şansım var.;1;2
change mind;fikrini değiştirmek;/tʃeɪndʒ/ /maɪnd/;çeynç / maynd;I change my mind.;Fikrimi değiştiriyorum.;7;2
check;kontrol etmek;/tʃek/;çek;Check your answer.;Cevabını kontrol et.;2;2
choose between;arasında seçmek;/tʃuːz/ /bɪˈtwiːn/;çuuz / bitwiin;Choose between tea and coffee.;Çay ve kahve arasında seç.;1;2
clear;açık (net);/klɪr/;klir;The sky is clear.;Hava açık.;1;2
climb;tırmanmak;/klaɪm/;klaym;He climbs the mountain.;Dağa tırmanıyor.;4;2
close to;yakın;/kloʊs/ /tuː/;klous / tu;The school is close to my house.;Okul evime yakın.;1;2
collect;toplamak;/kəˈlekt/;kolekt;I collect stamps.;Pul topluyorum.;1;2
communicate;iletişim kurmak;/kəˈmjuːnɪkeɪt/;komyunikeyt;We communicate well.;İyi iletişim kuruyoruz.;2;2
compare with;karşılaştırmak;/kəmˈper/ /wɪð/;komper / widh;Compare this with that.;Bunu onunla karşılaştır.;3;2
complain;şikayet etmek;/kəmˈpleɪn/;kompleyn;She complains a lot.;Çok şikayet eder.;7;2
complete;tamamlamak;/kəmˈpliːt/;kompliit;I complete the task.;Görevi tamamlıyorum.;2;2
condition;durum;/kənˈdɪʃən/;kondişın;The condition is bad.;Durum kötü.;3;2
connect;bağlamak;/kəˈnekt/;konekt;Connect the wires.;Kabloları bağla.;6;2
consider;düşünmek;/kənˈsɪdər/;konsidır;Consider my idea.;Fikrimi düşün.;3;2
continue;devam etmek;/kənˈtɪnjuː/;kontinü;Continue your work.;İşine devam et.;1;2
control;kontrol etmek;/kənˈtroʊl/;kontrol;Control your anger.;Öfkeni kontrol et.;2;2
cook meal;yemek yapmak;/kʊk/ /miːl/;kuk / miil;She cooks a meal.;Yemek yapıyor.;1;2
create new;yeni oluşturmak;/kriˈeɪt/ /nuː/;kriyeyt / nu;Create a new account.;Yeni bir hesap oluştur.;6;2
crowd;kalabalık;/kraʊd/;kraud;The crowd is large.;Kalabalık büyük.;4;2
decide quickly;hızlı karar vermek;/dɪˈsaɪd/ /ˈkwɪkli/;disayd / kwikli;Decide quickly now.;Şimdi hızlı karar ver.;2;2
deliver;teslim etmek;/dɪˈlɪvər/;dilivır;They deliver the package.;Paketi teslim ediyorlar.;2;2
depend on;bağlı olmak;/dɪˈpend/ /ɒn/;dipend / on;It depends on you.;Sana bağlı.;8;2
describe (detail);detaylı anlatmak;/dɪˈskraɪb/;diskırayb;Describe the place.;Yeri anlat.;3;2
develop skill;beceri geliştirmek;/dɪˈveləp/ /skɪl/;divelop / skil;Develop your skills.;Becerilerini geliştir.;2;2
difference;fark;/ˈdɪfrəns/;difrıns;There is a difference.;Bir fark var.;3;2
difficult (more);daha zor;/ˈdɪfɪkəlt/;difikılt;This is more difficult.;Bu daha zor.;3;2
direction (way);yön;/dəˈrekʃən/;direkşın;Show me the direction.;Bana yönü göster.;4;2
discover;keşfetmek;/dɪˈskʌvər/;diskavır;They discover a new place.;Yeni bir yer keşfediyorlar.;3;2
discuss;tartışmak;/dɪˈskʌs/;diskas;We discuss the topic.;Konuyu tartışıyoruz.;2;2
distance (far);uzaklık;/ˈdɪstəns/;distıns;The distance is far.;Uzaklık fazla.;4;2
divide;bölmek;/dɪˈvaɪd/;divayd;Divide it into two.;İkiye böl.;3;2
dream about;hayal kurmak;/driːm/ /əˈbaʊt/;driim / abaut;I dream about travel.;Seyahat hayali kuruyorum.;7;2
drive fast;hızlı sürmek;/draɪv/ /fæst/;drayv / fest;Don’t drive fast.;Hızlı sürme.;4;2
earn money;para kazanmak;/ɜːrn/ /ˈmʌni/;örn / mani;I earn money online.;Online para kazanıyorum.;2;2
education;eğitim;/ˌedʒuˈkeɪʃən/;eju-keyşın;Education is important.;Eğitim önemli.;3;2
effect;etki;/ɪˈfekt/;ifekt;This has an effect.;Bunun bir etkisi var.;3;2
either;ya da;/ˈaɪðər/;aydır;You can choose either.;İkisinden birini seçebilirsin.;3;2
else;başka;/els/;els;Anything else?;Başka bir şey var mı?;1;2
end (finish);bitirmek;/end/;end;I end the meeting.;Toplantıyı bitiriyorum.;1;2
enjoy doing;yapmaktan hoşlanmak;/ɪnˈdʒɔɪ/ /ˈduːɪŋ/;incoy / duing;I enjoy reading.;Okumaktan hoşlanıyorum.;7;2
enter;girmek;/ˈentər/;entır;Enter the room.;Odaya gir.;1;2
environment;çevre;/ɪnˈvaɪrənmənt/;invayrınmınt;Protect the environment.;Çevreyi koru.;3;2
especially;özellikle;/ɪˈspeʃəli/;ispeshılı;I like it especially.;Özellikle seviyorum.;3;2
event;etkinlik;/ɪˈvent/;ivent;The event is tomorrow.;Etkinlik yarın.;4;2
ever;hiç;/ˈevər/;evır;Have you ever been there?;Hiç oraya gittin mi?;1;2
exact;tam;/ɪɡˈzækt/;igzekt;Give the exact answer.;Tam cevabı ver.;3;2
example (for);örneğin;/ɪɡˈzæmpəl/;igzempıl;For example, try this.;Örneğin bunu dene.;3;2
expect;beklemek;/ɪkˈspekt/;ikspekt;I expect good results.;İyi sonuçlar bekliyorum.;1;2
experience;deneyim;/ɪkˈspɪriəns/;ikspiriyıns;I have experience.;Deneyimim var.;1;2
explain why;nedenini açıklamak;/ɪkˈspleɪn/ /waɪ/;ikspleyn / vay;Explain why you are late.;Neden geç kaldığını açıkla.;3;2
achieve success;başarı elde etmek;/əˈtʃiːv/ /səkˈses/;açiiv / sakses;She works hard to achieve success.;Başarı elde etmek için çok çalışıyor.;2;2
act;davranmak / rol yapmak;/ækt/;ekt;He acts very strange.;Çok garip davranıyor.;7;2
active;aktif;/ˈæktɪv/;aktiv;She is very active today.;Bugün çok aktif.;1;2
add;eklemek;/æd/;ed;Add some sugar to tea.;Çaya biraz şeker ekle.;1;2
additional;ek;/əˈdɪʃənəl/;adişınıl;We need additional help.;Ek yardıma ihtiyacımız var.;3;2
adjust;ayarlamak;/əˈdʒʌst/;ecast;Adjust the chair please.;Sandalyeyi ayarla lütfen.;2;2
adult life;yetişkin hayatı;/ˈædʌlt/ /laɪf/;edalt / layf;Adult life is not easy.;Yetişkin hayatı kolay değil.;1;2
advantage;avantaj;/ədˈvæntɪdʒ/;advantic;This gives you an advantage.;Bu sana avantaj sağlar.;3;2
adventure;macera;/ədˈventʃər/;advençır;They go on an adventure.;Bir maceraya çıkıyorlar.;4;2
advertise;reklam yapmak;/ˈædvərtaɪz/;edvırtayz;They advertise their product.;Ürünlerini reklam ediyorlar.;2;2
advertisement;reklam;/ədˈvɜːrtɪsmənt/;advörtismınt;I saw an advertisement.;Bir reklam gördüm.;2;2
advice (give);tavsiye vermek;/ədˈvaɪs/ /ɡɪv/;advays / giv;He gives me good advice.;Bana iyi tavsiye veriyor.;7;2
affect;etkilemek;/əˈfekt/;afekt;This affects my mood.;Bu ruh halimi etkiler.;3;2
against;karşı;/əˈɡenst/;agenst;He is against this idea.;Bu fikre karşı.;1;2
ahead;ileride;/əˈhed/;ahed;Go ahead and start.;Devam et ve başla.;1;2
aim;amaç;/eɪm/;eym;My aim is to win.;Amacım kazanmak.;2;2
alive;hayatta;/əˈlaɪv/;alayv;The fish is still alive.;Balık hala hayatta.;5;2
all over;her yerde;/ɔːl/ /ˈoʊvər/;ool / ouvır;People are all over the park.;İnsanlar parkın her yerinde.;1;2
allow someone;birine izin vermek;/əˈlaʊ/ /ˈsʌmwʌn/;alav / samvan;They allow me to speak.;Konuşmama izin veriyorlar.;1;2
alternative;alternatif;/ɔːlˈtɜːrnətɪv/;oltörnıtiv;This is an alternative plan.;Bu alternatif bir plan.;3;2
amazing;harika;/əˈmeɪzɪŋ/;ameyzing;This movie is amazing.;Bu film harika.;7;2
analyse;analiz etmek;/ˈænəlaɪz/;enılayz;We analyse the data.;Veriyi analiz ediyoruz.;3;2
announce;duyurmak;/əˈnaʊns/;anauns;They announce the winner.;Kazananı duyuruyorlar.;2;2
annoy;rahatsız etmek;/əˈnɔɪ/;anoy;He annoys me a lot.;Beni çok rahatsız ediyor.;7;2
apart from;dışında;/əˈpɑːrt/ /frɒm/;apart / from;Apart from this, all is good.;Bunun dışında her şey iyi.;3;2
apologize;özür dilemek;/əˈpɒlədʒaɪz/;apolıcayz;I apologize for my mistake.;Hata için özür diliyorum.;7;2
appearance;görünüş;/əˈpɪrəns/;apirıns;Her appearance is nice.;Görünüşü güzel.;7;2
apply for;başvurmak;/əˈplaɪ/ /fɔːr/;aplai / for;I apply for a job.;Bir işe başvuruyorum.;2;2
argue with;biriyle tartışmak;/ˈɑːrɡjuː/ /wɪð/;argyu / widh;I argue with my friend.;Arkadaşımla tartışıyorum.;7;2
arrange;düzenlemek;/əˈreɪndʒ/;areync;She arranges the room.;Odayı düzenliyor.;2;2
article;makale;/ˈɑːrtɪkl/;artikıl;I read an article.;Bir makale okudum.;3;2
as usual;her zamanki gibi;/æz/ /ˈjuːʒuəl/;ez / yujıvıl;He is late as usual.;Her zamanki gibi geç kaldı.;1;2
asleep (fall asleep);uykuya dalmak;/əˈsliːp/;asliip;I fall asleep quickly.;Hızlıca uykuya dalıyorum.;5;2
assistant;asistan;/əˈsɪstənt/;asistınt;She is my assistant.;O benim asistanım.;2;2
attract;çekmek;/əˈtrækt/;atrakt;Flowers attract bees.;Çiçekler arıları çeker.;2;2
audience;seyirci;/ˈɔːdiəns/;odiıns;The audience claps loudly.;Seyirciler yüksek sesle alkışlıyor.;7;2
average;ortalama;/ˈævərɪdʒ/;evırıc;The average is high.;Ortalama yüksek.;3;2
avoid doing;yapmaktan kaçınmak;/əˈvɔɪd/ /ˈduːɪŋ/;avoıd / duing;Avoid eating junk food.;Abur cubur yemekten kaçın.;1;2
award;ödül;/əˈwɔːrd/;avord;He wins an award.;Bir ödül kazanıyor.;2;2
background;arka plan;/ˈbækɡraʊnd/;bekgraynd;The background is blue.;Arka plan mavi.;3;2
balance;denge;/ˈbæləns/;belıns;Keep your balance.;Dengenı koru.;5;2
base;temel;/beɪs/;beys;This is the base idea.;Bu temel fikir.;3;2
basic;temel;/ˈbeɪsɪk/;beysik;This is basic knowledge.;Bu temel bilgi.;3;2
behave well;iyi davranmak;/bɪˈheɪv/ /wel/;biheiv / wel;Children behave well.;Çocuklar iyi davranır.;7;2
benefit;fayda;/ˈbenɪfɪt/;benifit;Exercise has many benefits.;Egzersizin birçok faydası var.;3;2
blame;suçlamak;/bleɪm/;bleym;Don’t blame me.;Beni suçlama.;7;2
blood (type);kan;/blʌd/;blad;My blood type is A.;Kan grubum A.;5;2
board (get on);binmek;/bɔːrd/;bord;We board the bus.;Otobüse biniyoruz.;4;2
bother;rahatsız etmek;/ˈbɒðər/;bodır;Don’t bother me.;Beni rahatsız etme.;7;2
branch;dal;/bræntʃ/;brenç;The bird sits on a branch.;Kuş bir dalda oturuyor.;6;2
break down;bozulmak;/breɪk/ /daʊn/;breyk / daun;The car breaks down.;Araba bozuluyor.;8;2
breathe;nefes almak;/briːð/;briiz;Breathe slowly.;Yavaşça nefes al.;5;2
brilliant;mükemmel;/ˈbrɪliənt/;brilyınt;This idea is brilliant.;Bu fikir mükemmel.;7;2
brush;fırçalamak;/brʌʃ/;braş;Brush your teeth.;Dişlerini fırçala.;1;2
bucket;kova;/ˈbʌkɪt/;bakit;The bucket is full.;Kova dolu.;1;2
build house;ev yapmak;/bɪld/ /haʊs/;bild / haus;They build a house.;Bir ev yapıyorlar.;1;2
button (press);düğmeye basmak;/ˈbʌtən/;batın;Press the button.;Düğmeye bas.;6;2
calculate;hesaplamak;/ˈkælkjuleɪt/;kelkyuleyt;Calculate the result.;Sonucu hesapla.;3;2
calm;sakin;/kɑːm/;kaam;Stay calm please.;Lütfen sakin ol.;7;2
campaign;kampanya;/kæmˈpeɪn/;kempeyn;They start a campaign.;Bir kampanya başlatıyorlar.;2;2
cancel plan;plan iptal etmek;/ˈkænsəl/ /plæn/;kensıl / plen;I cancel the plan.;Planı iptal ediyorum.;2;2
capable;yetenekli;/ˈkeɪpəbl/;keypıbıl;She is capable of doing it.;Bunu yapabilecek yetenekte.;7;2
career;kariyer;/kəˈrɪr/;karyır;He has a good career.;İyi bir kariyeri var.;2;2
careless;dikkatsiz;/ˈkerləs/;kerlıs;He is very careless.;Çok dikkatsiz.;7;2
celebrate;kutlamak;/ˈseləbreɪt/;selebreyt;We celebrate the day.;Günü kutluyoruz.;7;2
certain;kesin;/ˈsɜːrtən/;sörtın;I am certain about it.;Bundan eminim.;3;2
challenge;meydan okuma;/ˈtʃælɪndʒ/;çelinc;This is a big challenge.;Bu büyük bir meydan okuma.;2;2
change clothes;kıyafet değiştirmek;/tʃeɪndʒ/ /kloʊðz/;çeynç / klouz;Change your clothes.;Kıyafetlerini değiştir.;1;2
character;karakter;/ˈkærəktər/;kerıktır;He has a strong character.;Güçlü bir karakteri var.;7;2
charge (money);ücret almak;/tʃɑːrdʒ/;çarc;They charge extra money.;Ek ücret alıyorlar.;2;2
check out;kontrol etmek;/tʃek/ /aʊt/;çek / aut;Check out this place.;Bu yeri kontrol et.;8;2
cheer;tezahürat yapmak;/tʃɪr/;çir;Fans cheer loudly.;Taraftarlar tezahürat yapıyor.;7;2
choice (make);seçim yapmak;/tʃɔɪs/;çoys;Make your choice.;Seçimini yap.;1;2
citizen;vatandaş;/ˈsɪtɪzən/;sitizın;He is a citizen.;O bir vatandaş.;1;2
claim;iddia etmek;/kleɪm/;kleym;He claims he is right.;Haklı olduğunu iddia ediyor.;3;2
clean up;temizlemek;/kliːn/ /ʌp/;kliin / ap;Clean up your room.;Odanı temizle.;8;2
clever;zeki;/ˈklevər/;klevır;She is very clever.;O çok zeki.;7;2
climb up;yukarı tırmanmak;/klaɪm/ /ʌp/;klaym / ap;Climb up the hill.;Tepeye tırman.;8;2
close down;kapatmak;/kloʊs/ /daʊn/;klous / daun;The shop closes down.;Dükkan kapanıyor.;8;2
coach (train);eğitmek;/koʊtʃ/;koç;He coaches the team.;Takımı eğitiyor.;2;2
collect money;para toplamak;/kəˈlekt/ /ˈmʌni/;kolekt / mani;They collect money.;Para topluyorlar.;2;2
comfortable;rahat;/ˈkʌmftəbl/;kamftıbıl;This chair is comfortable.;Bu sandalye rahat.;5;2
communicate with;biriyle iletişim kurmak;/kəˈmjuːnɪkeɪt/ /wɪð/;komyunikeyt / widh;I communicate with my teacher.;Öğretmenimle iletişim kuruyorum.;2;2
compare two;iki şeyi karşılaştırmak;/kəmˈper/ /tuː/;komper / tu;Compare these two.;Bu ikisini karşılaştır.;3;2
compete;rekabet etmek;/kəmˈpiːt/;kompiit;They compete in the game.;Oyunda rekabet ediyorlar.;2;2
complain about;şikayet etmek;/kəmˈpleɪn/ /əˈbaʊt/;kompleyn / abaut;She complains about noise.;Gürültüden şikayet ediyor.;7;2
complete task;görevi tamamlamak;/kəmˈpliːt/ /tæsk/;kompliit / task;Complete the task now.;Görevi şimdi tamamla.;2;2
complex;karmaşık;/ˈkɒmpleks/;kompleks;This problem is complex.;Bu problem karmaşık.;3;2
concentrate on;odaklanmak;/ˈkɒnsəntreɪt/ /ɒn/;konsıntreyt / on;Concentrate on your work.;İşine odaklan.;3;2
confident;kendine güvenen;/ˈkɒnfɪdənt/;konfidınt;She is confident.;Kendine güveniyor.;7;2
confirm booking;rezervasyonu onaylamak;/kənˈfɜːrm/ /ˈbʊkɪŋ/;konfırm / buking;Confirm your booking.;Rezervasyonunu onayla.;4;2
connect to;bağlanmak;/kəˈnekt/ /tuː/;konekt / tu;Connect to the internet.;İnternete bağlan.;6;2
consider idea;fikir düşünmek;/kənˈsɪdər/ /aɪˈdɪə/;konsidır / aydiya;Consider my idea.;Fikrimi düşün.;3;2
consist of;oluşmak;/kənˈsɪst/ /əv/;konsist / ıv;The team consists of five people.;Takım beş kişiden oluşur.;3;2
contact (verb);iletişime geçmek;/ˈkɒntækt/;kontakt;Contact me later.;Daha sonra benimle iletişime geç.;2;2
contain;içermek;/kənˈteɪn/;konteyn;This box contains books.;Bu kutu kitap içerir.;3;2
continue working;çalışmaya devam etmek;/kənˈtɪnjuː/ /ˈwɜːrkɪŋ/;kontinü / vörking;Continue working please.;Çalışmaya devam et lütfen.;2;2
deal with;başa çıkmak;/diːl/ /wɪð/;diil / widh;I deal with problems calmly.;Problemlerle sakin şekilde başa çıkıyorum.;8;2
decrease;azalmak;/dɪˈkriːs/;dikriis;The price decreases today.;Fiyat bugün azalıyor.;3;2
deep;derin;/diːp/;diip;The lake is very deep.;Göl çok derin.;1;2
defend;savunmak;/dɪˈfend/;difend;He defends his team.;Takımını savunuyor.;7;2
delay (verb);geciktirmek;/dɪˈleɪ/;diley;Don’t delay the work.;İşi geciktirme.;2;2
demand;talep etmek;/dɪˈmænd/;dimend;They demand better service.;Daha iyi hizmet talep ediyorlar.;2;2
depend;bağlı olmak;/dɪˈpend/;dipend;It depends on weather.;Hava durumuna bağlı.;8;2
describe situation;durumu anlatmak;/dɪˈskraɪb/ /ˌsɪtʃuˈeɪʃən/;diskırayb / siçueyşın;Describe the situation briefly.;Durumu kısaca anlat.;3;2
design (verb);tasarlamak;/dɪˈzaɪn/;dizayn;She designs clothes.;Kıyafet tasarlıyor.;6;2
destroy;yok etmek;/dɪˈstrɔɪ/;distroı;The storm destroys houses.;Fırtına evleri yok ediyor.;1;2
detail;detay;/ˈdiːteɪl/;diiteyl;Give more detail.;Daha fazla detay ver.;3;2
develop idea;fikir geliştirmek;/dɪˈveləp/ /aɪˈdɪə/;divelop / aydiya;Develop your idea more.;Fikrini daha geliştir.;3;2
device (tool);cihaz;/dɪˈvaɪs/;divays;This device is useful.;Bu cihaz faydalı.;6;2
difference between;arasındaki fark;/ˈdɪfrəns/ /bɪˈtwiːn/;difrıns / bitwiin;See the difference between them.;Aralarındaki farkı gör.;3;2
direct;doğrudan;/dəˈrekt/;direkt;Give a direct answer.;Doğrudan cevap ver.;1;2
direction (instruction);talimat;/dəˈrekʃən/;direkşın;Follow the direction carefully.;Talimatı dikkatlice takip et.;2;2
disagree with;katılmamak;/ˌdɪsəˈɡriː/ /wɪð/;disegrii / widh;I disagree with you.;Sana katılmıyorum.;7;2
disappear;kaybolmak;/ˌdɪsəˈpɪr/;disapir;The cat disappears suddenly.;Kedi aniden kayboluyor.;1;2
distance (measure);mesafe;/ˈdɪstəns/;distıns;The distance is long.;Mesafe uzun.;3;2
divide into;bölmek;/dɪˈvaɪd/ /ˈɪntuː/;divayd / intu;Divide it into parts.;Onu parçalara böl.;3;2
double;iki katına çıkarmak;/ˈdʌbəl/;dabıl;The price doubles.;Fiyat iki katına çıkıyor.;3;2
drop;düşürmek;/drɒp/;drop;He drops the phone.;Telefonu düşürüyor.;1;2
dry;kuru;/draɪ/;dray;The clothes are dry.;Kıyafetler kuru.;1;2
earn (job);kazanmak;/ɜːrn/;örn;He earns good money.;İyi para kazanıyor.;2;2
easily;kolayca;/ˈiːzəli/;iizılı;She learns easily.;Kolayca öğreniyor.;1;2
education system;eğitim sistemi;/ˌedʒuˈkeɪʃən/ /ˈsɪstəm/;ejukeyşın / sistım;The education system changes.;Eğitim sistemi değişiyor.;3;2
effect on;üzerindeki etki;/ɪˈfekt/ /ɒn/;ifekt / on;This has an effect on me.;Bunun üzerimde etkisi var.;3;2
effort;çaba;/ˈefərt/;efırt;He makes great effort.;Büyük çaba gösteriyor.;2;2
encourage;teşvik etmek;/ɪnˈkʌrɪdʒ/;inkırıc;Teachers encourage students.;Öğretmenler öğrencileri teşvik eder.;7;2
energy level;enerji seviyesi;/ˈenərdʒi/ /ˈlevəl/;enırci / levıl;My energy level is high.;Enerji seviyem yüksek.;5;2
engineer;mühendis;/ˌendʒɪˈnɪr/;encinır;He is an engineer.;O bir mühendis.;6;2
enjoy life;hayatın tadını çıkarmak;/ɪnˈdʒɔɪ/ /laɪf/;incoy / layf;Enjoy your life.;Hayatın tadını çıkar.;7;2
enter room;odaya girmek;/ˈentər/ /ruːm/;entır / ruum;Enter the room quietly.;Odaya sessizce gir.;1;2
environment problem;çevre sorunu;/ɪnˈvaɪrənmənt/ /ˈprɒbləm/;invayrınmınt / problım;Pollution is an environment problem.;Kirlilik bir çevre sorunudur.;6;2
equal;eşit;/ˈiːkwəl/;iikvıl;All are equal here.;Burada herkes eşit.;3;2
escape;kaçmak;/ɪˈskeɪp/;iskeyp;He escapes from danger.;Tehlikeden kaçıyor.;1;2
especially for;özellikle için;/ɪˈspeʃəli/ /fɔːr/;ispeshılı / for;This is especially for you.;Bu özellikle senin için.;3;2
essential;gerekli;/ɪˈsenʃəl/;isenşıl;Water is essential.;Su gereklidir.;3;2
establish;kurmak;/ɪˈstæblɪʃ/;istabliş;They establish a company.;Bir şirket kuruyorlar.;2;2
even;bile;/ˈiːvən/;iivın;Even he knows it.;O bile bunu biliyor.;1;2
exact time;tam zaman;/ɪɡˈzækt/ /taɪm/;igzekt / taym;Tell me the exact time.;Bana tam zamanı söyle.;1;2
examine;incelemek;/ɪɡˈzæmɪn/;igzemin;The doctor examines him.;Doktor onu inceliyor.;3;2
exchange;değiştirmek;/ɪksˈtʃeɪndʒ/;iksçeync;We exchange ideas.;Fikir alışverişi yapıyoruz.;2;2
exist;var olmak;/ɪɡˈzɪst/;igzist;Many problems exist.;Birçok problem var.;3;2
expect result;sonuç beklemek;/ɪkˈspekt/ /rɪˈzʌlt/;ikspekt / rizalt;I expect good results.;İyi sonuçlar bekliyorum.;3;2
expensive;pahalı;/ɪkˈspensɪv/;ikspensiv;This car is expensive.;Bu araba pahalı.;2;2
explain clearly;açıkça anlatmak;/ɪkˈspleɪn/ /ˈklɪrli/;ikspleyn / klirli;Explain it clearly.;Onu açıkça anlat.;3;2
express;ifade etmek;/ɪkˈspres/;ikspres;She expresses her feelings.;Duygularını ifade ediyor.;7;2
extend;uzatmak;/ɪkˈstend/;ikstend;Extend the deadline.;Son tarihi uzat.;3;2
extra;ekstra;/ˈekstrə/;ekstra;I need extra time.;Ek zam gerekiyor.;1;2
fail exam;sınavdan kalmak;/feɪl/ /ɪɡˈzæm/;feyl / igzem;He fails the exam.;Sınavdan kalıyor.;3;2
fair;adil;/fer/;fer;This decision is fair.;Bu karar adil.;7;2
fall down;düşmek;/fɔːl/ /daʊn/;fool / daun;He falls down.;Düşüyor.;8;2
familiar;tanıdık;/fəˈmɪliər/;familıyır;This place is familiar.;Burası tanıdık.;1;2
famous;ünlü;/ˈfeɪməs/;feymıs;She is famous.;O ünlü.;7;2
far away;çok uzak;/fɑːr/ /əˈweɪ/;far / aveey;The school is far away.;Okul çok uzak.;4;2
feature;özellik;/ˈfiːtʃər/;fiiçır;This phone has many features.;Bu telefonun birçok özelliği var.;6;2
feed;beslemek;/fiːd/;fiid;She feeds the cat.;Kediyi besliyor.;1;2
field;alan;/fiːld/;fiild;He works in this field.;Bu alanda çalışıyor.;3;2
fight;kavga etmek;/faɪt/;fayt;They fight often.;Sık sık kavga ederler.;7;2
figure out;çözmek;/ˈfɪɡjər/ /aʊt/;figyır / aut;I figure out the problem.;Problemi çözüyorum.;8;2
fill;doldurmak;/fɪl/;fil;Fill the glass.;Bardağı doldur.;1;2
final;final;/ˈfaɪnəl/;faynıl;This is the final decision.;Bu son karar.;3;2
focus on;odaklanmak;/ˈfoʊkəs/ /ɒn/;foukıs / on;Focus on your work.;İşine odaklan.;3;2
follow rule;kurala uymak;/ˈfɒloʊ/ /ruːl/;folo / ruul;Follow the rules.;Kurallara uy.;1;2
force;zorlamak;/fɔːrs/;fors;They force him to leave.;Onu gitmeye zorluyorlar.;7;2
foreign;yabancı;/ˈfɒrən/;forın;He learns a foreign language.;Yabancı dil öğreniyor.;4;2
formal;resmi;/ˈfɔːrməl/;formıl;Wear formal clothes.;Resmi kıyafet giy.;2;2
former;eski;/ˈfɔːrmər/;formır;He is a former player.;O eski bir oyuncu.;3;2
forward;ileri;/ˈfɔːrwərd/;forvırd;Move forward slowly.;Yavaşça ileri git.;1;2
free time;boş zaman;/friː/ /taɪm/;frii / taym;I read in my free time.;Boş zamanımda okurum.;7;2
frequently;sık sık;/ˈfriːkwəntli/;friikvıntli;He visits frequently.;Sık sık ziyaret eder.;1;2
fresh;taze;/freʃ/;freş;The bread is fresh.;Ekmek taze.;1;2
full of;dolu;/fʊl/ /əv/;ful / ıv;The box is full of books.;Kutu kitaplarla dolu.;1;2
function;işlev;/ˈfʌŋkʃən/;fankşın;This button has a function.;Bu düğmenin bir işlevi var.;6;2
general;genel;/ˈdʒenərəl/;cenırıl;This is a general idea.;Bu genel bir fikir.;1;2
generate;üretmek;/ˈdʒenəreɪt/;cenıreyt;This generates energy.;Bu enerji üretir.;6;2
gentle;nazik;/ˈdʒentl/;centıl;Be gentle with it.;Ona nazik davran.;7;2
get better;iyileşmek;/ɡet/ /ˈbetər/;get / beter;I get better every day.;Her gün iyileşiyorum.;8;2
give up;vazgeçmek;/ɡɪv/ /ʌp/;giv / ap;Don’t give up.;Vazgeçme.;8;2
go ahead;devam et;/ɡoʊ/ /əˈhed/;gou / ahed;Go ahead and start.;Devam et ve başla.;8;2
go back;geri gitmek;/ɡoʊ/ /bæk/;gou / bek;I go back home.;Eve geri gidiyorum.;8;2
go out;dışarı çıkmak;/ɡoʊ/ /aʊt/;gou / aut;We go out tonight.;Bu akşam dışarı çıkıyoruz.;8;2
grow fast;hızlı büyümek;/ɡroʊ/ /fæst/;grou / fest;Children grow fast.;Çocuklar hızlı büyür.;1;2
handle;yönetmek;/ˈhændl/;hendl;He handles the problem.;Problemi yönetiyor.;2;2
happen again;tekrar olmak;/ˈhæpən/ /əˈɡen/;hepın / agen;It happens again.;Tekrar oluyor.;1;2
hard work;sıkı çalışma;/hɑːrd/ /wɜːrk/;hard / vörk;Hard work brings success.;Sıkı çalışma başarı getirir.;2;2
harm;zarar vermek;/hɑːrm/;harm;This harms the environment.;Bu çevreye zarar verir.;5;2
helpful;yardımcı;/ˈhelpfəl/;helpfıl;She is very helpful.;O çok yardımsever.;7;2
hide;saklamak;/haɪd/;hayd;Hide the key.;Anahtarı sakla.;1;2
highlight;vurgulamak;/ˈhaɪlaɪt/;haylayt;Highlight the important part.;Önemli kısmı vurgula.;3;2
hire;işe almak;/ˈhaɪər/;hayır;They hire new workers.;Yeni çalışanlar işe alıyorlar.;2;2
hold on;beklemek;/hoʊld/ /ɒn/;hould / on;Hold on a minute.;Bir dakika bekle.;8;2
improve health;sağlığı geliştirmek;/ɪmˈpruːv/ /helθ/;impruuv / helt;Exercise improves health.;Egzersiz sağlığı geliştirir.;5;2
increase;artırmak;/ɪnˈkriːs/;inkriis;Prices increase daily.;Fiyatlar her gün artar.;3;2
influence;etkilemek;/ˈɪnfluəns/;influıns;Friends influence you.;Arkadaşlar seni etkiler.;3;2
inform;bilgilendirmek;/ɪnˈfɔːrm/;inform;Inform me about it.;Beni bu konuda bilgilendir.;2;2
join;katılmak;/dʒɔɪn/;coin;I join the meeting.;Toplantıya katılıyorum.;7;2
keep;tutmak;/kiːp/;kiip;Keep the door closed.;Kapıyı kapalı tut.;1;2
key point;ana nokta;/kiː/ /pɔɪnt/;kii / point;This is the key point.;Bu ana nokta.;3;2
kick;tekme atmak;/kɪk/;kik;He kicks the ball.;Topa tekme atıyor.;1;2
kill;öldürmek;/kɪl/;kil;The hunter kills the animal.;Avcı hayvanı öldürüyor.;5;2
knock;kapıyı çalmak;/nɒk/;nok;Knock on the door.;Kapıyı çal.;1;2
lack;eksiklik;/læk/;lek;There is a lack of time.;Zaman eksikliği var.;3;2
land (noun);toprak;/lænd/;lend;This land is fertile.;Bu toprak verimli.;3;2
language skill;dil becerisi;/ˈlæŋɡwɪdʒ/ /skɪl/;lenggwiç / skil;She improves her language skills.;Dil becerilerini geliştiriyor.;3;2
large;geniş / büyük;/lɑːrdʒ/;larc;They live in a large house.;Büyük bir evde yaşıyorlar.;1;2
last long;uzun sürmek;/læst/ /lɒŋ/;lest / long;The meeting lasts long.;Toplantı uzun sürüyor.;1;2
lead (verb);liderlik etmek;/liːd/;liid;He leads the team.;Takımı yönetiyor.;2;2
learn from;#AD?;/lɜːrn/ /frɒm/;lärn / from;I learn from my mistakes.;Hatalarımdan öğreniyorum.;3;2
leave early;erken ayrılmak;/liːv/ /ˈɜːrli/;liiv / örli;I leave early today.;Bugün erken ayrılıyorum.;4;2
legal;yasal;/ˈliːɡəl/;liigıl;This is a legal action.;Bu yasal bir işlem.;2;2
lend to;ödünç vermek;/lend/ /tuː/;lend / tu;I lend money to him.;Ona para ödünç veriyorum.;2;2
level;seviye;/ˈlevəl/;levıl;My level is improving.;Seviyem gelişiyor.;3;2
limit;sınır;/ˈlɪmɪt/;limit;There is a speed limit.;Hız sınırı var.;3;2
link (verb);bağlamak;/lɪŋk/;link;Link the files together.;Dosyaları birbirine bağla.;6;2
list (verb);listelemek;/lɪst/;list;List all the items.;Tüm öğeleri listele.;3;2
local;yerel;/ˈloʊkəl/;loukıl;This is a local shop.;Bu yerel bir dükkan.;4;2
locate;yerini bulmak;/ˈloʊkeɪt/;loukeyt;Locate the address.;Adresi bul.;6;2
lock (verb);kilitlemek;/lɒk/;lok;Lock the door.;Kapıyı kilitle.;1;2
look after;ilgilenmek;/lʊk/ /ˈæftər/;luk / eftır;She looks after children.;Çocuklarla ilgileniyor.;8;2
look for;aramak;/lʊk/ /fɔːr/;luk / for;I look for my keys.;Anahtarlarımı arıyorum.;8;2
look like;benzemek;/lʊk/ /laɪk/;luk / layk;He looks like his father.;Babasına benziyor.;8;2
lose weight;kilo vermek;/luːz/ /weɪt/;luuz / weyt;I want to lose weight.;Kilo vermek istiyorum.;5;2
loud;yüksek sesli;/laʊd/;laud;The music is loud.;Müzik yüksek sesli.;1;2
lower;azaltmak;/ˈloʊər/;louır;Lower the volume.;Sesi azalt.;3;2
main;ana;/meɪn/;meyn;This is the main idea.;Bu ana fikir.;3;2
manage;yönetmek;/ˈmænɪdʒ/;menic;She manages the company.;Şirketi yönetiyor.;2;2
mark (verb);işaretlemek;/mɑːrk/;mark;Mark the correct answer.;Doğru cevabı işaretle.;3;2
matter;önemli olmak;/ˈmætər/;metır;It matters a lot.;Bu çok önemli.;1;2
mean;anlamına gelmek;/miːn/;miin;This word means something.;Bu kelime bir şey ifade eder.;3;2
measure;ölçmek;/ˈmeʒər/;mejır;Measure the length.;Uzunluğu ölç.;3;2
mention;bahsetmek;/ˈmenʃən/;menşın;He mentions your name.;Adından bahsediyor.;3;2
mind (care);önemsemek;/maɪnd/;maynd;I mind your opinion.;Görüşünü önemsiyorum.;7;2
miss;kaçırmak;/mɪs/;mis;I miss the bus.;Otobüsü kaçırıyorum.;1;2
mix;karıştırmak;/mɪks/;miks;Mix the ingredients.;Malzemeleri karıştır.;1;2
modern;modern;/ˈmɒdərn/;modırn;This is a modern building.;Bu modern bir bina.;6;2
moment;an;/ˈmoʊmənt/;moumınt;Wait a moment.;Bir an bekle.;1;2
move on;devam etmek;/muːv/ /ɒn/;muuv / on;Let’s move on.;Devam edelim.;8;2
natural;doğal;/ˈnætʃərəl/;neçırıl;This is natural.;Bu doğal.;3;2
nearly;neredeyse;/ˈnɪrli/;nirli;I nearly finish it.;Neredeyse bitiriyorum.;1;2
necessary step;gerekli adım;/ˈnesəseri/ /step/;nesıseri / step;This is a necessary step.;Bu gerekli bir adım.;3;2
need (noun);ihtiyaç;/niːd/;niid;I have a need.;Bir ihtiyacım var.;1;2
notice;fark etmek;/ˈnoʊtɪs/;nouṭis;I notice the change.;Değişikliği fark ediyorum.;1;2
offer help;yardım teklif etmek;/ˈɒfər/ /help/;ofır / help;I offer help.;Yardım teklif ediyorum.;7;2
operate;çalıştırmak;/ˈɒpəreɪt/;opıreyt;He operates the machine.;Makineyi çalıştırıyor.;6;2
order food;yemek siparişi vermek;/ˈɔːrdər/ /fuːd/;ordır / fuud;I order food online.;Online yemek siparişi veriyorum.;4;2
ordinary;sıradan;/ˈɔːrdənəri/;ordınıri;This is an ordinary day.;Bu sıradan bir gün.;1;2
organize event;etkinlik düzenlemek;/ˈɔːrɡənaɪz/ /ɪˈvent/;orgınayz / ivent;They organize an event.;Bir etkinlik düzenliyorlar.;2;2
own (verb);sahip olmak;/oʊn/;oun;I own this house.;Bu eve sahibim.;1;2
pack bag;çanta hazırlamak;/pæk/ /bæɡ/;pek / beg;Pack your bag.;Çantanı hazırla.;4;2
part;parça;/pɑːrt/;part;This is a part of it.;Bu onun bir parçası.;1;2
pass by;yanından geçmek;/pæs/ /baɪ/;pes / bay;He passes by me.;Yanımdan geçiyor.;8;2
perform;performans sergilemek;/pərˈfɔːrm/;pırform;She performs on stage.;Sahne performansı sergiliyor.;7;2
perhaps;belki;/pərˈhæps/;pırheps;Perhaps he is right.;Belki o haklıdır.;1;2
pick up;almak;/pɪk/ /ʌp/;pik / ap;I pick up the phone.;Telefonu alıyorum.;8;2
place (put);koymak;/pleɪs/;pleys;Place it on the table.;Onu masaya koy.;1;2
plan trip;gezi planlamak;/plæn/ /trɪp/;plen / trip;We plan a trip.;Bir gezi planlıyoruz.;4;2
play role;rol oynamak;/pleɪ/ /roʊl/;pley / roul;He plays an important role.;Önemli bir rol oynuyor.;7;2
point out;belirtmek;/pɔɪnt/ /aʊt/;point / aut;She points out the mistake.;Hatayı belirtiyor.;8;2
prepare food;yemek hazırlamak;/prɪˈper/ /fuːd/;pripair / fuud;She prepares food.;Yemek hazırlıyor.;1;2
present;sunmak;/prɪˈzent/;prizent;He presents the project.;Projeyi sunuyor.;2;2
prevent;önlemek;/prɪˈvent/;privent;This prevents problems.;Bu sorunları önler.;3;2
produce;üretmek;/prəˈduːs/;prodüs;They produce goods.;Ürün üretiyorlar.;6;2
protect;korumak;/prəˈtekt/;protekt;Protect your health.;Sağlığını koru.;5;2
provide;sağlamak;/prəˈvaɪd/;provayd;They provide service.;Hizmet sağlıyorlar.;2;2
public;halka açık;/ˈpʌblɪk/;pablik;This place is public.;Burası halka açık.;1;2
publish;yayınlamak;/ˈpʌblɪʃ/;pabliş;They publish a book.;Kitap yayınlıyorlar.;3;2
pull;çekmek;/pʊl/;pul;Pull the door.;Kapıyı çek.;1;2
push;itmek;/pʊʃ/;puş;Push the door.;Kapıyı it.;1;2
reach;ulaşmak;/riːtʃ/;riç;I reach my goal.;Hedefime ulaşıyorum.;1;2
react;tepki vermek;/riˈækt/;riyekt;He reacts quickly.;Hızlı tepki veriyor.;7;2
realize;farkına varmak;/ˈrɪəlaɪz/;riyelayz;I realize my mistake.;Hatamın farkına varıyorum.;3;2
receive message;mesaj almak;/rɪˈsiːv/ /ˈmesɪdʒ/;risiiv / mesic;I receive a message.;Mesaj alıyorum.;6;2
reduce;azaltmak;/rɪˈduːs/;riduus;Reduce the cost.;Maliyeti azalt.;3;2
refer to;atıfta bulunmak;/rɪˈfɜːr/ /tuː/;riför / tu;Refer to the book.;Kitaba atıfta bulun.;3;2
refuse offer;teklifi reddetmek;/rɪˈfjuːz/ /ˈɒfər/;rifüuz / ofır;He refuses the offer.;Teklifi reddediyor.;2;2
remain;kalmak;/rɪˈmeɪn/;rimeyn;He remains calm.;Sakin kalıyor.;1;2
remind;hatırlatmak;/rɪˈmaɪnd/;rimaynd;Remind me later.;Bana sonra hatırlat.;7;2
remove;kaldırmak;/rɪˈmuːv/;rimuuv;Remove the file.;Dosyayı kaldır.;1;2
replace;değiştirmek;/rɪˈpleɪs/;ripleys;Replace the old one.;Eskisini değiştir.;3;2
reply;cevap vermek;/rɪˈplaɪ/;riplay;I reply to the email.;E-postaya cevap veriyorum.;2;2
report problem;sorun bildirmek;/rɪˈpɔːrt/ /ˈprɒbləm/;riporṭ / problım;Report the problem.;Sorunu bildir.;2;2
request;talep etmek;/rɪˈkwest/;rikwest;I request help.;Yardım talep ediyorum.;2;2
require;gerektirmek;/rɪˈkwaɪər/;rikwayır;This requires effort.;Bu çaba gerektirir.;3;2
respond;yanıt vermek;/rɪˈspɒnd/;rispond;Please respond quickly.;Lütfen hızlı yanıt ver.;2;2
rest (noun);dinlenme;/rest/;rest;Take a rest.;Dinlen.;5;2
result in;sonuçlanmak;/rɪˈzʌlt/ /ɪn/;rizalt / in;This results in success.;Bu başarıyla sonuçlanır.;3;2
return item;ürünü iade etmek;/rɪˈtɜːrn/ /ˈaɪtəm/;ritörn / aytım;Return the item.;Ürünü iade et.;2;2
rise;yükselmek;/raɪz/;rayz;Prices rise fast.;Fiyatlar hızlı yükseliyor.;3;2
risk;risk;/rɪsk/;risk;This is a big risk.;Bu büyük bir risk.;2;2
roll;yuvarlamak;/roʊl/;roul;Roll the ball.;Topu yuvarla.;1;2
rule (follow);kurala uymak;/ruːl/;ruul;Follow the rules.;Kurallara uy.;1;2
rush;acele etmek;/rʌʃ/;raş;Don’t rush.;Acele etme.;1;2
safe place;güvenli yer;/seɪf/ /pleɪs/;seyf / pleys;This is a safe place.;Burası güvenli bir yer.;1;2
save time;zaman kazanmak;/seɪv/ /taɪm/;seyv / taym;This method saves time.;Bu yöntem zaman kazandırır.;2;2
say sorry;özür dilemek;/seɪ/ /ˈsɒri/;sey / sori;I say sorry for my mistake.;Hatam için özür diliyorum.;7;2
scare;korkutmak;/sker/;sker;The noise scares me.;Gürültü beni korkutuyor.;7;2
search for;aramak;/sɜːrtʃ/ /fɔːr/;sörç / for;I search for my phone.;Telefonumu arıyorum.;8;2
seem;gibi görünmek;/siːm/;siim;He seems tired.;Yorgun gibi görünüyor.;1;2
select option;seçenek seçmek;/sɪˈlekt/ /ˈɒpʃən/;silekt / opşın;Select an option.;Bir seçenek seç.;2;2
sell out;tükenmek;/sel/ /aʊt/;sel / aut;Tickets sell out quickly.;Biletler hızlı tükenir.;2;2
send back;geri göndermek;/send/ /bæk/;send / bek;Send back the product.;Ürünü geri gönder.;2;2
separate;ayırmak;/ˈsepəreɪt/;sepıreyt;Separate the items.;Eşyaları ayır.;3;2
serious;ciddi;/ˈsɪriəs/;siriıs;This is a serious problem.;Bu ciddi bir problem.;7;2
serve;servis etmek;/sɜːrv/;سرو (serv);They serve food here.;Burada yemek servis ediyorlar.;2;2
set up;kurmak;/set/ /ʌp/;set / ap;They set up a system.;Bir sistem kuruyorlar.;8;2
settle;yerleşmek;/ˈsetl/;setıl;They settle in a new city.;Yeni bir şehre yerleşiyorlar.;1;2
share idea;fikir paylaşmak;/ʃer/ /aɪˈdɪə/;şer / aydiya;Share your idea.;Fikrini paylaş.;7;2
shoot;ateş etmek;/ʃuːt/;şuut;He shoots the target.;Hedefe ateş ediyor.;1;2
shout at;bağırmak;/ʃaʊt/ /æt/;şaut / et;Don’t shout at me.;Bana bağırma.;7;2
show up;ortaya çıkmak;/ʃoʊ/ /ʌp/;şou / ap;He shows up late.;Geç ortaya çıkıyor.;8;2
shut down;kapatmak;/ʃʌt/ /daʊn/;şat / daun;The company shuts down.;Şirket kapanıyor.;8;2
sign (verb);imzalamak;/saɪn/;sayn;Sign the paper.;Kağıdı imzala.;2;2
simple;basit;/ˈsɪmpəl/;simpıl;This is simple.;Bu basit.;1;2
since;#AD?;/sɪns/;sins;I live here since 2020.;2020’den beri burada yaşıyorum.;3;2
situation;durum;/ˌsɪtʃuˈeɪʃən/;siçueyşın;The situation is bad.;Durum kötü.;3;2
skill;beceri;/skɪl/;skil;She has good skills.;İyi becerilere sahip.;3;2
solve;çözmek;/sɒlv/;solv;Solve the problem.;Problemi çöz.;3;2
sort;sıralamak;/sɔːrt/;sort;Sort the list.;Listeyi sırala.;3;2
sound like;gibi gelmek;/saʊnd/ /laɪk/;saund / layk;It sounds like a plan.;Plan gibi geliyor.;8;2
speak up;yüksek sesle konuşmak;/spiːk/ /ʌp/;spiik / ap;Speak up please.;Lütfen yüksek sesle konuş.;7;2
spend time;zaman harcamak;/spend/ /taɪm/;spend / taym;I spend time reading.;Zamanımı okuyarak geçiriyorum.;1;2
stand up;ayağa kalkmak;/stænd/ /ʌp/;stend / ap;Stand up now.;Şimdi ayağa kalk.;8;2
start again;yeniden başlamak;/stɑːrt/ /əˈɡen/;start / agen;Let’s start again.;Yeniden başlayalım.;8;2
stay calm;sakin kalmak;/steɪ/ /kɑːm/;stey / kaam;Stay calm please.;Lütfen sakin kal.;7;2
step by step;adım adım;/step/ /baɪ/ /step/;step / bay / step;Do it step by step.;Adım adım yap.;3;2
stick;yapışmak;/stɪk/;stik;The paper sticks.;Kağıt yapışıyor.;1;2
still;hala;/stɪl/;stil;I still wait.;Hala bekliyorum.;1;2
store;saklamak;/stɔːr/;stor;Store the data.;Veriyi sakla.;1;2
strange;garip;/streɪndʒ/;streync;This is strange.;Bu garip.;7;2
stress;stres;/stres/;stres;Stress affects health.;Stres sağlığı etkiler.;5;2
stretch;uzatmak;/stretʃ/;streç;Stretch your arms.;Kollarını uzat.;5;2
strong feeling;güçlü duygu;/strɒŋ/ /ˈfiːlɪŋ/;strong / fiiling;I have a strong feeling.;Güçlü bir hisse sahibim.;7;2
succeed;başarmak;/səkˈsiːd/;saksiiid;He succeeds in life.;Hayatta başarılı oluyor.;2;2
suggest idea;fikir önermek;/səˈdʒest/ /aɪˈdɪə/;sacest / aydiya;She suggests an idea.;Bir fikir öneriyor.;7;2
supply;sağlamak;/səˈplaɪ/;saplay;They supply water.;Su sağlıyorlar.;2;2
support (verb);desteklemek;/səˈpɔːrt/;saport;I support you.;Seni destekliyorum.;7;2
suppose;varsaymak;/səˈpoʊz/;sapouz;I suppose he is right.;Onun haklı olduğunu varsayıyorum.;3;2
surprise (verb);şaşırtmak;/sərˈpraɪz/;sırprayz;This surprises me.;Bu beni şaşırtıyor.;7;2
survive;hayatta kalmak;/sərˈvaɪv/;sırvayv;He survives the accident.;Kazadan sağ çıkıyor.;5;2
take care;dikkat etmek;/teɪk/ /ker/;teyk / ker;Take care of yourself.;Kendine dikkat et.;8;2
take place;gerçekleşmek;/teɪk/ /pleɪs/;teyk / pleys;The event takes place tomorrow.;Etkinlik yarın gerçekleşir.;8;2
take part;katılmak;/teɪk/ /pɑːrt/;teyk / part;I take part in the game.;Oyuna katılıyorum.;8;2
take photo;fotoğraf çekmek;/teɪk/ /ˈfoʊtoʊ/;teyk / foto;I take a photo.;Fotoğraf çekiyorum.;4;2
take risk;risk almak;/teɪk/ /rɪsk/;teyk / risk;He takes a risk.;Risk alıyor.;2;2
take time;zaman almak;/teɪk/ /taɪm/;teyk / taym;This takes time.;Bu zaman alır.;1;2
talk about;hakkında konuşmak;/tɔːk/ /əˈbaʊt/;tolk / abaut;We talk about it.;Onun hakkında konuşuyoruz.;8;2
teach someone;birine öğretmek;/tiːtʃ/ /ˈsʌmwʌn/;tiiç / samvan;I teach him English.;Ona İngilizce öğretiyorum.;3;2
tell truth;doğruyu söylemek;/tel/ /truːθ/;tel / truuth;Tell the truth.;Doğruyu söyle.;7;2
tend to;eğiliminde olmak;/tend/ /tuː/;tend / tu;I tend to forget.;Unutmaya eğilimliyim.;3;2
thank for;teşekkür etmek;/θæŋk/ /fɔːr/;tenk / for;Thank you for help.;Yardım için teşekkürler.;7;2
think about;hakkında düşünmek;/θɪŋk/ /əˈbaʊt/;tink / abaut;Think about it.;Onu düşün.;8;2
throw away;çöpe atmak;/θroʊ/ /əˈweɪ/;trow / aveey;Throw away the trash.;Çöpü at.;8;2
tidy up;toparlamak;/ˈtaɪdi/ /ʌp/;taydi / ap;Tidy up your room.;Odanı toparla.;8;2
touch (feel);dokunmak;/tʌtʃ/;taç;Don’t touch it.;Ona dokunma.;5;2
train (practice);antrenman yapmak;/treɪn/;treyn;I train every day.;Her gün antrenman yapıyorum.;5;2
treat;davranmak;/triːt/;triit;Treat people well.;İnsanlara iyi davran.;7;2
trust;güvenmek;/trʌst/;trast;I trust you.;Sana güveniyorum.;7;2
try on;denemek (kıyafet);/traɪ/ /ɒn/;tray / on;Try on this shirt.;Bu gömleği dene.;8;2
turn off;kapatmak;/tɜːrn/ /ɒf/;törn / of;Turn off the light.;Işığı kapat.;8;2
turn on;açmak;/tɜːrn/ /ɒn/;törn / on;Turn on the TV.;Televizyonu aç.;8;2
turn up;ortaya çıkmak;/tɜːrn/ /ʌp/;törn / ap;He turns up late.;Geç ortaya çıkıyor.;8;2
use up;tüketmek;/juːz/ /ʌp/;yuuz / ap;We use up all water.;Tüm suyu tüketiyoruz.;8;2
value;değer;/ˈvæljuː/;velyu;This has great value.;Bunun büyük değeri var.;3;2
vary;değişmek;/ˈveri/;veri;Prices vary.;Fiyatlar değişir.;3;2
view;görüş;/vjuː/;vyu;This is my view.;Bu benim görüşüm.;3;2
visit place;ziyaret etmek;/ˈvɪzɪt/ /pleɪs/;vizit / pleys;I visit my friend.;Arkadaşımı ziyaret ediyorum.;4;2
wait for;beklemek;/weɪt/ /fɔːr/;weyt / for;I wait for you.;Seni bekliyorum.;8;2
wake up;uyanmak;/weɪk/ /ʌp/;weyk / ap;I wake up early.;Erken uyanıyorum.;8;2
walk away;uzaklaşmak;/wɔːk/ /əˈweɪ/;wok / aveey;He walks away.;Uzaklaşıyor.;8;2
warm up;ısınmak;/wɔːrm/ /ʌp/;worm / ap;Warm up before exercise.;Egzersizden önce ısın.;5;2
warn;uyarmak;/wɔːrn/;worn;They warn us.;Bizi uyarıyorlar.;7;2
waste;israf etmek;/weɪst/;weyst;Don’t waste time.;Zamanı boşa harcama.;2;2
watch out;dikkat etmek;/wɒtʃ/ /aʊt/;voç / aut;Watch out for cars.;Arabalara dikkat et.;8;2
wear out;yıpranmak;/wer/ /aʊt/;wer / aut;Shoes wear out fast.;Ayakkabılar hızlı yıpranır.;8;2
win game;oyun kazanmak;/wɪn/ /ɡeɪm/;win / geym;They win the game.;Oyunu kazanıyorlar.;1;2
work out;egzersiz yapmak;/wɜːrk/ /aʊt/;ورک / aut;I work out daily.;Her gün egzersiz yapıyorum.;8;2
worry about;endişelenmek;/ˈwɜːri/ /əˈbaʊt/;vöri / abaut;Don’t worry about it.;Bunun için endişelenme.;7;2
write down;not almak;/raɪt/ /daʊn/;rayt / daun;Write it down.;Not al.;8;2
look up;araştırmak;/lʊk/ /ʌp/;luk / ap;Look up the word.;Kelimeyi araştır.;8;2
break into;zorla girmek;/breɪk/ /ˈɪntuː/;breyk / intu;They break into the house.;Eve zorla giriyorlar.;8;2
carry out;gerçekleştirmek;/ˈkæri/ /aʊt/;keri / aut;Carry out the plan.;Planı gerçekleştir.;8;2
come across;rastlamak;/kʌm/ /əˈkrɒs/;kam / akros;I come across a friend.;Bir arkadaşıma rastlıyorum.;8;2
come back;geri gelmek;/kʌm/ /bæk/;kam / bek;Come back soon.;Yakında geri gel.;8;2
cut down;azaltmak;/kʌt/ /daʊn/;kat / daun;Cut down the trees.;Ağaçları azalt/kes.;8;2
fill in;doldurmak;/fɪl/ /ɪn/;fil / in;Fill in the form.;Formu doldur.;8;2
find out;öğrenmek;/faɪnd/ /aʊt/;faynd / aut;Find out the truth.;Gerçeği öğren.;8;2
get along;iyi geçinmek;/ɡet/ /əˈlɒŋ/;get / along;We get along well.;İyi geçiniyoruz.;8;2
get off;inmek;/ɡet/ /ɒf/;get / of;Get off the bus.;Otobüsten in.;8;2
get on;binmek;/ɡet/ /ɒn/;get / on;Get on the train.;Trene bin.;8;2
give back;geri vermek;/ɡɪv/ /bæk/;giv / bek;Give back my book.;Kitabımı geri ver.;8;2
go on;devam etmek;/ɡoʊ/ /ɒn/;gou / on;Go on speaking.;Konuşmaya devam et.;8;2
accurate;doğru / hatasız;/ˈækjərət/;akyırıt;The answer is accurate.;Cevap doğru/hatasız.;3;2
achieve result;sonuç elde etmek;/əˈtʃiːv/ /rɪˈzʌlt/;açiiv / rizalt;We achieve good results.;İyi sonuçlar elde ediyoruz.;2;2
act like;gibi davranmak;/ækt/ /laɪk/;ekt / layk;He acts like a child.;Çocuk gibi davranıyor.;8;2
actual;gerçek;/ˈæktʃuəl/;ekçual;This is the actual reason.;Bu gerçek sebep.;1;2
add up;toplamak;/æd/ /ʌp/;ed / ap;Add up the numbers.;Sayıları topla.;8;2
adjust to;uyum sağlamak;/əˈdʒʌst/ /tuː/;ecast / tu;He adjusts to new life.;Yeni hayata uyum sağlıyor.;8;2
admire;hayran olmak;/ədˈmaɪər/;admayır;I admire her talent.;Onun yeteneğine hayranım.;7;2
admit;kabul etmek;/ədˈmɪt/;admit;He admits his mistake.;Hatasını kabul ediyor.;7;2
advance;ilerlemek;/ədˈvæns/;advens;Technology advances fast.;Teknoloji hızlı ilerliyor.;2;2
affect result;sonucu etkilemek;/əˈfekt/ /rɪˈzʌlt/;afekt / rizalt;This affects the result.;Bu sonucu etkiler.;3;2
afford to buy;satın alabilmek;/əˈfɔːrd/ /tuː/ /baɪ/;aford / tu / bay;I afford to buy it.;Onu satın alabiliyorum.;2;2
aim at;hedeflemek;/eɪm/ /æt/;eym / et;He aims at success.;Başarıyı hedefliyor.;8;2
alert;uyanık / dikkatli;/əˈlɜːrt/;alört;Stay alert always.;Her zaman dikkatli ol.;1;2
allow access;erişime izin vermek;/əˈlaʊ/ /ˈækses/;alav / akses;They allow access here.;Buraya erişime izin veriyorlar.;6;2
announce news;haber duyurmak;/əˈnaʊns/ /njuːz/;anauns / nyuuz;They announce the news.;Haberi duyuruyorlar.;2;2
annoy someone;birini sinirlendirmek;/əˈnɔɪ/ /ˈsʌmwʌn/;anoy / samvan;He annoys me.;Beni sinirlendiriyor.;7;2
apart;ayrı;/əˈpɑːrt/;apart;We live apart.;Ayrı yaşıyoruz.;1;2
apply method;yöntem uygulamak;/əˈplaɪ/ /ˈmeθəd/;aplai / metad;Apply this method.;Bu yöntemi uygula.;3;2
arrange meeting;toplantı ayarlamak;/əˈreɪndʒ/ /ˈmiːtɪŋ/;areync / miiting;We arrange a meeting.;Bir toplantı ayarlıyoruz.;2;2
arrive on time;zamanında varmak;/əˈraɪv/ /ɒn/ /taɪm/;arayv / on / taym;I arrive on time.;Zamanında varıyorum.;4;2
assume;varsaymak;/əˈsuːm/;asuum;I assume he is right.;Onun haklı olduğunu varsayıyorum.;3;2
attempt;denemek;/əˈtempt/;atempt;He attempts to win.;Kazanmaya çalışıyor.;2;2
attract attention;dikkat çekmek;/əˈtrækt/ /əˈtenʃən/;atrakt / atenşın;This attracts attention.;Bu dikkat çeker.;7;2
avoid problem;problemden kaçınmak;/əˈvɔɪd/ /ˈprɒbləm/;avoıd / problım;Avoid this problem.;Bu problemden kaçın.;1;2
back up;desteklemek;/bæk/ /ʌp/;bek / ap;I back up your idea.;Fikrini destekliyorum.;8;2
base on;dayandırmak;/beɪs/ /ɒn/;beys / on;Base it on facts.;Bunu gerçeklere dayandır.;8;2
beat;yenmek;/biːt/;biit;They beat the team.;Takımı yeniyorlar.;1;2
behave badly;kötü davranmak;/bɪˈheɪv/ /ˈbædli/;biheiv / bedli;He behaves badly.;Kötü davranıyor.;7;2
benefit from;faydalanmak;/ˈbenɪfɪt/ /frɒm/;benifit / from;I benefit from this.;Bundan faydalanıyorum.;8;2
blame someone;birini suçlamak;/bleɪm/ /ˈsʌmwʌn/;bleym / samvan;Don’t blame me.;Beni suçlama.;7;2
block road;yolu kapatmak;/blɒk/ /roʊd/;blok / roud;They block the road.;Yolu kapatıyorlar.;4;2
board plane;uçağa binmek;/bɔːrd/ /pleɪn/;bord / pleyn;We board the plane.;Uçağa biniyoruz.;4;2
bother someone;birini rahatsız etmek;/ˈbɒðər/ /ˈsʌmwʌn/;bodır / samvan;Don’t bother her.;Onu rahatsız etme.;7;2
break rule;kuralı bozmak;/breɪk/ /ruːl/;breyk / ruul;He breaks the rule.;Kuralı bozuyor.;1;2
bring together;bir araya getirmek;/brɪŋ/ /təˈɡeðər/;bring / tıgedır;They bring people together.;İnsanları bir araya getiriyorlar.;8;2
build relationship;ilişki kurmak;/bɪld/ /rɪˈleɪʃənʃɪp/;bild / rileyşınşip;Build a good relationship.;İyi bir ilişki kur.;7;2
burn down;yanıp yok olmak;/bɜːrn/ /daʊn/;börn / daun;The house burns down.;Ev yanıp yok oluyor.;8;2
calculate cost;maliyet hesaplamak;/ˈkælkjuleɪt/ /kɒst/;kelkyuleyt / kost;Calculate the cost.;Maliyeti hesapla.;2;2
calm down;sakinleşmek;/kɑːm/ /daʊn/;kaam / daun;Calm down please.;Lütfen sakinleş.;8;2
care for;bakmak / ilgilenmek;/ker/ /fɔːr/;ker / for;She cares for children.;Çocuklarla ilgileniyor.;8;2
carry bag;çanta taşımak;/ˈkæri/ /bæɡ/;keri / beg;He carries a bag.;Çanta taşıyor.;1;2
catch cold;üşütmek;/kætʃ/ /koʊld/;keç / kould;I catch a cold.;Üşütüyorum.;5;2
cause problem;sorun yaratmak;/kɔːz/ /ˈprɒbləm/;koz / problım;This causes problems.;Bu sorun yaratır.;3;2
celebrate event;etkinlik kutlamak;/ˈseləbreɪt/ /ɪˈvent/;selebreyt / ivent;We celebrate the event.;Etkinliği kutluyoruz.;7;2
challenge yourself;kendine meydan okumak;/ˈtʃælɪndʒ/ /jɔːrˈself/;çelinc / yorself;Challenge yourself daily.;Kendine her gün meydan oku.;7;2
change plan;plan değiştirmek;/tʃeɪndʒ/ /plæn/;çeynç / plen;I change the plan.;Planı değiştiriyorum.;2;2
check again;tekrar kontrol etmek;/tʃek/ /əˈɡen/;çek / agen;Check it again.;Tekrar kontrol et.;2;2
choose wisely;akıllıca seçmek;/tʃuːz/ /ˈwaɪzli/;çuuz / vayzli;Choose wisely.;Akıllıca seç.;1;2
clear up;açıklığa kavuşturmak;/klɪr/ /ʌp/;klir / ap;Clear up the problem.;Sorunu açıklığa kavuştur.;8;2
climb down;aşağı inmek;/klaɪm/ /daʊn/;klaym / daun;He climbs down.;Aşağı iniyor.;8;2
collect data;veri toplamak;/kəˈlekt/ /ˈdeɪtə/;kolekt / deyta;Collect the data.;Veriyi topla.;3;2
communicate clearly;açık iletişim kurmak;/kəˈmjuːnɪkeɪt/ /ˈklɪrli/;komyunikeyt / klirli;Communicate clearly.;Açık iletişim kur.;2;2
compare results;sonuçları karşılaştırmak;/kəmˈper/ /rɪˈzʌlts/;komper / rizalts;Compare the results.;Sonuçları karşılaştır.;3;2
complain loudly;yüksek sesle şikayet etmek;/kəmˈpleɪn/ /ˈlaʊdli/;kompleyn / laudli;He complains loudly.;Yüksek sesle şikayet ediyor.;7;2
complete work;işi tamamlamak;/kəmˈpliːt/ /wɜːrk/;kompliit / vörk;Complete your work.;İşini tamamla.;2;2
concentrate fully;tamamen odaklanmak;/ˈkɒnsəntreɪt/ /ˈfʊli/;konsıntreyt / fuli;Concentrate fully now.;Şimdi tamamen odaklan.;3;2
confirm detail;detayı onaylamak;/kənˈfɜːrm/ /ˈdiːteɪl/;konfırm / diiteyl;Confirm the detail.;Detayı onayla.;2;2
connect devices;cihazları bağlamak;/kəˈnekt/ /dɪˈvaɪsɪz/;konekt / divaysiz;Connect the devices.;Cihazları bağla.;6;2
consider option;seçeneği düşünmek;/kənˈsɪdər/ /ˈɒpʃən/;konsidır / opşın;Consider this option.;Bu seçeneği düşün.;3;2
control situation;durumu kontrol etmek;/kənˈtroʊl/ /ˌsɪtʃuˈeɪʃən/;kontrol / siçueyşın;Control the situation.;Durumu kontrol et.;2;2
create plan;plan oluşturmak;/kriˈeɪt/ /plæn/;kriyeyt / plen;Create a plan.;Bir plan oluştur.;2;2
deal problem;sorunla uğraşmak;/diːl/ /ˈprɒbləm/;diil / problım;Deal with the problem.;Sorunla uğraş.;2;2
decrease price;fiyat düşürmek;/dɪˈkriːs/ /praɪs/;dikriis / prays;They decrease prices.;Fiyatları düşürüyorlar.;2;2
defend yourself;kendini savunmak;/dɪˈfend/ /jɔːrˈself/;difend / yorself;Defend yourself.;Kendini savun.;7;2
delay flight;uçuşu geciktirmek;/dɪˈleɪ/ /flaɪt/;diley / flayt;They delay the flight.;Uçuşu geciktiriyorlar.;4;2
demand answer;cevap talep etmek;/dɪˈmænd/ /ˈænsər/;dimend / ensır;He demands an answer.;Cevap talep ediyor.;2;2
depend entirely;tamamen bağlı olmak;/dɪˈpend/ /ɪnˈtaɪərli/;dipend / intayırli;It depends entirely on you.;Tamamen sana bağlı.;8;2
describe clearly;açıkça anlatmak;/dɪˈskraɪb/ /ˈklɪrli/;diskırayb / klirli;Describe it clearly.;Açıkça anlat.;3;2
design product;ürün tasarlamak;/dɪˈzaɪn/ /ˈprɒdʌkt/;dizayn / prodakt;They design a product.;Bir ürün tasarlıyorlar.;6;2
destroy building;bina yıkmak;/dɪˈstrɔɪ/ /ˈbɪldɪŋ/;distroı / bilding;They destroy the building.;Binayı yıkıyorlar.;1;2
develop system;sistem geliştirmek;/dɪˈveləp/ /ˈsɪstəm/;divelop / sistım;Develop the system.;Sistemi geliştir.;6;2
discover place;yer keşfetmek;/dɪˈskʌvər/ /pleɪs/;diskavır / pleys;Discover new places.;Yeni yerler keşfet.;4;2
discuss topic;konu tartışmak;/dɪˈskʌs/ /ˈtɒpɪk/;diskas / topik;Discuss the topic.;Konuyu tartış.;3;2
divide work;işi bölmek;/dɪˈvaɪd/ /wɜːrk/;divayd / vörk;Divide the work.;İşi böl.;2;2
double size;boyutu iki katına çıkarmak;/ˈdʌbəl/ /saɪz/;dabıl / sayz;Double the size.;Boyutu iki katına çıkar.;3;2
drop item;eşya düşürmek;/drɒp/ /ˈaɪtəm/;drop / aytım;He drops the item.;Eşyayı düşürüyor.;1;2
earn enough;yeterince kazanmak;/ɜːrn/ /ɪˈnʌf/;örn / inaf;I earn enough money.;Yeterince para kazanıyorum.;2;2
educate;eğitmek;/ˈedʒukeɪt/;ejukeyt;Teachers educate students.;Öğretmenler öğrencileri eğitir.;3;2
effect change;değişim yaratmak;/ɪˈfekt/ /tʃeɪndʒ/;ifekt / çeynç;This effects change.;Bu değişim yaratır.;3;2
encourage student;öğrenciyi teşvik etmek;/ɪnˈkʌrɪdʒ/ /ˈstuːdənt/;inkırıc / stuudınt;Encourage the student.;Öğrenciyi teşvik et.;3;2
enjoy moment;anın tadını çıkarmak;/ɪnˈdʒɔɪ/ /ˈmoʊmənt/;incoy / moumınt;Enjoy the moment.;Anın tadını çıkar.;7;2
enter building;binaya girmek;/ˈentər/ /ˈbɪldɪŋ/;entır / bilding;Enter the building.;Binaya gir.;1;2
environment issue;çevre sorunu;/ɪnˈvaɪrənmənt/ /ˈɪʃuː/;invayrınmınt / işu;This is an environment issue.;Bu bir çevre sorunu.;6;2
equal value;eşit değer;/ˈiːkwəl/ /ˈvæljuː/;iikvıl / velyu;These have equal value.;Bunlar eşit değerde.;3;2
escape danger;tehlikeden kaçmak;/ɪˈskeɪp/ /ˈdeɪndʒər/;iskeyp / deyncır;Escape from danger.;Tehlikeden kaç.;5;2
especially important;özellikle önemli;/ɪˈspeʃəli/ /ɪmˈpɔːrtənt/;ispeshılı / importınt;This is especially important.;Bu özellikle önemli.;3;2
establish rule;kural koymak;/ɪˈstæblɪʃ/ /ruːl/;istabliş / ruul;Establish new rules.;Yeni kurallar koy.;2;2
even now;şimdi bile;/ˈiːvən/ /naʊ/;iivın / nau;Even now, I remember.;Şimdi bile hatırlıyorum.;1;2
examine carefully;dikkatle incelemek;/ɪɡˈzæmɪn/ /ˈkerfəli/;igzemin / kerfıli;Examine it carefully.;Onu dikkatle incele.;3;2
exchange ideas;fikir alışverişi yapmak;/ɪksˈtʃeɪndʒ/ /aɪˈdɪəz/;iksçeync / aydiyaz;We exchange ideas.;Fikir alışverişi yapıyoruz.;7;2
exist today;bugün var olmak;/ɪɡˈzɪst/ /təˈdeɪ/;igzist / tıdey;This exists today.;Bu bugün var.;3;2
expect success;başarı beklemek;/ɪkˈspekt/ /səkˈses/;ikspekt / sakses;I expect success.;Başarı bekliyorum.;2;2
expensive item;pahalı ürün;/ɪkˈspensɪv/ /ˈaɪtəm/;ikspensiv / aytım;This is an expensive item.;Bu pahalı bir ürün.;2;2
express feeling;duygu ifade etmek;/ɪkˈspres/ /ˈfiːlɪŋ/;ikspres / fiiling;Express your feelings.;Duygularını ifade et.;7;2
extend time;süre uzatmak;/ɪkˈstend/ /taɪm/;ikstend / taym;Extend the time.;Süreyi uzat.;2;2
extra time;ekstra zaman;/ˈekstrə/ /taɪm/;ekstra / taym;I need extra time.;Ek zam lazım.;1;2
accept responsibility;sorumluluk kabul etmek;/əkˈsept/ /rɪˌspɒnsəˈbɪləti/;aksept / risponsıbıliti;He accepts responsibility.;Sorumluluk kabul ediyor.;2;2
access;erişim;/ˈækses/;akses;I have access to the system.;Sisteme erişimim var.;6;2
accomplish;başarmak;/əˈkɒmplɪʃ/;akompliş;She accomplishes her goals.;Hedeflerini başarıyor.;2;2
according to;#AD?;/əˈkɔːrdɪŋ/ /tuː/;akording / tu;According to him, it is easy.;Ona göre bu kolay.;3;2
account for;açıklamak;/əˈkaʊnt/ /fɔːr/;akaunt / for;This accounts for the delay.;Bu gecikmeyi açıklar.;8;2
achieve aim;amaca ulaşmak;/əˈtʃiːv/ /eɪm/;açiiv / eym;He achieves his aim.;Amacına ulaşıyor.;2;2
across from;karşısında;/əˈkrɒs/ /frɒm/;akros / from;The bank is across from school.;Banka okulun karşısında.;1;2
action;eylem;/ˈækʃən/;ekşın;Take action now.;Şimdi harekete geç.;1;2
active role;aktif rol;/ˈæktɪv/ /roʊl/;aktiv / roul;She plays an active role.;Aktif rol oynuyor.;2;2
adapt;uyum sağlamak;/əˈdæpt/;adapt;He adapts quickly.;Hızlı uyum sağlar.;1;2
additional cost;ek maliyet;/əˈdɪʃənəl/ /kɒst/;adişınıl / kost;There is additional cost.;Ek maliyet var.;2;2
address problem;problemi ele almak;/əˈdres/ /ˈprɒbləm/;adres / problım;Address the problem now.;Problemi şimdi ele al.;2;2
adjust settings;ayarları düzenlemek;/əˈdʒʌst/ /ˈsetɪŋz/;ecast / setings;Adjust the settings.;Ayarları düzenle.;6;2
admire someone;birine hayran olmak;/ədˈmaɪər/ /ˈsʌmwʌn/;admayır / samvan;I admire her.;Ona hayranım.;7;2
admit mistake;hatayı kabul etmek;/ədˈmɪt/ /mɪˈsteɪk/;admit / misteyk;He admits his mistake.;Hatasını kabul ediyor.;7;2
advance level;ileri seviye;/ədˈvæns/ /ˈlevəl/;advens / levıl;This is an advanced level.;Bu ileri seviye.;3;2
affect people;insanları etkilemek;/əˈfekt/ /ˈpiːpəl/;afekt / piipıl;This affects people.;Bu insanları etkiler.;7;2
after all;sonuçta;/ˈæftər/ /ɔːl/;eftır / ool;After all, he is right.;Sonuçta o haklı.;1;2
against rule;kurala karşı;/əˈɡenst/ /ruːl/;agenst / ruul;This is against the rule.;Bu kurala aykırı.;1;2
ahead of time;önceden;/əˈhed/ /əv/ /taɪm/;ahed / ıv / taym;Finish it ahead of time.;Önceden bitir.;1;2
aim high;yüksek hedeflemek;/eɪm/ /haɪ/;eym / hay;Aim high always.;Her zaman yüksek hedefle.;2;2
alert system;uyarı sistemi;/əˈlɜːrt/ /ˈsɪstəm/;alört / sistım;The alert system works.;Uyarı sistemi çalışıyor.;6;2
allow entry;girişe izin vermek;/əˈlaʊ/ /ˈentri/;alav / entri;They allow entry here.;Buraya girişe izin veriyorlar.;4;2
announce result;sonucu açıklamak;/əˈnaʊns/ /rɪˈzʌlt/;anauns / rizalt;They announce the result.;Sonucu açıklıyorlar.;2;2
annoy people;insanları rahatsız etmek;/əˈnɔɪ/ /ˈpiːpəl/;anoy / piipıl;He annoys people.;İnsanları rahatsız ediyor.;7;2
apart from that;bunun dışında;/əˈpɑːrt/ /frɒm/ /ðæt/;apart / from / det;Apart from that, all is fine.;Bunun dışında her şey iyi.;3;2
apply knowledge;bilgiyi uygulamak;/əˈplaɪ/ /ˈnɒlɪdʒ/;aplai / nolic;Apply your knowledge.;Bilgini uygula.;3;2
arrange details;detayları düzenlemek;/əˈreɪndʒ/ /ˈdiːteɪlz/;areync / diiteylz;Arrange the details.;Detayları düzenle.;2;2
arrive safely;güvenle varmak;/əˈraɪv/ /ˈseɪfli/;arayv / seyfli;We arrive safely.;Güvenle varıyoruz.;4;2
assume correctly;doğru varsaymak;/əˈsuːm/ /kəˈrektli/;asuum / korektli;I assume correctly.;Doğru varsayıyorum.;3;2
attempt again;tekrar denemek;/əˈtempt/ /əˈɡen/;atempt / agen;Try and attempt again.;Tekrar dene.;2;2
attract interest;ilgi çekmek;/əˈtrækt/ /ˈɪntrəst/;atrakt / intrest;This attracts interest.;Bu ilgi çekiyor.;7;2
avoid risk;riskten kaçınmak;/əˈvɔɪd/ /rɪsk/;avoıd / risk;Avoid the risk.;Riskten kaçın.;2;2
back home;eve geri;/bæk/ /hoʊm/;bek / houm;I go back home.;Eve geri gidiyorum.;1;2
base decision;kararı dayandırmak;/beɪs/ /dɪˈsɪʒən/;beys / disijın;Base your decision on facts.;Kararını gerçeklere dayandır.;3;2
beat opponent;rakibi yenmek;/biːt/ /əˈpoʊnənt/;biit / apounınt;He beats his opponent.;Rakibini yeniyor.;1;2
behave politely;kibar davranmak;/bɪˈheɪv/ /pəˈlaɪtli/;biheiv / pılaytli;Behave politely please.;Lütfen kibar davran.;7;2
benefit people;insanlara fayda sağlamak;/ˈbenɪfɪt/ /ˈpiːpəl/;benifit / piipıl;This benefits people.;Bu insanlara fayda sağlar.;7;2
blame mistake;hatayı suçlamak;/bleɪm/ /mɪˈsteɪk/;bleym / misteyk;Don’t blame the mistake.;Hatayı suçlama.;7;2
block access;erişimi engellemek;/blɒk/ /ˈækses/;blok / akses;They block access.;Erişimi engelliyorlar.;6;2
board train;trene binmek;/bɔːrd/ /treɪn/;bord / treyn;We board the train.;Trene biniyoruz.;4;2
bother others;başkalarını rahatsız etmek;/ˈbɒðər/ /ˈʌðərz/;bodır / adırz;Don’t bother others.;Başkalarını rahatsız etme.;7;2
break habit;alışkanlığı bozmak;/breɪk/ /ˈhæbɪt/;breyk / hebit;Break bad habits.;Kötü alışkanlıkları bırak.;7;2
bring forward;öne almak;/brɪŋ/ /ˈfɔːrwərd/;bring / forvırd;Bring the meeting forward.;Toplantıyı öne al.;8;2
build trust;güven oluşturmak;/bɪld/ /trʌst/;bild / trast;Build trust slowly.;Güveni yavaşça oluştur.;7;2
burn energy;enerji yakmak;/bɜːrn/ /ˈenərdʒi/;börn / enırci;Exercise burns energy.;Egzersiz enerji yakar.;5;2
calculate result;sonuç hesaplamak;/ˈkælkjuleɪt/ /rɪˈzʌlt/;kelkyuleyt / rizalt;Calculate the result.;Sonucu hesapla.;3;2
calm yourself;kendini sakinleştirmek;/kɑːm/ /jɔːrˈself/;kaam / yorself;Calm yourself down.;Kendini sakinleştir.;7;2
care deeply;çok önemsemek;/ker/ /ˈdiːpli/;ker / diipli;I care deeply about you.;Seni çok önemsiyorum.;7;2
carry responsibility;sorumluluk taşımak;/ˈkæri/ /rɪˌspɒnsəˈbɪləti/;keri / risponsıbıliti;He carries responsibility.;Sorumluluk taşıyor.;2;2
catch bus;otobüs yakalamak;/kætʃ/ /bʌs/;keç / bas;I catch the bus.;Otobüsü yakalıyorum.;4;2
cause damage;zarar vermek;/kɔːz/ /ˈdæmɪdʒ/;koz / demic;This causes damage.;Bu zarar verir.;5;2
celebrate success;başarı kutlamak;/ˈseləbreɪt/ /səkˈses/;selebreyt / sakses;We celebrate success.;Başarıyı kutluyoruz.;7;2
challenge idea;fikre meydan okumak;/ˈtʃælɪndʒ/ /aɪˈdɪə/;çelinc / aydiya;Challenge the idea.;Fikre meydan oku.;3;2
change direction;yön değiştirmek;/tʃeɪndʒ/ /dəˈrekʃən/;çeynç / direkşın;Change direction now.;Şimdi yön değiştir.;4;2
check detail;detayı kontrol etmek;/tʃek/ /ˈdiːteɪl/;çek / diiteyl;Check the details.;Detayları kontrol et.;2;2
choose option;seçenek seçmek;/tʃuːz/ /ˈɒpʃən/;çuuz / opşın;Choose an option.;Bir seçenek seç.;1;2
clear answer;net cevap;/klɪr/ /ˈænsər/;klir / ensır;Give a clear answer.;Net cevap ver.;3;2
climb mountain;dağa tırmanmak;/klaɪm/ /ˈmaʊntən/;klaym / mauntın;They climb the mountain.;Dağa tırmanıyorlar.;4;2
collect information;bilgi toplamak;/kəˈlekt/ /ˌɪnfərˈmeɪʃən/;kolekt / informeyşın;Collect information.;Bilgi topla.;3;2
communicate ideas;fikirleri iletmek;/kəˈmjuːnɪkeɪt/ /aɪˈdɪəz/;komyunikeyt / aydiyaz;Communicate your ideas.;Fikirlerini ilet.;7;2
compare prices;fiyatları karşılaştırmak;/kəmˈper/ /ˈpraɪsɪz/;komper / praysiz;Compare prices first.;Önce fiyatları karşılaştır.;2;2
complain politely;kibarca şikayet etmek;/kəmˈpleɪn/ /pəˈlaɪtli/;kompleyn / pılaytli;Complain politely.;Kibarca şikayet et.;7;2
complete project;projeyi tamamlamak;/kəmˈpliːt/ /ˈprɒdʒekt/;kompliit / procet;Complete the project.;Projeyi tamamla.;2;2
concentrate deeply;derin odaklanmak;/ˈkɒnsəntreɪt/ /ˈdiːpli/;konsıntreyt / diipli;Concentrate deeply now.;Şimdi derin odaklan.;3;2
confirm information;bilgiyi doğrulamak;/kənˈfɜːrm/ /ˌɪnfərˈmeɪʃən/;konfırm / informeyşın;Confirm the information.;Bilgiyi doğrula.;2;2
connect people;insanları bağlamak;/kəˈnekt/ /ˈpiːpəl/;konekt / piipıl;Connect people together.;İnsanları bağla.;7;2
consider situation;durumu düşünmek;/kənˈsɪdər/ /ˌsɪtʃuˈeɪʃən/;konsidır / siçueyşın;Consider the situation.;Durumu düşün.;3;2
control emotions;duyguları kontrol etmek;/kənˈtroʊl/ /ɪˈmoʊʃənz/;kontrol / imouşınz;Control your emotions.;Duygularını kontrol et.;7;2
create opportunity;fırsat yaratmak;/kriˈeɪt/ /ˌɒpərˈtuːnəti/;kriyeyt / opırtuunıti;Create opportunities.;Fırsat yarat.;2;2
deal carefully;dikkatli davranmak;/diːl/ /ˈkerfəli/;diil / kerfıli;Deal carefully with it.;Onunla dikkatli ilgilen.;1;2
decrease amount;miktarı azaltmak;/dɪˈkriːs/ /əˈmaʊnt/;dikriis / amaunt;Decrease the amount.;Miktarı azalt.;3;2
defend position;pozisyonu savunmak;/dɪˈfend/ /pəˈzɪʃən/;difend / pozisyon;Defend your position.;Pozisyonunu savun.;7;2
delay process;süreci geciktirmek;/dɪˈleɪ/ /ˈprəʊses/;diley / proses;Delay the process.;Süreci geciktir.;2;2
demand attention;dikkat talep etmek;/dɪˈmænd/ /əˈtenʃən/;dimend / atenşın;This demands attention.;Bu dikkat gerektirir.;7;2
depend heavily;çok bağlı olmak;/dɪˈpend/ /ˈhevɪli/;dipend / hevili;It depends heavily on you.;Sana çok bağlı.;8;2
describe event;olayı anlatmak;/dɪˈskraɪb/ /ɪˈvent/;diskırayb / ivent;Describe the event.;Olayı anlat.;3;2
design system;sistem tasarlamak;/dɪˈzaɪn/ /ˈsɪstəm/;dizayn / sistım;Design the system.;Sistemi tasarla.;6;2
destroy evidence;kanıt yok etmek;/dɪˈstrɔɪ/ /ˈevɪdəns/;distroı / evidıns;They destroy evidence.;Kanıtları yok ediyorlar.;1;2
develop ability;yetenek geliştirmek;/dɪˈveləp/ /əˈbɪləti/;divelop / abiliti;Develop your ability.;Yeteneğini geliştir.;3;2
discover truth;gerçeği keşfetmek;/dɪˈskʌvər/ /truːθ/;diskavır / truuth;Discover the truth.;Gerçeği keşfet.;3;2
discuss issue;konuyu tartışmak;/dɪˈskʌs/ /ˈɪʃuː/;diskas / işu;Discuss the issue.;Konuyu tartış.;3;2
divide group;grubu bölmek;/dɪˈvaɪd/ /ɡruːp/;divayd / gruup;Divide the group.;Grubu böl.;3;2
double effort;çabayı ikiye katlamak;/ˈdʌbəl/ /ˈefərt/;dabıl / efırt;Double your effort.;Çabanı ikiye katla.;2;2
drop quickly;hızla düşmek;/drɒp/ /ˈkwɪkli/;drop / kwikli;Prices drop quickly.;Fiyatlar hızla düşer.;1;2
earn income;gelir elde etmek;/ɜːrn/ /ˈɪnkʌm/;örn / inkam;Earn income online.;Online gelir elde et.;2;2
educate people;insanları eğitmek;/ˈedʒukeɪt/ /ˈpiːpəl/;ejukeyt / piipıl;Educate people.;İnsanları eğit.;3;2
effect result;sonucu etkilemek;/ɪˈfekt/ /rɪˈzʌlt/;ifekt / rizalt;This effects results.;Bu sonuçları etkiler.;3;2
encourage growth;gelişimi teşvik etmek;/ɪnˈkʌrɪdʒ/ /ɡroʊθ/;inkırıc / grouth;Encourage growth.;Gelişimi teşvik et.;7;2
enjoy experience;deneyimin tadını çıkarmak;/ɪnˈdʒɔɪ/ /ɪkˈspɪriəns/;incoy / ikspiriyıns;Enjoy the experience.;Deneyimin tadını çıkar.;7;2
enter system;sisteme girmek;/ˈentər/ /ˈsɪstəm/;entır / sistım;Enter the system.;Sisteme gir.;6;2
environment protection;çevre koruma;/ɪnˈvaɪrənmənt/ /prəˈtekʃən/;invayrınmınt / protekşın;Environment protection is important.;Çevre koruma önemlidir.;6;2
equal opportunity;eşit fırsat;/ˈiːkwəl/ /ˌɒpərˈtuːnəti/;iikvıl / opırtuunıti;Everyone needs equal opportunity.;Herkes eşit fırsata ihtiyaç duyar.;2;2
escape situation;durumdan kaçmak;/ɪˈskeɪp/ /ˌsɪtʃuˈeɪʃən/;iskeyp / siçueyşın;Escape the situation.;Durumdan kaç.;1;2
especially useful;özellikle faydalı;/ɪˈspeʃəli/ /ˈjuːsfəl/;ispeshılı / yuusfıl;This is especially useful.;Bu özellikle faydalı.;3;2
establish connection;bağlantı kurmak;/ɪˈstæblɪʃ/ /kəˈnekʃən/;istabliş / konekşın;Establish a connection.;Bağlantı kur.;6;2
even better;daha da iyi;/ˈiːvən/ /ˈbetər/;iivın / beter;This is even better.;Bu daha da iyi.;1;2
examine result;sonucu incelemek;/ɪɡˈzæmɪn/ /rɪˈzʌlt/;igzemin / rizalt;Examine the results.;Sonuçları incele.;3;2
exchange goods;mal değişimi yapmak;/ɪksˈtʃeɪndʒ/ /ɡʊdz/;iksçeync / gudz;They exchange goods.;Mal değişimi yapıyorlar.;2;2
İngilizce;Türkçe;Fonetik (IPA);Okunuş (Türkçe);Örnek Cümle;Türkçe Anlamı;Kategori ID;2
accept terms;şartları kabul etmek;/əkˈsept/ /tɜːrmz/;aksept / törmz;I accept the terms.;Şartları kabul ediyorum.;2;2
accomplish task;görevi başarmak;/əˈkɒmplɪʃ/ /tæsk/;akompliş / task;She accomplishes the task.;Görevi başarıyor.;2;2
account balance;hesap bakiyesi;/əˈkaʊnt/ /ˈbæləns/;akaunt / belıns;My account balance is low.;Hesap bakiyem düşük.;2;2
action plan;eylem planı;/ˈækʃən/ /plæn/;ekşın / plen;We prepare an action plan.;Bir eylem planı hazırlıyoruz.;2;2
adapt quickly;hızlı uyum sağlamak;/əˈdæpt/ /ˈkwɪkli/;adapt / kwikli;He adapts quickly.;Hızlı uyum sağlıyor.;1;2
add detail;detay eklemek;/æd/ /ˈdiːteɪl/;ed / diiteyl;Add more detail.;Daha fazla detay ekle.;3;2
adjust plan;planı ayarlamak;/əˈdʒʌst/ /plæn/;ecast / plen;Adjust the plan.;Planı ayarla.;2;2
admire effort;çabayı takdir etmek;/ədˈmaɪər/ /ˈefərt/;admayır / efırt;I admire your effort.;Çabanı takdir ediyorum.;7;2
admit truth;gerçeği kabul etmek;/ədˈmɪt/ /truːθ/;admit / truuth;He admits the truth.;Gerçeği kabul ediyor.;7;2
advance forward;ileri gitmek;/ədˈvæns/ /ˈfɔːrwərd/;advens / forvırd;Move forward and advance.;İleri git.;1;2
affect decision;kararı etkilemek;/əˈfekt/ /dɪˈsɪʒən/;afekt / disijın;This affects my decision.;Bu kararımı etkiler.;3;2
afford cost;maliyeti karşılamak;/əˈfɔːrd/ /kɒst/;aford / kost;I afford the cost.;Maliyeti karşılayabiliyorum.;2;2
aim clearly;net hedeflemek;/eɪm/ /ˈklɪrli/;eym / klirli;Aim clearly at your goal.;Hedefini net belirle.;2;2
alert someone;birini uyarmak;/əˈlɜːrt/ /ˈsʌmwʌn/;alört / samvan;Alert the manager.;Yöneticiyi uyar.;7;2
allow change;değişime izin vermek;/əˈlaʊ/ /tʃeɪndʒ/;alav / çeynç;They allow change.;Değişime izin veriyorlar.;1;2
announce event;etkinlik duyurmak;/əˈnaʊns/ /ɪˈvent/;anauns / ivent;They announce the event.;Etkinliği duyuruyorlar.;2;2
annoy others;başkalarını sinirlendirmek;/əˈnɔɪ/ /ˈʌðərz/;anoy / adırz;He annoys others.;Başkalarını sinirlendiriyor.;7;2
apart area;ayrı alan;/əˈpɑːrt/ /ˈeriə/;apart / eriya;This is an apart area.;Bu ayrı bir alan.;1;2
apply rule;kural uygulamak;/əˈplaɪ/ /ruːl/;aplai / ruul;Apply the rule.;Kuralı uygula.;1;2
arrange items;eşyaları düzenlemek;/əˈreɪndʒ/ /ˈaɪtəmz/;areync / aytımz;Arrange the items.;Eşyaları düzenle.;1;2
arrive late;geç varmak;/əˈraɪv/ /leɪt/;arayv / leyt;I arrive late.;Geç varıyorum.;4;2
assume risk;risk almak;/əˈsuːm/ /rɪsk/;asuum / risk;He assumes the risk.;Risk alıyor.;2;2
attempt solution;çözüm denemek;/əˈtempt/ /səˈluːʃən/;atempt / sılüşın;Attempt a solution.;Bir çözüm dene.;2;2
attract customers;müşteri çekmek;/əˈtrækt/ /ˈkʌstəmərz/;atrakt / kastımırz;This attracts customers.;Bu müşteri çeker.;2;2
avoid mistake;hatadan kaçınmak;/əˈvɔɪd/ /mɪˈsteɪk/;avoıd / misteyk;Avoid this mistake.;Bu hatadan kaçın.;1;2
back decision;kararı desteklemek;/bæk/ /dɪˈsɪʒən/;bek / disijın;I back your decision.;Kararını destekliyorum.;2;2
base idea;fikri temellendirmek;/beɪs/ /aɪˈdɪə/;beys / aydiya;Base your idea on facts.;Fikrini gerçeklere dayandır.;3;2
beat record;rekor kırmak;/biːt/ /ˈrekɔːrd/;biit / rekord;He beats the record.;Rekor kırıyor.;1;2
behave correctly;doğru davranmak;/bɪˈheɪv/ /kəˈrektli/;biheiv / korektli;Behave correctly.;Doğru davran.;7;2
benefit society;topluma fayda sağlamak;/ˈbenɪfɪt/ /səˈsaɪəti/;benifit / sısayəti;This benefits society.;Bu topluma fayda sağlar.;7;2
blame others;başkalarını suçlamak;/bleɪm/ /ˈʌðərz/;bleym / adırz;Don’t blame others.;Başkalarını suçlama.;7;2
block way;yolu kapatmak;/blɒk/ /weɪ/;blok / wey;They block the way.;Yolu kapatıyorlar.;4;2
board bus;otobüse binmek;/bɔːrd/ /bʌs/;bord / bas;We board the bus.;Otobüse biniyoruz.;4;2
bother people;insanları rahatsız etmek;/ˈbɒðər/ /ˈpiːpəl/;bodır / piipıl;Don’t bother people.;İnsanları rahatsız etme.;7;2
break record;rekor kırmak;/breɪk/ /ˈrekɔːrd/;breyk / rekord;She breaks a record.;Rekor kırıyor.;1;2
bring result;sonuç getirmek;/brɪŋ/ /rɪˈzʌlt/;bring / rizalt;This brings results.;Bu sonuç getirir.;2;2
build career;kariyer kurmak;/bɪld/ /kəˈrɪr/;bild / karyır;Build your career.;Kariyerini kur.;2;2
burn calories;kalori yakmak;/bɜːrn/ /ˈkæləriz/;börn / kelıriz;Exercise burns calories.;Egzersiz kalori yakar.;5;2
calculate number;sayı hesaplamak;/ˈkælkjuleɪt/ /ˈnʌmbər/;kelkyuleyt / nambır;Calculate the number.;Sayıyı hesapla.;3;2
calm situation;durumu sakinleştirmek;/kɑːm/ /ˌsɪtʃuˈeɪʃən/;kaam / siçueyşın;Calm the situation.;Durumu sakinleştir.;7;2
care enough;yeterince önemsemek;/ker/ /ɪˈnʌf/;ker / inaf;I care enough.;Yeterince önemsiyorum.;7;2
carry items;eşyaları taşımak;/ˈkæri/ /ˈaɪtəmz/;keri / aytımz;Carry the items.;Eşyaları taşı.;1;2
catch train;treni yakalamak;/kætʃ/ /treɪn/;keç / treyn;I catch the train.;Treni yakalıyorum.;4;2
cause effect;etki yaratmak;/kɔːz/ /ɪˈfekt/;koz / ifekt;This causes an effect.;Bu etki yaratır.;3;2
celebrate moment;anı kutlamak;/ˈseləbreɪt/ /ˈmoʊmənt/;selebreyt / moumınt;Celebrate the moment.;Anı kutla.;7;2
challenge rule;kurala meydan okumak;/ˈtʃælɪndʒ/ /ruːl/;çelinc / ruul;Challenge the rule.;Kurala meydan oku.;1;2
change habit;alışkanlık değiştirmek;/tʃeɪndʒ/ /ˈhæbɪt/;çeynç / hebit;Change your habit.;Alışkanlığını değiştir.;7;2
check system;sistemi kontrol etmek;/tʃek/ /ˈsɪstəm/;çek / sistım;Check the system.;Sistemi kontrol et.;6;2
choose path;yol seçmek;/tʃuːz/ /pæθ/;çuuz / peth;Choose your path.;Yolunu seç.;1;2
clear message;açık mesaj;/klɪr/ /ˈmesɪdʒ/;klir / mesic;Send a clear message.;Net mesaj gönder.;3;2
climb stairs;merdiven çıkmak;/klaɪm/ /sterz/;klaym / sterz;Climb the stairs.;Merdiven çık.;1;2
collect items;eşyaları toplamak;/kəˈlekt/ /ˈaɪtəmz/;kolekt / aytımz;Collect the items.;Eşyaları topla.;1;2
communicate better;daha iyi iletişim kurmak;/kəˈmjuːnɪkeɪt/ /ˈbetər/;komyunikeyt / beter;Communicate better.;Daha iyi iletişim kur.;7;2
compare data;verileri karşılaştırmak;/kəmˈper/ /ˈdeɪtə/;komper / deyta;Compare the data.;Verileri karşılaştır.;3;2
complain properly;düzgün şikayet etmek;/kəmˈpleɪn/ /ˈprɒpərli/;kompleyn / propırlı;Complain properly.;Düzgün şikayet et.;7;2
complete assignment;ödevi tamamlamak;/kəmˈpliːt/ /əˈsaɪnmənt/;kompliit / asaynment;Complete the assignment.;Ödevi tamamla.;3;2
concentrate better;daha iyi odaklanmak;/ˈkɒnsəntreɪt/ /ˈbetər/;konsıntreyt / beter;Concentrate better.;Daha iyi odaklan.;3;2
confirm booking;rezervasyonu doğrulamak;/kənˈfɜːrm/ /ˈbʊkɪŋ/;konfırm / buking;Confirm your booking.;Rezervasyonu doğrula.;4;2
connect system;sistemi bağlamak;/kəˈnekt/ /ˈsɪstəm/;konekt / sistım;Connect the system.;Sistemi bağla.;6;2
consider option;seçeneği değerlendirmek;/kənˈsɪdər/ /ˈɒpʃən/;konsidır / opşın;Consider the option.;Seçeneği değerlendir.;3;2
control process;süreci kontrol etmek;/kənˈtroʊl/ /ˈproʊses/;kontrol / proses;Control the process.;Süreci kontrol et.;2;2
create design;tasarım oluşturmak;/kriˈeɪt/ /dɪˈzaɪn/;kriyeyt / dizayn;Create a design.;Tasarım oluştur.;6;2
deal wisely;akıllıca davranmak;/diːl/ /ˈwaɪzli/;diil / vayzli;Deal wisely.;Akıllıca davran.;1;2
decrease speed;hızı azaltmak;/dɪˈkriːs/ /spiːd/;dikriis / spiid;Decrease the speed.;Hızı azalt.;3;2
defend opinion;fikri savunmak;/dɪˈfend/ /əˈpɪnjən/;difend / apinyın;Defend your opinion.;Fikrini savun.;7;2
delay action;eylemi geciktirmek;/dɪˈleɪ/ /ˈækʃən/;diley / ekşın;Delay the action.;Eylemi geciktir.;2;2
demand support;destek talep etmek;/dɪˈmænd/ /səˈpɔːrt/;dimend / saport;They demand support.;Destek talep ediyorlar.;2;2
depend mostly;çoğunlukla bağlı olmak;/dɪˈpend/ /ˈmoʊstli/;dipend / moustli;It depends mostly on you.;Çoğunlukla sana bağlı.;8;2
describe process;süreci anlatmak;/dɪˈskraɪb/ /ˈproʊses/;diskırayb / proses;Describe the process.;Süreci anlat.;3;2
design plan;plan tasarlamak;/dɪˈzaɪn/ /plæn/;dizayn / plen;Design the plan.;Planı tasarla.;6;2
destroy object;nesneyi yok etmek;/dɪˈstrɔɪ/ /ˈɒbdʒekt/;distroı / objakt;Destroy the object.;Nesneyi yok et.;1;2
develop habit;alışkanlık geliştirmek;/dɪˈveləp/ /ˈhæbɪt/;divelop / hebit;Develop a habit.;Alışkanlık geliştir.;7;2
discuss problem;problemi tartışmak;/dɪˈskʌs/ /ˈprɒbləm/;diskas / problım;Discuss the problem.;Problemi tartış.;3;2
divide tasks;görevleri bölmek;/dɪˈvaɪd/ /tæsks/;divayd / tasks;Divide the tasks.;Görevleri böl.;2;2
double check;iki kez kontrol etmek;/ˈdʌbəl/ /tʃek/;dabıl / çek;Double check it.;İki kez kontrol et.;8;2
drop suddenly;aniden düşmek;/drɒp/ /ˈsʌdənli/;drop / sadınli;He drops suddenly.;Aniden düşüyor.;1;2
earn salary;maaş kazanmak;/ɜːrn/ /ˈsæləri/;örn / selıri;He earns a salary.;Maaş kazanıyor.;2;2
educate child;çocuk eğitmek;/ˈedʒukeɪt/ /tʃaɪld/;ejukeyt / çayld;Educate the child.;Çocuğu eğit.;3;2
effect change;değişiklik yaratmak;/ɪˈfekt/ /tʃeɪndʒ/;ifekt / çeynç;This effects change.;Bu değişiklik yaratır.;3;2
encourage team;takımı teşvik etmek;/ɪnˈkʌrɪdʒ/ /tiːm/;inkırıc / tiim;Encourage the team.;Takımı teşvik et.;7;2
enjoy activity;aktiviteden keyif almak;/ɪnˈdʒɔɪ/ /ækˈtɪvəti/;incoy / aktivıti;Enjoy the activity.;Aktiviteden keyif al.;7;2
enter code;kod girmek;/ˈentər/ /koʊd/;entır / koud;Enter the code.;Kodu gir.;6;2
environment care;çevreyi korumak;/ɪnˈvaɪrənmənt/ /ker/;invayrınmınt / ker;Care for the environment.;Çevreyi koru.;6;2
equal chance;eşit şans;/ˈiːkwəl/ /tʃæns/;iikvıl / çens;Everyone has equal chance.;Herkesin eşit şansı var.;2;2
escape quickly;hızlı kaçmak;/ɪˈskeɪp/ /ˈkwɪkli/;iskeyp / kwikli;Escape quickly.;Hızlı kaç.;1;2
especially helpful;özellikle yardımcı;/ɪˈspeʃəli/ /ˈhelpfəl/;ispeshılı / helpfıl;This is especially helpful.;Bu özellikle yardımcı.;3;2
establish system;sistem kurmak;/ɪˈstæblɪʃ/ /ˈsɪstəm/;istabliş / sistım;Establish a system.;Sistem kur.;6;2
even worse;daha da kötü;/ˈiːvən/ /wɜːrs/;iivın / vörs;This is even worse.;Bu daha da kötü.;1;2
examine detail;detayı incelemek;/ɪɡˈzæmɪn/ /ˈdiːteɪl/;igzemin / diiteyl;Examine the detail.;Detayı incele.;3;2
exchange money;para değiştirmek;/ɪksˈtʃeɪndʒ/ /ˈmʌni/;iksçeync / mani;Exchange the money.;Parayı değiştir.;2;2
ability test;yetenek testi;/əˈbɪləti/ /test/;abiliti / test;I take an ability test.;Yetenek testi yapıyorum.;3;2
accept invite;daveti kabul etmek;/əkˈsept/ /ɪnˈvaɪt/;aksept / invayt;I accept the invite.;Daveti kabul ediyorum.;7;2
access point;erişim noktası;/ˈækses/ /pɔɪnt/;akses / point;The access point is here.;Erişim noktası burada.;6;2
accomplish goal;hedefi başarmak;/əˈkɒmplɪʃ/ /ɡoʊl/;akompliş / gool;She accomplishes her goal.;Hedefini başarıyor.;2;2
according rule;kurala göre;/əˈkɔːrdɪŋ/ /ruːl/;akording / ruul;According to the rule, it is correct.;Kurala göre bu doğru.;3;2
account detail;hesap detayı;/əˈkaʊnt/ /ˈdiːteɪl/;akaunt / diiteyl;Check your account details.;Hesap detaylarını kontrol et.;2;2
action needed;gerekli eylem;/ˈækʃən/ /ˈniːdɪd/;ekşın / niidid;Action is needed now.;Şimdi eylem gerekli.;2;2
active user;aktif kullanıcı;/ˈæktɪv/ /ˈjuːzər/;aktiv / yuuzır;He is an active user.;O aktif bir kullanıcı.;6;2
adapt system;sistemi uyarlamak;/əˈdæpt/ /ˈsɪstəm/;adapt / sistım;They adapt the system.;Sistemi uyarlıyorlar.;6;2
add value;değer katmak;/æd/ /ˈvæljuː/;ed / velyu;This adds value.;Bu değer katıyor.;2;2
adjust level;seviyeyi ayarlamak;/əˈdʒʌst/ /ˈlevəl/;ecast / levıl;Adjust the level.;Seviyeyi ayarla.;3;2
admire talent;yeteneğe hayran olmak;/ədˈmaɪər/ /ˈtælənt/;admayır / telınt;I admire her talent.;Yeteneğine hayranım.;7;2
admit problem;problemi kabul etmek;/ədˈmɪt/ /ˈprɒbləm/;admit / problım;He admits the problem.;Problemi kabul ediyor.;7;2
advance system;sistemi geliştirmek;/ədˈvæns/ /ˈsɪstəm/;advens / sistım;They advance the system.;Sistemi geliştiriyorlar.;6;2
affect behavior;davranışı etkilemek;/əˈfekt/ /bɪˈheɪvjər/;afekt / biheivyır;This affects behavior.;Bu davranışı etkiler.;7;2
afford service;hizmeti karşılamak;/əˈfɔːrd/ /ˈsɜːrvɪs/;aford / سروِس;I afford this service.;Bu hizmeti karşılayabiliyorum.;2;2
aim success;başarıyı hedeflemek;/eɪm/ /səkˈses/;eym / sakses;Aim for success.;Başarıyı hedefle.;2;2
alert message;uyarı mesajı;/əˈlɜːrt/ /ˈmesɪdʒ/;alört / mesic;I get an alert message.;Uyarı mesajı alıyorum.;6;2
allow use;kullanıma izin vermek;/əˈlaʊ/ /juːz/;alav / yuuz;They allow use here.;Burada kullanıma izin veriyorlar.;6;2
announce update;güncellemeyi duyurmak;/əˈnaʊns/ /ˈʌpdeɪt/;anauns / apdeyt;They announce the update.;Güncellemeyi duyuruyorlar.;6;2
annoy user;kullanıcıyı rahatsız etmek;/əˈnɔɪ/ /ˈjuːzər/;anoy / yuuzır;This annoys users.;Bu kullanıcıları rahatsız eder.;7;2
apart section;ayrı bölüm;/əˈpɑːrt/ /ˈsekʃən/;apart / sekşın;This is an apart section.;Bu ayrı bir bölüm.;1;2
apply strategy;strateji uygulamak;/əˈplaɪ/ /ˈstrætədʒi/;aplai / stretici;Apply this strategy.;Bu stratejiyi uygula.;2;2
arrange schedule;program düzenlemek;/əˈreɪndʒ/ /ˈskedʒuːl/;areync / skecul;Arrange your schedule.;Programını düzenle.;2;2
arrive safely;güvenli varmak;/əˈraɪv/ /ˈseɪfli/;arayv / seyfli;We arrive safely.;Güvenle varıyoruz.;4;2
assume result;sonucu varsaymak;/əˈsuːm/ /rɪˈzʌlt/;asuum / rizalt;I assume the result.;Sonucu varsayıyorum.;3;2
attempt again;tekrar denemek;/əˈtempt/ /əˈɡen/;atempt / agen;Attempt again.;Tekrar dene.;2;2
attract user;kullanıcı çekmek;/əˈtrækt/ /ˈjuːzər/;atrakt / yuuzır;This attracts users.;Bu kullanıcı çeker.;2;2
avoid danger;tehlikeden kaçınmak;/əˈvɔɪd/ /ˈdeɪndʒər/;avoıd / deyncır;Avoid danger.;Tehlikeden kaçın.;5;2
back system;sistemi desteklemek;/bæk/ /ˈsɪstəm/;bek / sistım;We back the system.;Sistemi destekliyoruz.;6;2
base structure;temel yapı;/beɪs/ /ˈstrʌktʃər/;beys / straktçır;This is the base structure.;Bu temel yapı.;6;2
behave normally;normal davranmak;/bɪˈheɪv/ /ˈnɔːrməli/;biheiv / normıli;Behave normally.;Normal davran.;7;2
benefit user;kullanıcıya fayda sağlamak;/ˈbenɪfɪt/ /ˈjuːzər/;benifit / yuuzır;This benefits users.;Bu kullanıcılara fayda sağlar.;2;2
block content;içeriği engellemek;/blɒk/ /ˈkɒntent/;blok / kontent;They block the content.;İçeriği engelliyorlar.;6;2
board flight;uçağa binmek;/bɔːrd/ /flaɪt/;bord / flayt;We board the flight.;Uçağa biniyoruz.;4;2
bother system;sistemi zorlamak;/ˈbɒðər/ /ˈsɪstəm/;bodır / sistım;This bothers the system.;Bu sistemi zorlar.;6;2
break limit;sınırı aşmak;/breɪk/ /ˈlɪmɪt/;breyk / limit;Break your limits.;Sınırlarını aş.;3;2
bring change;değişim getirmek;/brɪŋ/ /tʃeɪndʒ/;bring / çeynç;This brings change.;Bu değişim getirir.;2;2
build system;sistem kurmak;/bɪld/ /ˈsɪstəm/;bild / sistım;Build the system.;Sistemi kur.;6;2
calculate result;sonucu hesaplamak;/ˈkælkjuleɪt/ /rɪˈzʌlt/;kelkyuleyt / rizalt;Calculate the result.;Sonucu hesapla.;3;2
calm down quickly;hızlı sakinleşmek;/kɑːm/ /daʊn/ /ˈkwɪkli/;kaam / daun / kwikli;Calm down quickly.;Hızlı sakinleş.;8;2
care properly;düzgün ilgilenmek;/ker/ /ˈprɒpərli/;ker / propırlı;Care for it properly.;Onunla düzgün ilgilen.;7;2
carry load;yük taşımak;/ˈkæri/ /loʊd/;keri / loud;He carries the load.;Yük taşıyor.;1;2
catch opportunity;fırsat yakalamak;/kætʃ/ /ˌɒpərˈtuːnəti/;keç / opırtuunıti;Catch the opportunity.;Fırsatı yakala.;2;2
cause issue;sorun oluşturmak;/kɔːz/ /ˈɪʃuː/;koz / işu;This causes issues.;Bu sorun oluşturur.;3;2
celebrate event;etkinlik kutlamak;/ˈseləbreɪt/ /ɪˈvent/;selebreyt / ivent;Celebrate the event.;Etkinliği kutla.;7;2
challenge system;sistemi zorlamak;/ˈtʃælɪndʒ/ /ˈsɪstəm/;çelinc / sistım;Challenge the system.;Sistemi zorla.;6;2
change behavior;davranış değiştirmek;/tʃeɪndʒ/ /bɪˈheɪvjər/;çeynç / biheivyır;Change your behavior.;Davranışını değiştir.;7;2
check status;durumu kontrol etmek;/tʃek/ /ˈsteɪtəs/;çek / steytıs;Check the status.;Durumu kontrol et.;6;2
clear data;veriyi temizlemek;/klɪr/ /ˈdeɪtə/;klir / deyta;Clear the data.;Veriyi temizle.;6;2
climb hill;tepeye tırmanmak;/klaɪm/ /hɪl/;klaym / hil;Climb the hill.;Tepeye tırman.;4;2
compare results;sonuçları karşılaştırmak;/kəmˈper/ /rɪˈzʌlts/;komper / rizalts;Compare results.;Sonuçları karşılaştır.;3;2
complain formally;resmi şikayet etmek;/kəmˈpleɪn/ /ˈfɔːrməli/;kompleyn / formıli;Complain formally.;Resmi şikayet et.;2;2
complete process;süreci tamamlamak;/kəmˈpliːt/ /ˈproʊses/;kompliit / proses;Complete the process.;Süreci tamamla.;2;2
concentrate fully;tamamen odaklanmak;/ˈkɒnsəntreɪt/ /ˈfʊli/;konsıntreyt / fuli;Concentrate fully.;Tamamen odaklan.;3;2
confirm action;eylemi doğrulamak;/kənˈfɜːrm/ /ˈækʃən/;konfırm / ekşın;Confirm the action.;Eylemi doğrula.;2;2
connect network;ağı bağlamak;/kəˈnekt/ /ˈnetwɜːrk/;konekt / netvörk;Connect the network.;Ağı bağla.;6;2
consider carefully;dikkatlice düşünmek;/kənˈsɪdər/ /ˈkerfəli/;konsidır / kerfıli;Consider carefully.;Dikkatlice düşün.;3;2
control system;sistemi kontrol etmek;/kənˈtroʊl/ /ˈsɪstəm/;kontrol / sistım;Control the system.;Sistemi kontrol et.;6;2
create system;sistem oluşturmak;/kriˈeɪt/ /ˈsɪstəm/;kriyeyt / sistım;Create a system.;Sistem oluştur.;6;2
deal problem;sorunla ilgilenmek;/diːl/ /ˈprɒbləm/;diil / problım;Deal with the problem.;Sorunla ilgilen.;2;2
decrease level;seviyeyi azaltmak;/dɪˈkriːs/ /ˈlevəl/;dikriis / levıl;Decrease the level.;Seviyeyi azalt.;3;2
defend idea;fikri savunmak;/dɪˈfend/ /aɪˈdɪə/;difend / aydiya;Defend your idea.;Fikrini savun.;7;2
delay task;görevi geciktirmek;/dɪˈleɪ/ /tæsk/;diley / task;Delay the task.;Görevi geciktir.;2;2
demand result;sonuç talep etmek;/dɪˈmænd/ /rɪˈzʌlt/;dimend / rizalt;Demand the result.;Sonuç talep et.;2;2
describe detail;detayı anlatmak;/dɪˈskraɪb/ /ˈdiːteɪl/;diskırayb / diiteyl;Describe the detail.;Detayı anlat.;3;2
destroy file;dosyayı silmek;/dɪˈstrɔɪ/ /faɪl/;distroı / fayl;Destroy the file.;Dosyayı sil.;6;2
discover solution;çözüm bulmak;/dɪˈskʌvər/ /səˈluːʃən/;diskavır / sılüşın;Discover a solution.;Bir çözüm bul.;3;2
discuss plan;planı tartışmak;/dɪˈskʌs/ /plæn/;diskas / plen;Discuss the plan.;Planı tartış.;2;2
drop file;dosyayı düşürmek;/drɒp/ /faɪl/;drop / fayl;He drops the file.;Dosyayı düşürüyor.;6;2
earn money;para kazanmak;/ɜːrn/ /ˈmʌni/;örn / mani;Earn money online.;Online para kazan.;2;2
educate user;kullanıcıyı eğitmek;/ˈedʒukeɪt/ /ˈjuːzər/;ejukeyt / yuuzır;Educate the user.;Kullanıcıyı eğit.;6;2
effect system;sistemi etkilemek;/ɪˈfekt/ /ˈsɪstəm/;ifekt / sistım;This affects the system.;Bu sistemi etkiler.;3;2
encourage use;kullanımı teşvik etmek;/ɪnˈkʌrɪdʒ/ /juːz/;inkırıc / yuuz;Encourage use.;Kullanımı teşvik et.;2;2
enjoy process;sürecin tadını çıkarmak;/ɪnˈdʒɔɪ/ /ˈproʊses/;incoy / proses;Enjoy the process.;Sürecin tadını çıkar.;7;2
enter data;veri girmek;/ˈentər/ /ˈdeɪtə/;entır / deyta;Enter the data.;Veriyi gir.;6;2
equal result;eşit sonuç;/ˈiːkwəl/ /rɪˈzʌlt/;iikvıl / rizalt;They get equal results.;Eşit sonuç alıyorlar.;3;2
escape danger;tehlikeden kaçmak;/ɪˈskeɪp/ /ˈdeɪndʒər/;iskeyp / deyncır;Escape the danger.;Tehlikeden kaç.;5;2
establish rule;kural koymak;/ɪˈstæblɪʃ/ /ruːl/;istabliş / ruul;Establish the rule.;Kural koy.;2;2
examine data;veriyi incelemek;/ɪɡˈzæmɪn/ /ˈdeɪtə/;igzemin / deyta;Examine the data.;Veriyi incele.;3;2
exchange information;bilgi alışverişi yapmak;/ɪksˈtʃeɪndʒ/ /ˌɪnfərˈmeɪʃən/;iksçeync / informeyşın;Exchange information.;Bilgi alışverişi yap.;2;2
achieve;başarmak;/əˈtʃiːv/;açiiv;He achieves his goals.;Hedeflerine ulaşır.;2;2
actualize;gerçekleştirmek;/ˈæktʃuəlaɪz/;ekçualayz;She actualizes her dreams.;Hayallerini gerçekleştirir.;2;2
adaptively;uyumlu şekilde;/əˈdæptɪvli/;adaptivli;He works adaptively.;Uyumlu şekilde çalışır.;1;2
adequate;yeterli;/ˈædɪkwət/;edikvıt;This is adequate.;Bu yeterlidir.;3;2
adjuster;ayarlayıcı;/əˈdʒʌstər/;ecastır;He is an adjuster.;O bir ayarlayıcıdır.;6;2
admire (deeply);derin hayranlık duymak;/ədˈmaɪər/ /ˈdiːpli/;admayır / diipli;I deeply admire her.;Ona derin hayranlık duyuyorum.;7;2
admit (fact);gerçeği kabul etmek;/ədˈmɪt/ /fækt/;admit / fekt;He admits the fact.;Gerçeği kabul ediyor.;7;2
advanced;gelişmiş;/ədˈvænst/;advensd;This is an advanced system.;Bu gelişmiş bir sistem.;3;2
affective;duygusal;/əˈfektɪv/;afektiv;This is an affective response.;Bu duygusal bir tepkidir.;7;2
afterward;sonrasında;/ˈæftərwərd/;eftırvırd;We talk afterward.;Sonrasında konuşuruz.;1;2
agency;ajans;/ˈeɪdʒənsi/;eycınsi;She works at an agency.;Bir ajansta çalışıyor.;2;2
aggressive;saldırgan;/əˈɡresɪv/;agresiv;He is aggressive.;O saldırgan.;7;2
ahead (future);ileride;/əˈhed/;ahed;Think ahead.;İleriyi düşün.;1;2
aid;yardım;/eɪd/;eyd;They give aid.;Yardım ederler.;5;2
alarmed;endişelenmiş;/əˈlɑːrmd/;alarmd;She feels alarmed.;Endişelenmiş hissediyor.;7;2
alertness;dikkat;/əˈlɜːrtnəs/;alörtnıs;Alertness is important.;Dikkat önemlidir.;5;2
alternative option;alternatif seçenek;/ɔːlˈtɜːrnətɪv/ /ˈɒpʃən/;oltörnıtiv / opşın;Choose an alternative option.;Alternatif bir seçenek seç.;3;2
ambitious;hırslı;/æmˈbɪʃəs/;embişıs;He is ambitious.;O hırslı.;7;2
analysis;analiz;/əˈnæləsɪs/;enalısis;We do analysis.;Analiz yapıyoruz.;3;2
anxious;kaygılı;/ˈæŋkʃəs/;enkşıs;She feels anxious.;Kaygılı hissediyor.;7;2
apology;özür;/əˈpɒlədʒi/;apoloci;I give an apology.;Özür diliyorum.;7;2
apparent;görünür;/əˈpærənt/;aperınt;It is apparent.;Bu görünür.;3;2
application;başvuru;/ˌæplɪˈkeɪʃən/;aplikeyşın;Send your application.;Başvurunu gönder.;2;2
approval;onay;/əˈpruːvəl/;apruuvıl;I need approval.;Onaya ihtiyacım var.;2;2
argument;tartışma;/ˈɑːrɡjumənt/;argyumınt;They have an argument.;Tartışma yaşıyorlar.;7;2
arrangement;düzenleme;/əˈreɪndʒmənt/;areyncmınt;Make an arrangement.;Bir düzenleme yap.;2;2
assistantship;asistanlık;/əˈsɪstəntʃɪp/;asistınçip;He gets an assistantship.;Asistanlık alıyor.;2;2
assumption;varsayım;/əˈsʌmpʃən/;asampşın;This is an assumption.;Bu bir varsayım.;3;2
attempt (noun);girişim;/əˈtempt/;atempt;This is a good attempt.;Bu iyi bir girişim.;2;2
attraction;çekicilik;/əˈtrækʃən/;atrakşın;This place has attraction.;Burası çekici.;7;2
awareness;farkındalık;/əˈwernəs/;awernıs;Raise awareness.;Farkındalık artır.;7;2
background info;arka plan bilgisi;/ˈbækɡraʊnd/ /ˈɪnfoʊ/;bekgraynd / info;Give background info.;Arka plan bilgisi ver.;3;2
balance (life);denge;/ˈbæləns/;belıns;Keep your balance.;Dengeyi koru.;5;2
behavior pattern;davranış biçimi;/bɪˈheɪvjər/ /ˈpætərn/;biheivyır / petırn;This is a behavior pattern.;Bu bir davranış biçimi.;7;2
belief;inanç;/bɪˈliːf/;biliif;I have a belief.;Bir inancım var.;7;2
beneficial;faydalı;/ˌbenɪˈfɪʃəl/;benifişıl;This is beneficial.;Bu faydalı.;3;2
bravery;cesaret;/ˈbreɪvəri/;breyveri;He shows bravery.;Cesaret gösteriyor.;7;2
calculation;hesaplama;/ˌkælkjuˈleɪʃən/;kelkyuleyşın;Do the calculation.;Hesaplama yap.;3;2
capability;kapasite;/ˌkeɪpəˈbɪləti/;keypıbıliti;He has capability.;Kapasitesi var.;3;2
carefulness;dikkat;/ˈkerfəlnəs/;kerfılnıs;Show carefulness.;Dikkat göster.;7;2
challenge (noun);zorluk;/ˈtʃælɪndʒ/;çelinc;This is a challenge.;Bu bir zorluk.;2;2
characteristic;özellik;/ˌkærəktəˈrɪstɪk/;kerıktırisṭik;This is a key characteristic.;Bu önemli bir özellik.;3;2
communication;iletişim;/kəˌmjuːnɪˈkeɪʃən/;komyunikeyşın;Communication is key.;İletişim önemlidir.;2;2
comparison;karşılaştırma;/kəmˈperɪsən/;komperısın;Make a comparison.;Karşılaştırma yap.;3;2
completion;tamamlanma;/kəmˈpliːʃən/;kompliişın;Completion takes time.;Tamamlanma zaman alır.;2;2
concentration;konsantrasyon;/ˌkɒnsənˈtreɪʃən/;konsıntreyşın;Improve concentration.;Konsantrasyonu artır.;3;2
confidence;özgüven;/ˈkɒnfɪdəns/;konfidıns;Build confidence.;Özgüven geliştir.;7;2
connection;bağlantı;/kəˈnekʃən/;konekşın;This is a connection.;Bu bir bağlantı.;6;2
consideration;değerlendirme;/kənˌsɪdəˈreɪʃən/;konsidıreyşın;Take it into consideration.;Bunu değerlendir.;3;2
control (noun);kontrol;/kənˈtroʊl/;kontrol;Take control.;Kontrolü ele al.;2;2
creativity;yaratıcılık;/ˌkriːeɪˈtɪvəti/;kriyeytivıti;Show creativity.;Yaratıcılık göster.;3;2
decision;karar;/dɪˈsɪʒən/;disijın;Make a decision.;Karar ver.;2;2
development;gelişim;/dɪˈveləpmənt/;divelopmınt;Development is important.;Gelişim önemlidir.;2;2
difference (clear);belirgin fark;/ˈdɪfrəns/;difrıns;There is a clear difference.;Belirgin fark var.;3;2
difficulty;zorluk;/ˈdɪfɪkəlti/;difikılti;This is a difficulty.;Bu bir zorluk.;3;2
direction (plan);yön;/dəˈrekʃən/;direkşın;Choose a direction.;Bir yön seç.;2;2
discussion;tartışma;/dɪˈskʌʃən/;diskışın;Start a discussion.;Tartışma başlat.;2;2
education level;eğitim seviyesi;/ˌedʒuˈkeɪʃən/ /ˈlevəl/;ejukeyşın / levıl;My education level is high.;Eğitim seviyem yüksek.;3;2
effectiveness;etkililik;/ɪˈfektɪvnəs/;ifektivnıs;Check effectiveness.;Etkililiği kontrol et.;3;2
effort (strong);yoğun çaba;/ˈefərt/;efırt;He makes strong effort.;Yoğun çaba gösteriyor.;2;2
emotion;duygu;/ɪˈmoʊʃən/;imouşın;Show emotion.;Duygu göster.;7;2
encouragement;teşvik;/ɪnˈkʌrɪdʒmənt/;inkırıcmınt;Give encouragement.;Teşvik et.;7;2
energy (human);enerji;/ˈenərdʒi/;enırci;I have energy.;Enerjim var.;5;2
environment (nature);çevre;/ɪnˈvaɪrənmənt/;invayrınmınt;Protect the environment.;Çevreyi koru.;6;2
expectation;beklenti;/ˌekspekˈteɪʃən/;ekspekteyşın;I have expectations.;Beklentilerim var.;3;2
experience (life);deneyim;/ɪkˈspɪriəns/;ikspiriyıns;I have experience.;Deneyimim var.;1;2
explanation;açıklama;/ˌekspləˈneɪʃən/;ekspleyneşın;Give explanation.;Açıklama yap.;3;2
expression;ifade;/ɪkˈspreʃən/;ikspreşın;This is an expression.;Bu bir ifadedir.;7;2
failure;başarısızlık;/ˈfeɪljər/;feylyır;Learn from failure.;Başarısızlıktan öğren.;2;2
fairness;adalet;/ˈfernəs/;fernıs;Fairness is important.;Adalet önemlidir.;7;2
focus (noun);odak;/ˈfoʊkəs/;foukıs;Keep your focus.;Odaklan.;3;2
function (role);işlev;/ˈfʌŋkʃən/;fankşın;This has a function.;Bunun bir işlevi var.;6;2
growth;büyüme;/ɡroʊθ/;grouth;Growth takes time.;Büyüme zaman alır.;2;2
habit (daily);alışkanlık;/ˈhæbɪt/;hebit;Build a habit.;Alışkanlık oluştur.;1;2
happiness;mutluluk;/ˈhæpinəs/;hepinıs;Happiness matters.;Mutluluk önemlidir.;7;2
improvement;gelişme;/ɪmˈpruːvmənt/;impruuvmınt;See improvement.;Gelişimi gör.;2;2
independence;bağımsızlık;/ˌɪndɪˈpendəns/;indipendıns;Independence is key.;Bağımsızlık önemlidir.;7;2
influence (noun);etki;/ˈɪnfluəns/;influıns;This has influence.;Bunun etkisi var.;3;2
information (detail);bilgi;/ˌɪnfərˈmeɪʃən/;informeyşın;I need information.;Bilgiye ihtiyacım var.;3;2
interest (feeling);ilgi;/ˈɪntrəst/;intrest;I have interest.;İlgi duyuyorum.;7;2
knowledge;bilgi;/ˈnɒlɪdʒ/;nolic;Gain knowledge.;Bilgi edin.;3;2
leadership;liderlik;/ˈliːdərʃɪp/;liidırşip;Show leadership.;Liderlik göster.;2;2
learning;öğrenme;/ˈlɜːrnɪŋ/;lärning;Learning is fun.;Öğrenmek eğlencelidir.;3;2
management;yönetim;/ˈmænɪdʒmənt/;menicmınt;Good management matters.;İyi yönetim önemlidir.;2;2
motivation;motivasyon;/ˌmoʊtɪˈveɪʃən/;motiveyşın;Keep motivation high.;Motivasyonu yüksek tut.;7;2
opportunity;fırsat;/ˌɒpərˈtuːnəti/;opırtuunıti;This is an opportunity.;Bu bir fırsat.;2;2
performance;performans;/pərˈfɔːrməns/;pırformıns;Improve performance.;Performansı artır.;2;2
progress;ilerleme;/ˈproʊɡres/;prougres;Make progress.;İlerleme kaydet.;2;2
quality;kalite;/ˈkwɒləti/;kvalıti;Check quality.;Kaliteyi kontrol et.;2;2
reaction;tepki;/riˈækʃən/;riyekşın;Watch reaction.;Tepkiyi izle.;7;2
responsibility;sorumluluk;/rɪˌspɒnsəˈbɪləti/;risponsıbıliti;Take responsibility.;Sorumluluk al.;2;2
satisfaction;memnuniyet;/ˌsætɪsˈfækʃən/;setisfekşın;Customer satisfaction matters.;Müşteri memnuniyeti önemlidir.;7;2
success (result);başarı;/səkˈses/;sakses;Success comes later.;Başarı sonra gelir.;2;2
suggestion;öneri;/səˈdʒestʃən/;sacestşın;Give a suggestion.;Öneri ver.;2;2
support (noun);destek;/səˈpɔːrt/;saport;Give support.;Destek ver.;7;2
understanding;anlayış;/ˌʌndərˈstændɪŋ/;andırstending;Show understanding.;Anlayış göster.;3;2
achieve;başarmak;/əˈtʃiːv/;eçiv;She achieved her goal.;Hedefine ulaştı.;2;3
adapt;uyum sağlamak;/əˈdæpt/;edapt;He adapted quickly.;Hızlıca uyum sağladı.;1;3
afford;karşılamak (maddi);/əˈfɔːrd/;eford;I can't afford this.;Bunu karşılayamam.;1;3
announce;duyurmak;/əˈnaʊns/;enauns;They announced the news.;Haberi duyurdular.;2;3
appear;görünmek;/əˈpɪr/;epir;She appeared suddenly.;Aniden göründü.;1;3
apply;başvurmak;/əˈplaɪ/;eplay;I applied for the job.;İşe başvurdum.;2;3
argue;tartışmak;/ˈɑːrɡjuː/;argyu;They argued loudly.;Yüksek sesle tartıştılar.;7;3
arrange;düzenlemek;/əˈreɪndʒ/;erenc;She arranged the meeting.;Toplantıyı düzenledi.;2;3
avoid;kaçınmak;/əˈvɔɪd/;evoid;Avoid junk food.;Abur cuburdan kaçın.;5;3
behave;davranmak;/bɪˈheɪv/;biheiv;He behaved well.;İyi davrandı.;7;3
belong;ait olmak;/bɪˈlɔːŋ/;bilong;This belongs to me.;Bu bana ait.;1;3
borrow;ödünç almak;/ˈbɒroʊ/;borou;I borrowed a book.;Kitap ödünç aldım.;1;3
breathe;nefes almak;/briːð/;briiz;Breathe deeply.;Derin nefes al.;5;3
cancel;iptal etmek;/ˈkænsəl/;kensıl;They canceled the trip.;Geziyi iptal ettiler.;1;3
compare;karşılaştırmak;/kəmˈper/;komper;Compare the prices.;Fiyatları karşılaştır.;3;3
complain;şikayet etmek;/kəmˈpleɪn/;kompleyn;He complained a lot.;Çok şikayet etti.;7;3
confirm;doğrulamak;/kənˈfɜːrm/;konförm;Please confirm it.;Lütfen doğrula.;2;3
connect;bağlamak;/kəˈnekt/;konekt;Connect the cables.;Kabloları bağla.;6;3
consider;düşünmek;/kənˈsɪdər/;konsidır;Consider this idea.;Bu fikri düşün.;3;3
continue;devam etmek;/kənˈtɪnjuː/;kontinyu;Continue working.;Çalışmaya devam et.;1;3
create;oluşturmak;/kriˈeɪt/;krieyt;She created a plan.;Bir plan oluşturdu.;6;3
decide;karar vermek;/dɪˈsaɪd/;disayd;I decided to go.;Gitmeye karar verdim.;1;3
depend;bağlı olmak;/dɪˈpend/;dipend;It depends on you.;Sana bağlı.;1;3
develop;geliştirmek;/dɪˈveləp/;divelap;They developed a system.;Bir sistem geliştirdiler.;6;3
discover;keşfetmek;/dɪˈskʌvər/;diskavır;He discovered gold.;Altın keşfetti.;6;3
discuss;tartışmak;/dɪˈskʌs/;diskas;Let's discuss it.;Bunu tartışalım.;3;3
divide;bölmek;/dɪˈvaɪd/;divayd;Divide the cake.;Pastayı böl.;3;3
earn;kazanmak;/ɜːrn/;örn;He earns money.;Para kazanır.;2;3
encourage;teşvik etmek;/ɪnˈkʌrɪdʒ/;inkırıc;Encourage children.;Çocukları teşvik et.;7;3
explain;açıklamak;/ɪkˈspleɪn/;ikspleyn;Explain the problem.;Problemi açıkla.;3;3
express;ifade etmek;/ɪkˈspres/;ekspres;Express your feelings.;Duygularını ifade et.;7;3
fail;başarısız olmak;/feɪl/;feyl;He failed the exam.;Sınavda kaldı.;3;3
focus;odaklanmak;/ˈfoʊkəs/;fokıs;Focus on your work.;İşine odaklan.;3;3
follow;takip etmek;/ˈfɒloʊ/;folo;Follow me.;Beni takip et.;1;3
improve;geliştirmek;/ɪmˈpruːv/;impruv;Improve your English.;İngilizceni geliştir.;3;3
include;dahil etmek;/ɪnˈkluːd/;inkluud;Include details.;Detayları ekle.;3;3
increase;artırmak;/ɪnˈkriːs/;inkriis;Increase the price.;Fiyatı artır.;2;3
influence;etkilemek;/ˈɪnfluəns/;inflüıns;It influences people.;İnsanları etkiler.;7;3
inform;bilgilendirmek;/ɪnˈfɔːrm/;inform;Inform me please.;Beni bilgilendir.;2;3
introduce;tanıtmak;/ˌɪntrəˈduːs/;introdus;Introduce yourself.;Kendini tanıt.;1;3
join;katılmak;/dʒɔɪn/;coin;Join the team.;Takıma katıl.;1;3
manage;yönetmek;/ˈmænɪdʒ/;menic;Manage the project.;Projeyi yönet.;2;3
mention;bahsetmek;/ˈmenʃən/;menşın;He mentioned you.;Senden bahsetti.;1;3
notice;fark etmek;/ˈnoʊtɪs/;notis;I noticed it.;Fark ettim.;1;3
offer;teklif etmek;/ˈɒfər/;ofır;He offered help.;Yardım teklif etti.;2;3
organize;organize etmek;/ˈɔːrɡənaɪz/;orgınaiz;Organize the event.;Etkinliği düzenle.;2;3
perform;performans sergilemek;/pərˈfɔːrm/;pörform;They performed well.;İyi performans gösterdiler.;2;3
prepare;hazırlamak;/prɪˈper/;pripır;Prepare dinner.;Akşam yemeği hazırla.;1;3
prevent;önlemek;/prɪˈvent/;privent;Prevent accidents.;Kazaları önle.;5;3
produce;üretmek;/prəˈduːs/;prodüs;They produce cars.;Araba üretirler.;2;3
protect;korumak;/prəˈtekt/;protekt;Protect yourself.;Kendini koru.;5;3
provide;sağlamak;/prəˈvaɪd/;provayd;Provide information.;Bilgi sağla.;2;3
realize;fark etmek;/ˈrɪəlaɪz/;rialayz;I realized the truth.;Gerçeği fark ettim.;3;3
receive;almak;/rɪˈsiːv/;risiv;I received a gift.;Hediye aldım.;1;3
reduce;azaltmak;/rɪˈduːs/;ridus;Reduce stress.;Stresi azalt.;2;3
refuse;reddetmek;/rɪˈfjuːz/;rifyuz;He refused the offer.;Teklifi reddetti.;7;3
relax;rahatlamak;/rɪˈlæks/;rilaks;Relax at home.;Evde rahatla.;5;3
remove;kaldırmak;/rɪˈmuːv/;rimuuv;Remove the file.;Dosyayı kaldır.;1;3
repair;tamir etmek;/rɪˈper/;riper;Repair the car.;Arabayı tamir et.;6;3
replace;değiştirmek;/rɪˈpleɪs/;ripleys;Replace the part.;Parçayı değiştir.;1;3
require;gerektirmek;/rɪˈkwaɪər/;rikwayır;It requires effort.;Çaba gerektirir.;2;3
respond;cevap vermek;/rɪˈspɒnd/;rispond;Respond quickly.;Hızlı cevap ver.;2;3
return;geri dönmek;/rɪˈtɜːrn/;ritörn;Return home.;Eve dön.;1;3
save;kurtarmak;/seɪv/;seyv;Save money.;Para biriktir.;2;3
seem;görünmek;/siːm/;siim;It seems easy.;Kolay görünüyor.;1;3
select;seçmek;/sɪˈlekt/;silekt;Select one.;Birini seç.;3;3
share;paylaşmak;/ʃer/;şer;Share your ideas.;Fikirlerini paylaş.;7;3
solve;çözmek;/sɒlv/;solv;Solve the problem.;Problemi çöz.;3;3
suggest;önermek;/səˈdʒest/;sıcest;I suggest a plan.;Bir plan öneriyorum.;3;3
support;desteklemek;/səˈpɔːrt/;saport;Support your friends.;Arkadaşlarını destekle.;7;3
suppose;varsaymak;/səˈpoʊz/;sapoz;I suppose so.;Sanırım öyle.;3;3
survive;hayatta kalmak;/sərˈvaɪv/;sörvayv;They survived.;Hayatta kaldılar.;5;3
take part;katılmak;/teɪk pɑːrt/;teyk part;Take part in it.;Katıl.;7;3
teach;öğretmek;/tiːtʃ/;tiiç;She teaches English.;İngilizce öğretir.;3;3
travel;seyahat etmek;/ˈtrævəl/;trevıl;I love traveling.;Seyahat etmeyi severim.;4;3
trust;güvenmek;/trʌst/;trast;Trust me.;Bana güven.;7;3
understand;anlamak;/ˌʌndərˈstænd/;andırstend;I understand you.;Seni anlıyorum.;3;3
use;kullanmak;/juːz/;yuz;Use this tool.;Bu aracı kullan.;1;3
value;değer vermek;/ˈvæljuː/;valyu;Value your time.;Zamanına değer ver.;3;3
visit;ziyaret etmek;/ˈvɪzɪt/;vizit;Visit your family.;Aileni ziyaret et.;4;3
wait;beklemek;/weɪt/;veyt;Wait here.;Burada bekle.;1;3
warn;uyarmak;/wɔːrn/;vorn;Warn him.;Onu uyar.;5;3
watch;izlemek;/wɒtʃ/;voç;Watch TV.;TV izle.;1;3
win;kazanmak;/wɪn/;vin;They won the game.;Oyunu kazandılar.;7;3
wish;dilemek;/wɪʃ/;viş;I wish you luck.;Sana şans dilerim.;7;3
work;çalışmak;/wɜːrk/;ورک;Work hard.;Çok çalış.;2;3
worry;endişelenmek;/ˈwʌri/;vari;Don't worry.;Endişelenme.;7;3
write;yazmak;/raɪt/;rayt;Write a letter.;Bir mektup yaz.;3;3
accept;kabul etmek;/əkˈsept/;aksept;Accept the offer.;Teklifi kabul et.;2;3
achieve success;başarı elde etmek;/əˈtʃiːv/;eçiv;He achieved success.;Başarı elde etti.;2;3
act;davranmak;/ækt/;akt;Act responsibly.;Sorumlu davran.;1;3
add;eklemek;/æd/;ed;Add some sugar.;Biraz şeker ekle.;1;3
agree;katılmak;/əˈɡriː/;egri;I agree with you.;Sana katılıyorum.;7;3
allow;izin vermek;/əˈlaʊ/;elav;Allow him to go.;Gitmesine izin ver.;2;3
answer;cevap vermek;/ˈænsər/;ensır;Answer the question.;Soruyu cevapla.;3;3
arrive;varmak;/əˈraɪv/;erayv;Arrive early.;Erken var.;4;3
ask;sormak;/æsk/;ask;Ask a question.;Soru sor.;1;3
become;olmak;/bɪˈkʌm/;bikam;Become successful.;Başarılı ol.;1;3
begin;başlamak;/bɪˈɡɪn/;begin;Begin now.;Şimdi başla.;1;3
believe;inanmak;/bɪˈliːv/;biliv;Believe me.;Bana inan.;7;3
accept responsibility;sorumluluk almak;/əkˈsept/;aksept;He accepted responsibility.;Sorumluluk aldı.;2;3
achieve goals;hedeflere ulaşmak;/əˈtʃiːv/;eçiv;She achieved her goals.;Hedeflerine ulaştı.;2;3
adjust;ayarlamak;/əˈdʒʌst/;ecest;Adjust the volume.;Sesi ayarla.;1;3
admire;hayran olmak;/ədˈmaɪər/;admayır;I admire her talent.;Yeteneğine hayranım.;7;3
admit;kabul etmek;/ədˈmɪt/;admit;He admitted his mistake.;Hatasını kabul etti.;7;3
advance;ilerlemek;/ədˈvæns/;edvans;Technology advances fast.;Teknoloji hızlı ilerler.;2;3
advise;tavsiye etmek;/ədˈvaɪz/;edvayz;I advise you to rest.;Dinlenmeni tavsiye ederim.;2;3
affect;etkilemek;/əˈfekt/;efek;Weather affects mood.;Hava ruh halini etkiler.;3;3
allow access;erişim sağlamak;/əˈlaʊ/;elav;They allowed access.;Erişim sağladılar.;6;3
announce decision;karar açıklamak;/əˈnaʊns/;enauns;They announced the decision.;Kararı açıkladılar.;2;3
appreciate;takdir etmek;/əˈpriːʃieɪt/;aprişieyt;I appreciate your help.;Yardımını takdir ediyorum.;7;3
approach;yaklaşmak;/əˈproʊtʃ/;aproç;He approached slowly.;Yavaşça yaklaştı.;3;3
approve;onaylamak;/əˈpruːv/;apruv;They approved the plan.;Planı onayladılar.;2;3
argue about;hakkında tartışmak;/ˈɑːrɡjuː/;argyu;They argued about money.;Para hakkında tartıştılar.;7;3
attend;katılmak;/əˈtend/;atend;I attended the meeting.;Toplantıya katıldım.;2;3
attract;çekmek;/əˈtrækt/;etrakt;The shop attracts customers.;Dükkan müşteri çeker.;7;3
balance;dengelemek;/ˈbæləns/;balıns;Balance your life.;Hayatını dengele.;3;3
blame;suçlamak;/bleɪm/;bleym;Don't blame me.;Beni suçlama.;7;3
build;inşa etmek;/bɪld/;bild;They built a house.;Bir ev yaptılar.;6;3
calculate;hesaplamak;/ˈkælkjəleɪt/;kalyuleyt;Calculate the result.;Sonucu hesapla.;3;3
carry;taşımak;/ˈkæri/;keri;Carry the bag.;Çantayı taşı.;1;3
cause;sebep olmak;/kɔːz/;koz;It caused problems.;Sorunlara sebep oldu.;3;3
check;kontrol etmek;/tʃek/;çek;Check your answer.;Cevabını kontrol et.;1;3
choose;seçmek;/tʃuːz/;çuuz;Choose wisely.;Akıllıca seç.;3;3
collect;toplamak;/kəˈlekt/;kolekt;Collect information.;Bilgi topla.;1;3
combine;birleştirmek;/kəmˈbaɪn/;kombayn;Combine ideas.;Fikirleri birleştir.;3;3
communicate;iletişim kurmak;/kəˈmjuːnɪkeɪt/;komyunikeit;Communicate clearly.;Açık iletişim kur.;7;3
complain about;hakkında şikayet etmek;/kəmˈpleɪn/;kompleyn;He complained about noise.;Gürültüden şikayet etti.;7;3
complete;tamamlamak;/kəmˈpliːt/;komplit;Complete the task.;Görevi tamamla.;2;3
concentrate;odaklanmak;/ˈkɒnsəntreɪt/;konsıntreyt;Concentrate on study.;Dersine odaklan.;3;3
confirm booking;rezervasyonu doğrulamak;/kənˈfɜːrm/;konförm;Confirm your booking.;Rezervasyonunu doğrula.;2;3
consider option;seçeneği düşünmek;/kənˈsɪdər/;konsidır;Consider another option.;Başka seçeneği düşün.;3;3
contain;içermek;/kənˈteɪn/;konteyn;The box contains books.;Kutu kitap içerir.;3;3
control;kontrol etmek;/kənˈtroʊl/;kontrol;Control your anger.;Öfkeni kontrol et.;2;3
correct;düzeltmek;/kəˈrekt/;korekt;Correct mistakes.;Hataları düzelt.;3;3
cost;mal olmak;/kɒst/;kost;It costs a lot.;Çok pahalı.;2;3
create opportunity;fırsat yaratmak;/kriˈeɪt/;krieyt;Create opportunities.;Fırsat yarat.;2;3
damage;zarar vermek;/ˈdæmɪdʒ/;demic;The storm damaged houses.;Fırtına evlere zarar verdi.;5;3
deal with;ilgilenmek;/diːl/;diil;Deal with problems.;Sorunlarla ilgilen.;2;3
decide on;karar vermek;/dɪˈsaɪd/;disayd;Decide on a plan.;Bir plana karar ver.;3;3
deliver;teslim etmek;/dɪˈlɪvər/;dilivır;Deliver the package.;Paketi teslim et.;2;3
describe;tanımlamak;/dɪˈskraɪb/;diskırayb;Describe the picture.;Resmi anlat.;3;3
design;tasarlamak;/dɪˈzaɪn/;dizayn;Design a logo.;Logo tasarla.;6;3
destroy;yok etmek;/dɪˈstrɔɪ/;distroy;Fire destroyed the house.;Yangın evi yok etti.;5;3
develop skill;beceri geliştirmek;/dɪˈveləp/;divelap;Develop your skills.;Becerilerini geliştir.;3;3
direct;yönlendirmek;/dəˈrekt/;direkt;Direct the team.;Takımı yönlendir.;2;3
disagree;katılmamak;/ˌdɪsəˈɡriː/;disagri;I disagree with him.;Ona katılmıyorum.;7;3
disappear;kaybolmak;/ˌdɪsəˈpɪr/;disepir;The cat disappeared.;Kedi kayboldu.;1;3
display;sergilemek;/dɪˈspleɪ/;displey;Display products.;Ürünleri sergile.;6;3
distribute;dağıtmak;/dɪˈstrɪbjuːt/;distribyut;Distribute food.;Yiyecek dağıt.;2;3
educate;eğitmek;/ˈedʒukeɪt/;ecyukeyt;Educate children.;Çocukları eğit.;3;3
employ;işe almak;/ɪmˈplɔɪ/;imploy;They employ workers.;İşçi çalıştırırlar.;2;3
enable;mümkün kılmak;/ɪˈneɪbəl/;ineybıl;Technology enables learning.;Teknoloji öğrenmeyi sağlar.;6;3
encourage growth;gelişimi teşvik etmek;/ɪnˈkʌrɪdʒ/;inkırıc;Encourage growth.;Gelişimi teşvik et.;2;3
engage;dahil etmek;/ɪnˈɡeɪdʒ/;ingeyc;Engage students.;Öğrencileri dahil et.;7;3
enhance;geliştirmek;/ɪnˈhæns/;inhans;Enhance skills.;Becerileri geliştir.;2;3
ensure;garanti etmek;/ɪnˈʃʊr/;inşur;Ensure safety.;Güvenliği sağla.;2;3
estimate;tahmin etmek;/ˈestɪmeɪt/;estimeyt;Estimate cost.;Maliyeti tahmin et.;3;3
examine;incelemek;/ɪɡˈzæmɪn/;igzamin;Examine the data.;Veriyi incele.;3;3
exist;var olmak;/ɪɡˈzɪst/;igzist;It exists.;Var.;1;3
expand;genişletmek;/ɪkˈspænd/;ekspend;Expand the business.;İşletmeyi genişlet.;2;3
expect;beklemek;/ɪkˈspekt/;ekspekt;I expect success.;Başarı bekliyorum.;3;3
experience;deneyimlemek;/ɪkˈspɪriəns/;ekspiryıns;Experience life.;Hayatı deneyimle.;3;3
explain clearly;açıkça anlatmak;/ɪkˈspleɪn/;ikspleyn;Explain clearly.;Açıkça anlat.;3;3
explore;keşfetmek;/ɪkˈsplɔːr/;eksplor;Explore new places.;Yeni yerler keşfet.;3;3
express opinion;fikir ifade etmek;/ɪkˈspres/;ekspres;Express your opinion.;Fikrini ifade et.;7;3
extend;uzatmak;/ɪkˈstend/;ekstend;Extend the deadline.;Süreyi uzat.;2;3
face;yüzleşmek;/feɪs/;feys;Face your fears.;Korkularınla yüzleş.;1;3
fix;düzeltmek;/fɪks/;fiks;Fix the problem.;Sorunu düzelt.;6;3
gain;kazanmak;/ɡeɪn/;geyin;Gain experience.;Deneyim kazan.;2;3
generate;üretmek;/ˈdʒenəreɪt/;cenereyt;Generate energy.;Enerji üret.;6;3
handle;başa çıkmak;/ˈhændəl/;hendıl;Handle stress.;Stresle başa çık.;2;3
happen;olmak;/ˈhæpən/;hepın;It happened fast.;Hızlı oldu.;1;3
identify;tanımlamak;/aɪˈdentɪfaɪ/;aydentifay;Identify the problem.;Problemi belirle.;3;3
improve skills;becerileri geliştirmek;/ɪmˈpruːv/;impruv;Improve skills daily.;Her gün geliştir.;3;3
include details;detay eklemek;/ɪnˈkluːd/;inkluud;Include details.;Detay ekle.;3;3
increase speed;hız artırmak;/ɪnˈkriːs/;inkriis;Increase speed.;Hızı artır.;2;3
influence people;insanları etkilemek;/ˈɪnfluəns/;inflüıns;Influence people.;İnsanları etkile.;7;3
inform someone;bilgilendirmek;/ɪnˈfɔːrm/;inform;Inform me.;Beni bilgilendir.;2;3
improve system;sistemi geliştirmek;/ɪmˈpruːv/;impruv;Improve the system.;Sistemi geliştir.;6;3
lead;liderlik etmek;/liːd/;liid;Lead the group.;Grubu yönet.;2;3
learn;öğrenmek;/lɜːrn/;lörn;Learn English.;İngilizce öğren.;3;3
leave;ayrılmak;/liːv/;liiv;Leave early.;Erken ayrıl.;1;3
lend;ödünç vermek;/lend/;lend;Lend me money.;Bana para ver.;1;3
limit;sınırlamak;/ˈlɪmɪt/;limit;Limit usage.;Kullanımı sınırla.;3;3
maintain;sürdürmek;/meɪnˈteɪn/;meynteyn;Maintain balance.;Dengeyi koru.;2;3
measure;ölçmek;/ˈmeʒər/;mejır;Measure length.;Uzunluğu ölç.;3;3
move;hareket etmek;/muːv/;muuv;Move forward.;İleri hareket et.;1;3
observe;gözlemlemek;/əbˈzɜːrv/;obzörv;Observe carefully.;Dikkatle gözlemle.;3;3
operate;çalıştırmak;/ˈɒpəreɪt/;opıreyt;Operate machine.;Makineyi çalıştır.;6;3
participate;katılmak;/pɑːrˈtɪsɪpeɪt/;partisıpeyt;Participate actively.;Aktif katıl.;7;3
perform task;görev yapmak;/pərˈfɔːrm/;pörform;Perform the task.;Görevi yap.;2;3
plan;planlamak;/plæn/;plen;Plan your day.;Gününü planla.;2;3
predict;tahmin etmek;/prɪˈdɪkt/;pridikt;Predict results.;Sonucu tahmin et.;3;3
prefer;tercih etmek;/prɪˈfɜːr/;priför;I prefer tea.;Çayı tercih ederim.;7;3
prepare food;yemek hazırlamak;/prɪˈper/;pripır;Prepare food.;Yemek hazırla.;5;3
produce result;sonuç üretmek;/prəˈduːs/;prodüs;Produce results.;Sonuç üret.;2;3
promise;söz vermek;/ˈprɒmɪs/;promis;I promise.;Söz veriyorum.;7;3
protect environment;çevreyi korumak;/prəˈtekt/;protekt;Protect environment.;Çevreyi koru.;5;3
provide help;yardım sağlamak;/prəˈvaɪd/;provayd;Provide help.;Yardım sağla.;7;3
ability;yetenek;/əˈbɪləti/;ebilıti;She has the ability to solve problems.;Onun problemleri çözme yeteneği var.;3;3
abroad;yurt dışında;/əˈbrɔːd/;ebrood;He studied abroad last year.;Geçen yıl yurt dışında okudu.;4;3
absence;yokluk;/ˈæbsəns/;ebsıns;His absence worried us.;Onun yokluğu bizi endişelendirdi.;1;3
accident;kaza;/ˈæksɪdənt/;eksıdınt;There was an accident on the road.;Yolda bir kaza vardı.;5;3
advantage;avantaj;/ədˈvæntɪdʒ/;edventic;This plan has one advantage.;Bu planın bir avantajı var.;2;3
agreement;anlaşma;/əˈɡriːmənt/;egrimınt;They reached an agreement.;Bir anlaşmaya vardılar.;2;3
aim;amaç;/eɪm/;eym;My aim is to learn English.;Amacım İngilizce öğrenmek.;3;3
amount;miktar;/əˈmaʊnt/;emaunt;The amount is too high.;Miktar çok yüksek.;2;3
apology;özür;/əˈpɑːlədʒi/;apalıci;She made an apology.;Özür diledi.;7;3
appointment;randevu;/əˈpɔɪntmənt/;epoyntmınt;I have a doctor appointment.;Doktor randevum var.;1;3
area;bölge / alan;/ˈeriə/;eriı;This area is quiet.;Bu bölge sessiz.;4;3
attitude;tutum;/ˈætɪtuːd/;etitüd;His attitude was positive.;Onun tutumu olumluydu.;7;3
audience;seyirci;/ˈɔːdiəns/;oodiyıns;The audience clapped loudly.;Seyirci yüksek sesle alkışladı.;7;3
available;müsait / mevcut;/əˈveɪləbəl/;eveyılıbıl;This room is available.;Bu oda müsait.;1;3
average;ortalama;/ˈævərɪdʒ/;evırıc;The average score was high.;Ortalama puan yüksekti.;3;3
benefit;fayda;/ˈbenɪfɪt/;benefit;Exercise has many benefits.;Egzersizin birçok faydası vardır.;2;3
border;sınır;/ˈbɔːrdər/;bordır;They crossed the border.;Sınırı geçtiler.;4;3
branch;şube / dal;/bræntʃ/;brenç;The bank has a new branch.;Bankanın yeni bir şubesi var.;2;3
budget;bütçe;/ˈbʌdʒɪt/;bacıt;We need a bigger budget.;Daha büyük bir bütçeye ihtiyacımız var.;2;3
capital;başkent / sermaye;/ˈkæpɪtəl/;kepitıl;Ankara is the capital of Turkey.;Ankara Türkiye’nin başkentidir.;2;3
challenge;zorluk;/ˈtʃælɪndʒ/;çelınc;This exam is a challenge.;Bu sınav bir zorluktur.;3;3
chance;şans / fırsat;/tʃæns/;çens;Give me one more chance.;Bana bir şans daha ver.;1;3
characteristic;özellik;/ˌkærəktəˈrɪstɪk/;kerıktıristik;Honesty is an important characteristic.;Dürüstlük önemli bir özelliktir.;3;3
citizen;vatandaş;/ˈsɪtɪzən/;sitizın;Every citizen has rights.;Her vatandaşın hakları vardır.;4;3
climate;iklim;/ˈklaɪmət/;klaymıt;The climate is changing.;İklim değişiyor.;4;3
clue;ipucu;/kluː/;klu;I found a clue.;Bir ipucu buldum.;3;3
community;toplum;/kəˈmjuːnəti/;komyunıti;We live in a small community.;Küçük bir toplumda yaşıyoruz.;7;3
competition;yarışma / rekabet;/ˌkɑːmpəˈtɪʃən/;kompıtişın;She won the competition.;Yarışmayı kazandı.;7;3
condition;durum / şart;/kənˈdɪʃən/;kondişın;The car is in good condition.;Araba iyi durumda.;3;3
confidence;özgüven;/ˈkɑːnfɪdəns/;kanfidıns;He spoke with confidence.;Özgüvenle konuştu.;7;3
consequence;sonuç;/ˈkɑːnsəkwəns/;kansıkwıns;Every action has a consequence.;Her eylemin bir sonucu vardır.;3;3
construction;inşaat;/kənˈstrʌkʃən/;konstrakşın;Construction started yesterday.;İnşaat dün başladı.;6;3
contact;iletişim;/ˈkɑːntækt/;kontak;Keep in contact with me.;Benimle iletişimde kal.;7;3
content;içerik;/ˈkɑːntent/;kontent;The content is useful.;İçerik faydalı.;3;3
contract;sözleşme;/ˈkɑːntrækt/;kontrakt;They signed a contract.;Bir sözleşme imzaladılar.;2;3
culture;kültür;/ˈkʌltʃər/;kalçır;I want to learn about their culture.;Onların kültürünü öğrenmek istiyorum.;7;3
customer;müşteri;/ˈkʌstəmər/;kastımır;The customer was happy.;Müşteri mutluydu.;2;3
decision;karar;/dɪˈsɪʒən/;disijın;It was a difficult decision.;Zor bir karardı.;3;3
degree;derece / diploma;/dɪˈɡriː/;digrii;She has a university degree.;Üniversite diploması var.;3;3
demand;talep;/dɪˈmænd/;dimend;The demand increased.;Talep arttı.;2;3
department;bölüm;/dɪˈpɑːrtmənt/;dipartmınt;He works in the sales department.;Satış bölümünde çalışıyor.;2;3
destination;varış yeri;/ˌdestɪˈneɪʃən/;destıneyşın;Paris is our destination.;Varış yerimiz Paris.;4;3
detail;detay;/ˈdiːteɪl/;diiteyl;Tell me every detail.;Bana her detayı anlat.;3;3
difficulty;zorluk;/ˈdɪfɪkəlti/;difikılti;We had some difficulty.;Biraz zorluk yaşadık.;3;3
direction;yön;/dəˈrekʃən/;direkşın;Which direction should we go?;Hangi yöne gitmeliyiz?;4;3
disadvantage;dezavantaj;/ˌdɪsədˈvæntɪdʒ/;disedventic;This method has a disadvantage.;Bu yöntemin bir dezavantajı var.;2;3
distance;mesafe;/ˈdɪstəns/;distıns;The distance is short.;Mesafe kısa.;4;3
education;eğitim;/ˌedʒuˈkeɪʃən/;ecyukeyşın;Education is very important.;Eğitim çok önemlidir.;3;3
effort;çaba;/ˈefərt/;efırt;Success needs effort.;Başarı çaba gerektirir.;3;3
election;seçim;/ɪˈlekʃən/;ilekşın;The election was fair.;Seçim adildi.;7;3
employee;çalışan;/ɪmˈplɔɪiː/;employii;The employee was helpful.;Çalışan yardımseverdi.;2;3
employer;işveren;/ɪmˈplɔɪər/;employır;The employer offered a job.;İşveren iş teklif etti.;2;3
equipment;ekipman;/ɪˈkwɪpmənt/;ikwipmınt;We need new equipment.;Yeni ekipmana ihtiyacımız var.;6;3
event;etkinlik / olay;/ɪˈvent/;ivent;The event starts at six.;Etkinlik altıda başlıyor.;7;3
evidence;kanıt;/ˈevɪdəns/;evidıns;There is no evidence.;Kanıt yok.;3;3
exchange;değişim;/ɪksˈtʃeɪndʒ/;iksçeync;We had a student exchange.;Öğrenci değişimi yaptık.;2;3
expert;uzman;/ˈekspɜːrt/;ekspert;He is an expert in computers.;O bilgisayar konusunda uzmandır.;2;3
failure;başarısızlık;/ˈfeɪljər/;feylyır;Failure can teach you.;Başarısızlık sana öğretebilir.;3;3
feature;özellik;/ˈfiːtʃər/;fiiçır;This phone has a useful feature.;Bu telefonun faydalı bir özelliği var.;6;3
field;alan / saha;/fiːld/;fiild;He works in the medical field.;Tıp alanında çalışıyor.;3;3
figure;rakam / figür;/ˈfɪɡjər/;figyır;Look at this figure.;Bu rakama bak.;3;3
flight;uçuş;/flaɪt/;flayt;Our flight was delayed.;Uçuşumuz gecikti.;4;3
freedom;özgürlük;/ˈfriːdəm/;friidım;Freedom is valuable.;Özgürlük değerlidir.;7;3
generation;nesil;/ˌdʒenəˈreɪʃən/;cenıreyşın;This generation uses technology a lot.;Bu nesil teknolojiyi çok kullanır.;7;3
government;hükümet;/ˈɡʌvərnmənt/;gavırnmınt;The government made a new rule.;Hükümet yeni bir kural koydu.;7;3
habit;alışkanlık;/ˈhæbɪt/;hebit;Reading is a good habit.;Okumak iyi bir alışkanlıktır.;1;3
height;yükseklik / boy;/haɪt/;hayt;What is your height?;Boyun kaç?;5;3
identity;kimlik;/aɪˈdentəti/;aydentıti;He showed his identity card.;Kimlik kartını gösterdi.;7;3
industry;endüstri / sanayi;/ˈɪndəstri/;indıstri;The car industry is growing.;Araba endüstrisi büyüyor.;2;3
instruction;talimat;/ɪnˈstrʌkʃən/;instrakşın;Read the instructions carefully.;Talimatları dikkatlice oku.;3;3
issue;konu / sorun;/ˈɪʃuː/;işu;We discussed an important issue.;Önemli bir konuyu tartıştık.;3;3
item;ürün / eşya;/ˈaɪtəm/;aytım;This item is expensive.;Bu ürün pahalı.;1;3
journey;yolculuk;/ˈdʒɜːrni/;cörni;The journey took two hours.;Yolculuk iki saat sürdü.;4;3
knowledge;bilgi;/ˈnɑːlɪdʒ/;nalıc;Knowledge is power.;Bilgi güçtür.;3;3
lack;eksiklik;/læk/;lek;There is a lack of water.;Su eksikliği var.;3;3
land;kara / arazi;/lænd/;lend;They bought some land.;Biraz arazi satın aldılar.;4;3
law;yasa;/lɔː/;loo;Everyone must follow the law.;Herkes yasaya uymalı.;7;3
level;seviye;/ˈlevəl/;levıl;Your English level is improving.;İngilizce seviyen gelişiyor.;3;3
lifestyle;yaşam tarzı;/ˈlaɪfstaɪl/;layfstayl;He has a healthy lifestyle.;Sağlıklı bir yaşam tarzı var.;7;3
location;konum;/loʊˈkeɪʃən/;lokeyşın;Send me your location.;Bana konumunu gönder.;4;3
material;malzeme;/məˈtɪriəl/;mıtiryıl;This material is strong.;Bu malzeme sağlam.;6;3
method;yöntem;/ˈmeθəd/;metıd;This method is simple.;Bu yöntem basit.;3;3
mistake;hata;/mɪˈsteɪk/;misteyk;I made a mistake.;Bir hata yaptım.;3;3
nature;doğa;/ˈneɪtʃər/;neyçır;I love nature.;Doğayı severim.;4;3
opportunity;fırsat;/ˌɑːpərˈtuːnəti/;apırtunıti;This is a great opportunity.;Bu harika bir fırsat.;2;3
option;seçenek;/ˈɑːpʃən/;apşın;We have another option.;Başka bir seçeneğimiz var.;3;3
organization;kuruluş;/ˌɔːrɡənəˈzeɪʃən/;orgınızeyşın;She works for an organization.;Bir kuruluş için çalışıyor.;2;3
passenger;yolcu;/ˈpæsɪndʒər/;pesıncır;The passenger missed the bus.;Yolcu otobüsü kaçırdı.;4;3
performance;performans;/pərˈfɔːrməns/;pırformıns;Her performance was excellent.;Performansı mükemmeldi.;2;3
permission;izin;/pərˈmɪʃən/;pırmişın;You need permission.;İzne ihtiyacın var.;2;3
population;nüfus;/ˌpɑːpjuˈleɪʃən/;papyuleyşın;The population is increasing.;Nüfus artıyor.;7;3
pressure;baskı;/ˈpreʃər/;preşır;She works well under pressure.;Baskı altında iyi çalışır.;7;3
purpose;amaç;/ˈpɜːrpəs/;pörpıs;What is the purpose of this meeting?;Bu toplantının amacı ne?;3;3
quality;kalite;/ˈkwɑːləti/;kwalıti;The quality is high.;Kalite yüksek.;3;3
relationship;ilişki;/rɪˈleɪʃənʃɪp/;rileyşınşip;They have a good relationship.;İyi bir ilişkileri var.;7;3
result;sonuç;/rɪˈzʌlt/;rizalt;The result surprised me.;Sonuç beni şaşırttı.;3;3
safety;güvenlik;/ˈseɪfti/;seyfti;Safety comes first.;Güvenlik önce gelir.;5;3
salary;maaş;/ˈsæləri/;selıri;His salary is good.;Maaşı iyi.;2;3
skill;beceri;/skɪl/;skil;Communication is an important skill.;İletişim önemli bir beceridir.;3;3
solution;çözüm;/səˈluːʃən/;soluşın;We found a solution.;Bir çözüm bulduk.;3;3
source;kaynak;/sɔːrs/;sors;What is the source of this information?;Bu bilginin kaynağı nedir?;3;3
task;görev;/tæsk/;task;I finished the task.;Görevi bitirdim.;2;3
technology;teknoloji;/tekˈnɑːlədʒi/;teknaloci;Technology changes fast.;Teknoloji hızlı değişir.;6;3
temperature;sıcaklık;/ˈtemprətʃər/;temprıçır;The temperature is low today.;Bugün sıcaklık düşük.;5;3
tradition;gelenek;/trəˈdɪʃən/;trıdişın;This is an old tradition.;Bu eski bir gelenektir.;7;3
treatment;tedavi;/ˈtriːtmənt/;triitmınt;The treatment was successful.;Tedavi başarılıydı.;5;3
variety;çeşitlilik;/vəˈraɪəti/;vırayııti;The shop offers a variety of products.;Mağaza çeşitli ürünler sunar.;3;3
vehicle;araç;/ˈviːəkəl/;viiıkıl;This vehicle is electric.;Bu araç elektrikli.;4;3
volunteer;gönüllü;/ˌvɑːlənˈtɪr/;valıntir;She works as a volunteer.;Gönüllü olarak çalışıyor.;7;3
wealth;zenginlik;/welθ/;velθ;Wealth does not always bring happiness.;Zenginlik her zaman mutluluk getirmez.;2;3
youth;gençlik;/juːθ/;yuuth;Youth is full of energy.;Gençlik enerji doludur.;7;3
access;erişim;/ˈækses/;akses;I need access to the file.;Dosyaya erişime ihtiyacım var.;6;3
account;hesap;/əˈkaʊnt/;akaunt;I opened a bank account.;Bir banka hesabı açtım.;2;3
action;eylem;/ˈækʃən/;ekşın;We must take action now.;Şimdi harekete geçmeliyiz.;1;3
activity;aktivite;/ækˈtɪvəti/;aktivıti;This activity is fun.;Bu aktivite eğlenceli.;1;3
addition;ekleme;/əˈdɪʃən/;edişın;The addition improved the text.;Ekleme metni geliştirdi.;3;3
advice;tavsiye;/ədˈvaɪs/;edvays;Your advice helped me.;Tavsiyen bana yardım etti.;7;3
agent;temsilci;/ˈeɪdʒənt/;eycınt;The travel agent called me.;Seyahat temsilcisi beni aradı.;2;3
airline;hava yolu;/ˈerlaɪn/;erlayn;This airline is popular.;Bu hava yolu popüler.;4;3
alternative;alternatif;/ɔːlˈtɜːrnətɪv/;oltörnətiv;We need an alternative plan.;Alternatif bir plana ihtiyacımız var.;3;3
analysis;analiz;/əˈnæləsɪs/;enelısis;The analysis was detailed.;Analiz detaylıydı.;3;3
anxiety;kaygı;/æŋˈzaɪəti/;engzayııti;Exams can cause anxiety.;Sınavlar kaygıya neden olabilir.;7;3
argument;tartışma;/ˈɑːrɡjumənt/;argyumınt;They had an argument.;Tartışma yaşadılar.;7;3
arrival;varış;/əˈraɪvəl/;erayvıl;Our arrival was late.;Varışımız geç oldu.;4;3
article;makale;/ˈɑːrtɪkəl/;artikıl;I read an article.;Bir makale okudum.;3;3
aspect;yön / taraf;/ˈæspekt/;aspekt;This is an important aspect.;Bu önemli bir yöndür.;3;3
assistant;asistan;/əˈsɪstənt/;asistınt;The assistant answered the phone.;Asistan telefonu cevapladı.;2;3
attempt;girişim;/əˈtempt/;etempt;His first attempt failed.;İlk girişimi başarısız oldu.;3;3
background;arka plan;/ˈbækɡraʊnd/;bekground;Tell me about your background.;Bana geçmişinden bahset.;3;3
behavior;davranış;/bɪˈheɪvjər/;biheyvyır;His behavior was strange.;Davranışı garipti.;7;3
belief;inanç;/bɪˈliːf/;biliif;Everyone has a different belief.;Herkesin farklı bir inancı vardır.;7;3
birth;doğum;/bɜːrθ/;börθ;Her birth was in May.;Doğumu mayıs ayındaydı.;5;3
camp;kamp;/kæmp/;kemp;We stayed at a camp.;Bir kampta kaldık.;4;3
candidate;aday;/ˈkændɪdət/;kendidıt;She is a strong candidate.;O güçlü bir aday.;2;3
category;kategori;/ˈkætəɡɔːri/;ketıgori;Choose the correct category.;Doğru kategoriyi seç.;3;3
ceremony;tören;/ˈserəmoʊni/;seremoni;The ceremony started early.;Tören erken başladı.;7;3
choice;seçim;/tʃɔɪs/;çoys;It was a hard choice.;Zor bir seçimdi.;3;3
colleague;iş arkadaşı;/ˈkɑːliːɡ/;kaliig;My colleague helped me.;İş arkadaşım bana yardım etti.;2;3
comment;yorum;/ˈkɑːment/;koment;Her comment was useful.;Yorumu faydalıydı.;7;3
committee;komite;/kəˈmɪti/;komiti;The committee made a decision.;Komite bir karar verdi.;2;3
comparison;karşılaştırma;/kəmˈpærɪsən/;komperısın;This comparison is helpful.;Bu karşılaştırma yardımcı.;3;3
complaint;şikayet;/kəmˈpleɪnt/;kompleynt;The company received a complaint.;Şirket bir şikayet aldı.;7;3
conclusion;sonuç / çıkarım;/kənˈkluːʒən/;konkıluujın;The conclusion was clear.;Sonuç açıktı.;3;3
connection;bağlantı;/kəˈnekʃən/;konekşın;The internet connection is slow.;İnternet bağlantısı yavaş.;6;3
context;bağlam;/ˈkɑːntekst/;kontekst;Understand the context first.;Önce bağlamı anla.;3;3
contribution;katkı;/ˌkɑːntrɪˈbjuːʃən/;kontribyuşın;Your contribution is valuable.;Katkın değerlidir.;2;3
conversation;konuşma;/ˌkɑːnvərˈseɪʃən/;konvırseyşın;We had a long conversation.;Uzun bir konuşma yaptık.;7;3
copy;kopya;/ˈkɑːpi/;kapi;I need a copy of this document.;Bu belgenin bir kopyasına ihtiyacım var.;1;3
countryside;kırsal bölge;/ˈkʌntrisaɪd/;kantrisayd;They live in the countryside.;Kırsal bölgede yaşıyorlar.;4;3
crowd;kalabalık;/kraʊd/;kraud;The crowd was excited.;Kalabalık heyecanlıydı.;7;3
currency;para birimi;/ˈkɜːrənsi/;körınsi;The local currency is different.;Yerel para birimi farklı.;2;3
deadline;son teslim tarihi;/ˈdedlaɪn/;dedlayn;The deadline is tomorrow.;Son teslim tarihi yarın.;2;3
debate;münazara / tartışma;/dɪˈbeɪt/;dibeyt;The debate was interesting.;Tartışma ilginçti.;7;3
debt;borç;/det/;det;He paid his debt.;Borcunu ödedi.;2;3
delivery;teslimat;/dɪˈlɪvəri/;dilivıri;The delivery arrived late.;Teslimat geç geldi.;2;3
description;açıklama;/dɪˈskrɪpʃən/;diskripşın;Read the description carefully.;Açıklamayı dikkatlice oku.;3;3
development;gelişim;/dɪˈveləpmənt/;divelıpmınt;This is a positive development.;Bu olumlu bir gelişme.;2;3
difference;fark;/ˈdɪfərəns/;difırıns;There is a big difference.;Büyük bir fark var.;3;3
discussion;tartışma;/dɪˈskʌʃən/;diskâşın;The discussion lasted one hour.;Tartışma bir saat sürdü.;3;3
disease;hastalık;/dɪˈziːz/;diziiz;This disease is serious.;Bu hastalık ciddi.;5;3
document;belge;/ˈdɑːkjumənt/;dokyumınt;Please sign the document.;Lütfen belgeyi imzala.;2;3
donation;bağış;/doʊˈneɪʃən/;douneyşın;They made a donation.;Bağış yaptılar.;7;3
drama;drama;/ˈdrɑːmə/;drama;I watched a drama yesterday.;Dün bir drama izledim.;7;3
duty;görev;/ˈduːti/;duuti;It is my duty.;Bu benim görevim.;2;3
economy;ekonomi;/ɪˈkɑːnəmi/;ikânımi;The economy is growing.;Ekonomi büyüyor.;2;3
editor;editör;/ˈedɪtər/;editır;The editor checked the article.;Editör makaleyi kontrol etti.;2;3
emergency;acil durum;/ɪˈmɜːrdʒənsi/;imörcınsi;Call me in an emergency.;Acil durumda beni ara.;5;3
emotion;duygu;/ɪˈmoʊʃən/;imouşın;Music expresses emotion.;Müzik duyguyu ifade eder.;7;3
entrance;giriş;/ˈentrəns/;entrıns;The entrance is on the left.;Giriş solda.;1;3
environment;çevre;/ɪnˈvaɪrənmənt/;invayrınmınt;We must protect the environment.;Çevreyi korumalıyız.;4;3
error;hata;/ˈerər/;erır;The system showed an error.;Sistem hata gösterdi.;3;3
essay;kompozisyon;/ˈeseɪ/;esey;I wrote an essay.;Bir kompozisyon yazdım.;3;3
explanation;açıklama;/ˌekspləˈneɪʃən/;eksplaneyşın;Her explanation was clear.;Açıklaması açıktı.;3;3
factor;etken / faktör;/ˈfæktər/;fektır;Money is an important factor.;Para önemli bir faktördür.;3;3
fee;ücret;/fiː/;fii;The course fee is high.;Kurs ücreti yüksek.;2;3
festival;festival;/ˈfestɪvəl/;festivıl;The festival begins tonight.;Festival bu gece başlıyor.;7;3
foundation;temel / vakıf;/faʊnˈdeɪʃən/;faundeyşın;Education is the foundation of success.;Eğitim başarının temelidir.;2;3
friendship;arkadaşlık;/ˈfrendʃɪp/;frendşip;Friendship is important.;Arkadaşlık önemlidir.;7;3
furniture;mobilya;/ˈfɜːrnɪtʃər/;förniçır;We bought new furniture.;Yeni mobilya aldık.;1;3
goal;hedef;/ɡoʊl/;goul;My goal is clear.;Hedefim açık.;3;3
grade;not / sınıf;/ɡreɪd/;greyd;She got a good grade.;İyi bir not aldı.;3;3
guest;misafir;/ɡest/;gest;We have a guest today.;Bugün misafirimiz var.;7;3
guide;rehber;/ɡaɪd/;gayd;The guide explained the museum.;Rehber müzeyi anlattı.;4;3
headline;başlık;/ˈhedlaɪn/;hedlayn;The headline was shocking.;Başlık şaşırtıcıydı.;2;3
highway;otoyol;/ˈhaɪweɪ/;hayvey;The highway was busy.;Otoyol yoğundu.;4;3
honor;onur;/ˈɑːnər/;anır;It is an honor to meet you.;Seninle tanışmak bir onur.;7;3
image;görüntü / imaj;/ˈɪmɪdʒ/;imıc;The image is clear.;Görüntü net.;3;3
impact;etki;/ˈɪmpækt/;impekt;The speech had a strong impact.;Konuşmanın güçlü bir etkisi oldu.;3;3
income;gelir;/ˈɪnkʌm/;inkam;His income is stable.;Geliri düzenli.;2;3
independence;bağımsızlık;/ˌɪndɪˈpendəns/;indipendıns;Independence is important for countries.;Bağımsızlık ülkeler için önemlidir.;7;3
injury;yaralanma;/ˈɪndʒəri/;incıri;He had a serious injury.;Ciddi bir yaralanması vardı.;5;3
interview;görüşme / röportaj;/ˈɪntərvjuː/;interviyu;I have an interview tomorrow.;Yarın görüşmem var.;2;3
introduction;giriş / tanıtım;/ˌɪntrəˈdʌkʃən/;intradakşın;The introduction was short.;Giriş kısaydı.;3;3
invitation;davet;/ˌɪnvɪˈteɪʃən/;inviteyşın;I received an invitation.;Bir davet aldım.;7;3
invoice;fatura;/ˈɪnvɔɪs/;invoys;The invoice is on the table.;Fatura masanın üzerinde.;2;3
island;ada;/ˈaɪlənd/;aylınd;They visited a small island.;Küçük bir adayı ziyaret ettiler.;4;3
judge;hakim / yargıç;/dʒʌdʒ/;cac;The judge listened carefully.;Hakim dikkatlice dinledi.;2;3
language;dil;/ˈlæŋɡwɪdʒ/;lengwic;Language connects people.;Dil insanları birbirine bağlar.;3;3
lecture;ders / konferans;/ˈlektʃər/;lekçır;The lecture was useful.;Ders faydalıydı.;3;3
license;lisans / ehliyet;/ˈlaɪsəns/;laysıns;He got a driving license.;Ehliyet aldı.;2;3
memory;hafıza;/ˈmeməri/;memıri;My memory is strong.;Hafızam güçlü.;3;3
message;mesaj;/ˈmesɪdʒ/;mesıc;Send me a message.;Bana mesaj gönder.;7;3
model;model;/ˈmɑːdəl/;madıl;This model is new.;Bu model yeni.;6;3
moment;an;/ˈmoʊmənt/;moumınt;Wait a moment, please.;Lütfen bir an bekle.;1;3
mystery;gizem;/ˈmɪstəri/;mistıri;This story is full of mystery.;Bu hikaye gizem dolu.;3;3
network;ağ;/ˈnetwɜːrk/;netvörk;The network is down.;Ağ çalışmıyor.;6;3
noise;gürültü;/nɔɪz/;noyz;The noise bothered me.;Gürültü beni rahatsız etti.;5;3
note;not;/noʊt/;nout;I wrote a note.;Bir not yazdım.;3;3
opinion;fikir;/əˈpɪnjən/;epinyın;What is your opinion?;Senin fikrin ne?;7;3
owner;sahip;/ˈoʊnər/;ounır;The owner was friendly.;Sahibi arkadaş canlısıydı.;2;3
package;paket;/ˈpækɪdʒ/;pekıc;The package arrived today.;Paket bugün geldi.;2;3
partner;ortak / partner;/ˈpɑːrtnər/;partnır;She is my business partner.;O benim iş ortağım.;2;3
pattern;desen / kalıp;/ˈpætərn/;petırn;I noticed a pattern.;Bir kalıp fark ettim.;3;3
peace;barış;/piːs/;piis;Everyone wants peace.;Herkes barış ister.;7;3
personality;kişilik;/ˌpɜːrsəˈnæləti/;pörsınelıti;She has a strong personality.;Güçlü bir kişiliği var.;7;3
platform;platform;/ˈplætfɔːrm/;pletform;This platform is easy to use.;Bu platformun kullanımı kolay.;6;3
policy;politika / kural;/ˈpɑːləsi/;palısi;The company changed its policy.;Şirket politikasını değiştirdi.;2;3
pollution;kirlilik;/pəˈluːʃən/;poluuşın;Pollution harms nature.;Kirlilik doğaya zarar verir.;5;3
possession;sahip olma / eşya;/pəˈzeʃən/;pozeşın;This bag is my possession.;Bu çanta benim eşyam.;1;3
presentation;sunum;/ˌprezənˈteɪʃən/;prezenteyşın;Her presentation was excellent.;Sunumu mükemmeldi.;2;3
prize;ödül;/praɪz/;prayz;He won a prize.;Ödül kazandı.;7;3
profession;meslek;/prəˈfeʃən/;profeşın;Teaching is a respected profession.;Öğretmenlik saygın bir meslektir.;2;3
progress;ilerleme;/ˈprɑːɡres/;pragres;You made great progress.;Büyük ilerleme kaydettin.;2;3
progress rate;ilerleme oranı;/ˈprɑːɡres/;pragres;The progress rate is high.;İlerleme oranı yüksek.;2;3
project;proje;/ˈprɑːdʒekt/;pracıkt;I am working on a project.;Bir proje üzerinde çalışıyorum.;2;3
property;mülk;/ˈprɑːpərti/;prapırti;He bought a property.;Bir mülk satın aldı.;2;3
proposal;teklif;/prəˈpoʊzəl/;propouzıl;She made a proposal.;Bir teklif sundu.;2;3
protection;koruma;/prəˈtekʃən/;protekşın;Protection is important.;Koruma önemlidir.;5;3
public;halk / kamu;/ˈpʌblɪk/;pablik;The event is public.;Etkinlik halka açık.;7;3
publication;yayın;/ˌpʌblɪˈkeɪʃən/;pablıkeyşın;The publication was successful.;Yayın başarılıydı.;2;3
reaction;tepki;/riˈækʃən/;riyakşın;His reaction was quick.;Tepkisi hızlıydı.;7;3
reality;gerçeklik;/riˈæləti/;riyelıti;Reality is different.;Gerçeklik farklıdır.;3;3
reason;sebep;/ˈriːzən/;riizın;There is a reason.;Bir sebep var.;3;3
recommendation;tavsiye;/ˌrekəmenˈdeɪʃən/;rekomendeyşın;He gave a recommendation.;Tavsiye verdi.;2;3
reference;referans;/ˈrefərəns/;refırıns;Use this as a reference.;Bunu referans olarak kullan.;3;3
region;bölge;/ˈriːdʒən/;riicın;This region is cold.;Bu bölge soğuk.;4;3
register;kayıt olmak;/ˈredʒɪstər/;recistır;Register online.;Online kayıt ol.;2;3
regulation;düzenleme;/ˌreɡjuˈleɪʃən/;reguleyşın;New regulations were introduced.;Yeni düzenlemeler getirildi.;2;3
requirement;gereklilik;/rɪˈkwaɪərmənt/;rikwayırmınt;This is a requirement.;Bu bir gerekliliktir.;2;3
research;araştırma;/rɪˈsɜːrtʃ/;risörç;Research is important.;Araştırma önemlidir.;3;3
resource;kaynak;/ˈriːsɔːrs/;riisors;Water is a resource.;Su bir kaynaktır.;2;3
response;cevap;/rɪˈspɑːns/;rispons;I got a response.;Bir cevap aldım.;2;3
responsibility;sorumluluk;/rɪˌspɑːnsəˈbɪləti/;risponsıbıliti;Responsibility is important.;Sorumluluk önemlidir.;2;3
review;inceleme;/rɪˈvjuː/;rivyu;I wrote a review.;Bir inceleme yazdım.;2;3
risk;risk;/rɪsk/;risk;This is a risk.;Bu bir risk.;2;3
role;rol;/roʊl/;roul;He has an important role.;Önemli bir rolü var.;2;3
rule;kural;/ruːl/;ruul;Follow the rule.;Kurala uy.;2;3
sample;örnek;/ˈsæmpəl/;sempl;Take a sample.;Bir örnek al.;3;3
scene;sahne;/siːn/;siin;The scene was beautiful.;Sahne güzeldi.;1;3
schedule;program;/ˈskedʒuːl/;skecul;Check the schedule.;Programı kontrol et.;2;3
sector;sektör;/ˈsektər/;sektır;The tech sector is growing.;Teknoloji sektörü büyüyor.;2;3
series;seri;/ˈsɪriːz/;siriiz;I watched a series.;Bir dizi izledim.;3;3
service;hizmet;/ˈsɜːrvɪs/;سروis;The service was excellent.;Hizmet mükemmeldi.;2;3
session;oturum;/ˈseʃən/;seşın;The session lasted long.;Oturum uzun sürdü.;2;3
setting;ortam;/ˈsetɪŋ/;seting;The setting was perfect.;Ortam mükemmeldi.;1;3
shipment;sevkiyat;/ˈʃɪpmənt/;şipmınt;The shipment arrived.;Sevkiyat geldi.;2;3
situation;durum;/ˌsɪtʃuˈeɪʃən/;siçueyşın;The situation improved.;Durum iyileşti.;1;3
society;toplum;/səˈsaɪəti/;sasayııti;Society is changing.;Toplum değişiyor.;7;3
software;yazılım;/ˈsɔːftwer/;softver;This software is useful.;Bu yazılım faydalı.;6;3
source code;kaynak kod;/sɔːrs/;sors;Check the source code.;Kaynak kodu kontrol et.;6;3
speech;konuşma;/spiːtʃ/;spiç;His speech was inspiring.;Konuşması ilham vericiydi.;7;3
standard;standart;/ˈstændərd/;stendırd;This is a standard method.;Bu standart bir yöntem.;2;3
statement;ifade;/ˈsteɪtmənt/;steytmınt;His statement was clear.;İfadesi açıktı.;2;3
strategy;strateji;/ˈstrætədʒi/;stretaci;We need a strategy.;Bir stratejiye ihtiyacımız var.;2;3
structure;yapı;/ˈstrʌktʃər/;strakçır;The structure is strong.;Yapı sağlam.;3;3
success;başarı;/səkˈses/;sakses;Success takes time.;Başarı zaman alır.;2;3
suggestion;öneri;/səˈdʒestʃən/;secestçın;I made a suggestion.;Bir öneri yaptım.;7;3
supply;tedarik;/səˈplaɪ/;saplay;The supply is limited.;Tedarik sınırlı.;2;3
support system;destek sistemi;/səˈpɔːrt/;saport;We need a support system.;Bir destek sistemine ihtiyacımız var.;6;3
surface;yüzey;/ˈsɜːrfɪs/;sörfis;The surface is smooth.;Yüzey pürüzsüz.;1;3
survey;anket;/ˈsɜːrveɪ/;sörvey;They conducted a survey.;Bir anket yaptılar.;3;3
symbol;sembol;/ˈsɪmbəl/;simbıl;This is a symbol of peace.;Bu barışın sembolüdür.;3;3
system;sistem;/ˈsɪstəm/;sistım;The system works well.;Sistem iyi çalışıyor.;6;3
target;hedef;/ˈtɑːrɡɪt/;targit;Reach your target.;Hedefine ulaş.;2;3
technique;teknik;/tekˈniːk/;teknik;Learn this technique.;Bu tekniği öğren.;3;3
theory;teori;/ˈθɪəri/;tiırı;This theory is interesting.;Bu teori ilginç.;3;3
topic;konu;/ˈtɑːpɪk/;topik;The topic is important.;Konu önemli.;3;3
tradition value;gelenek değeri;/trəˈdɪʃən/;tradişın;Tradition has value.;Gelenek değerlidir.;7;3
transport;ulaşım;/ˈtrænspɔːrt/;trensport;Transport is easy.;Ulaşım kolay.;4;3
trend;trend;/trend/;trend;This is a new trend.;Bu yeni bir trend.;2;3
trust level;güven seviyesi;/trʌst/;trast;Trust level increased.;Güven seviyesi arttı.;7;3
user;kullanıcı;/ˈjuːzər/;yuzır;The user logged in.;Kullanıcı giriş yaptı.;6;3
value system;değer sistemi;/ˈvæljuː/;valyu;A strong value system matters.;Güçlü bir değer sistemi önemlidir.;7;3
version;versiyon;/ˈvɜːrʒən/;vörjın;This is the latest version.;Bu en son versiyon.;6;3
view;görüş;/vjuː/;vyu;I agree with your view.;Görüşüne katılıyorum.;3;3
visitor;ziyaretçi;/ˈvɪzɪtər/;vizitır;We had many visitors.;Çok ziyaretçimiz vardı.;4;3
volume;hacim / ses;/ˈvɑːljuːm/;valyum;Increase the volume.;Sesi artır.;3;3
warning;uyarı;/ˈwɔːrnɪŋ/;vornıng;He gave a warning.;Bir uyarı yaptı.;5;3
weakness;zayıflık;/ˈwiːknəs/;viiknıs;This is his weakness.;Bu onun zayıflığı.;7;3
weather condition;hava durumu;/ˈweðər/;vedır;Weather conditions are bad.;Hava koşulları kötü.;4;3
website;web sitesi;/ˈwebsaɪt/;vebsait;Visit our website.;Web sitemizi ziyaret et.;6;3
weight;ağırlık;/weɪt/;veyt;Check your weight.;Ağırlığını kontrol et.;5;3
welcome;hoş geldin;/ˈwelkəm/;velkım;You are welcome here.;Burada hoş geldin.;7;3
willingness;isteklilik;/ˈwɪlɪŋnəs/;vilingnıs;He showed willingness.;İsteklilik gösterdi.;7;3
worker;işçi;/ˈwɜːrkər/;ورکır;The worker is tired.;İşçi yorgun.;2;3
workplace;iş yeri;/ˈwɜːrkpleɪs/;ورکpleys;This workplace is safe.;Bu iş yeri güvenli.;2;3
world view;dünya görüşü;/wɜːrld/;world;His worldview is different.;Dünya görüşü farklı.;7;3
writer;yazar;/ˈraɪtər/;raytır;The writer is famous.;Yazar ünlü.;3;3
writing;yazı;/ˈraɪtɪŋ/;rayting;Her writing is clear.;Yazısı açık.;3;3
youth culture;gençlik kültürü;/juːθ/;yuuth;Youth culture changes fast.;Gençlik kültürü hızlı değişir.;7;3
ability level;yetenek seviyesi;/əˈbɪləti/;ebilıti;His ability level is high.;Yetenek seviyesi yüksek.;3;3
absence of;eksikliği;/ˈæbsəns/;ebsıns;Absence of water is dangerous.;Su eksikliği tehlikelidir.;1;3
acceptance;kabul;/əkˈseptəns/;akseptıns;Acceptance is important.;Kabul önemlidir.;7;3
access point;erişim noktası;/ˈækses/;akses;Find the access point.;Erişim noktasını bul.;6;3
accommodation;konaklama;/əˌkɑːməˈdeɪʃən/;akomodeyşın;Accommodation is expensive.;Konaklama pahalı.;4;3
achievement;başarı;/əˈtʃiːvmənt/;eçivmınt;This is a big achievement.;Bu büyük bir başarı.;2;3
act of kindness;iyilik;/ækt/;akt;It was an act of kindness.;Bu bir iyilikti.;7;3
active role;aktif rol;/ˈæktɪv/;aktiv;He played an active role.;Aktif rol oynadı.;2;3
addition to;ek olarak;/əˈdɪʃən/;edişın;In addition to this, study more.;Buna ek olarak daha çalış.;3;3
adjustment;ayarlama;/əˈdʒʌstmənt/;ecestmınt;Make an adjustment.;Ayarlama yap.;1;3
admiration;hayranlık;/ˌædməˈreɪʃən/;edmereyşın;I feel admiration for her.;Ona hayranlık duyuyorum.;7;3
admission;kabul / giriş;/ədˈmɪʃən/;edmişın;Admission is free.;Giriş ücretsiz.;2;3
advance payment;peşin ödeme;/ədˈvæns/;edvans;Pay in advance payment.;Peşin ödeme yap.;2;3
advertisement;reklam;/ədˈvɜːrtɪsmənt/;edvörtismınt;I saw an advertisement.;Bir reklam gördüm.;2;3
advice column;tavsiye köşesi;/ədˈvaɪs/;edvays;Read the advice column.;Tavsiye köşesini oku.;7;3
affect result;sonucu etkilemek;/əˈfekt/;efek;It affects the result.;Sonucu etkiler.;3;3
agreement form;anlaşma formu;/əˈɡriːmənt/;egrimınt;Sign the agreement form.;Anlaşma formunu imzala.;2;3
air traffic;hava trafiği;/er/;er;Air traffic is busy.;Hava trafiği yoğun.;4;3
alarm system;alarm sistemi;/əˈlɑːrm/;alarm;The alarm system worked.;Alarm sistemi çalıştı.;6;3
allowance;harçlık;/əˈlaʊəns/;elavıns;I get weekly allowance.;Haftalık harçlık alıyorum.;2;3
analysis report;analiz raporu;/əˈnæləsɪs/;enelısis;Prepare an analysis report.;Analiz raporu hazırla.;3;3
annual event;yıllık etkinlik;/ˈænjuəl/;enyuel;It is an annual event.;Bu yıllık bir etkinlik.;7;3
application form;başvuru formu;/ˌæplɪˈkeɪʃən/;eplıkeyşın;Fill the application form.;Başvuru formunu doldur.;2;3
approval process;onay süreci;/əˈpruːvəl/;apruvıl;The approval process is long.;Onay süreci uzun.;2;3
arrival time;varış zamanı;/əˈraɪvəl/;erayvıl;Check the arrival time.;Varış zamanını kontrol et.;4;3
art gallery;sanat galerisi;/ɑːrt/;art;Visit the art gallery.;Sanat galerisini ziyaret et.;4;3
assessment;değerlendirme;/əˈsesmənt/;esesmınt;This is an assessment.;Bu bir değerlendirmedir.;3;3
assignment;ödev;/əˈsaɪnmənt/;esaynmınt;Finish your assignment.;Ödevini bitir.;3;3
assistance;yardım;/əˈsɪstəns/;asistıns;Thank you for assistance.;Yardım için teşekkürler.;2;3
attendance;katılım;/əˈtendəns/;atendıns;Attendance is required.;Katılım zorunludur.;2;3
attention;dikkat;/əˈtenʃən/;atenşın;Pay attention.;Dikkat et.;3;3
attraction;cazibe;/əˈtrækʃən/;etrakşın;The city has many attractions.;Şehrin birçok cazibesi var.;7;3
audience reaction;seyirci tepkisi;/ˈɔːdiəns/;oodiyıns;Audience reaction was positive.;Seyirci tepkisi olumluydu.;7;3
available space;boş alan;/əˈveɪləbəl/;eveyılıbıl;There is available space.;Boş alan var.;1;3
average score;ortalama puan;/ˈævərɪdʒ/;evırıc;The average score increased.;Ortalama puan arttı.;3;3
background music;arka plan müziği;/ˈbækɡraʊnd/;bekground;Background music is soft.;Arka plan müziği yumuşak.;7;3
basic idea;temel fikir;/ˈbeɪsɪk/;beysik;Understand the basic idea.;Temel fikri anla.;3;3
battery level;pil seviyesi;/ˈbætəri/;betıri;Check battery level.;Pil seviyesini kontrol et.;6;3
behavior pattern;davranış kalıbı;/bɪˈheɪvjər/;biheyvyır;Observe behavior pattern.;Davranış kalıbını gözlemle.;7;3
belief system;inanç sistemi;/bɪˈliːf/;biliif;A belief system guides people.;İnanç sistemi insanları yönlendirir.;7;3
benefit from;faydalanmak;/ˈbenɪfɪt/;benefit;Benefit from experience.;Deneyimden faydalan.;2;3
birth rate;doğum oranı;/bɜːrθ/;börθ;Birth rate decreased.;Doğum oranı azaldı.;5;3
business plan;iş planı;/ˈbɪznəs/;biznıs;Create a business plan.;İş planı oluştur.;2;3
career path;kariyer yolu;/kəˈrɪr/;karir;Choose your career path.;Kariyer yolunu seç.;2;3
case study;vaka analizi;/keɪs/;keys;Read the case study.;Vaka analizini oku.;3;3
cash flow;nakit akışı;/kæʃ/;keş;Cash flow is important.;Nakit akışı önemlidir.;2;3
central idea;ana fikir;/ˈsentrəl/;sentrıl;Find the central idea.;Ana fikri bul.;3;3
challenge level;zorluk seviyesi;/ˈtʃælɪndʒ/;çelınc;The challenge level is high.;Zorluk seviyesi yüksek.;3;3
choice option;seçim seçeneği;/tʃɔɪs/;çoys;Select a choice option.;Bir seçim seçeneği seç.;3;3
communication skill;iletişim becerisi;/kəˈmjuːnɪkeɪʃən/;komyunikeşın;Improve communication skill.;İletişim becerini geliştir.;7;3
company policy;şirket politikası;/ˈkʌmpəni/;kampani;Follow company policy.;Şirket politikasına uy.;2;3
comparison chart;karşılaştırma tablosu;/kəmˈpærɪsən/;komperısın;Check the comparison chart.;Karşılaştırma tablosuna bak.;3;3
complaint letter;şikayet mektubu;/kəmˈpleɪnt/;kompleynt;Write a complaint letter.;Şikayet mektubu yaz.;7;3
conclusion section;sonuç bölümü;/kənˈkluːʒən/;konkıluujın;Read the conclusion section.;Sonuç bölümünü oku.;3;3
confidence level;özgüven seviyesi;/ˈkɑːnfɪdəns/;kanfidıns;Confidence level increased.;Özgüven seviyesi arttı.;7;3
connection speed;bağlantı hızı;/kəˈnekʃən/;konekşın;Connection speed is slow.;Bağlantı hızı yavaş.;6;3
construction site;inşaat alanı;/kənˈstrʌkʃən/;konstrakşın;Avoid the construction site.;İnşaat alanından kaçın.;6;3
contact information;iletişim bilgisi;/ˈkɑːntækt/;kontak;Provide contact information.;İletişim bilgisi ver.;2;3
content quality;içerik kalitesi;/ˈkɑːntent/;kontent;Content quality matters.;İçerik kalitesi önemlidir.;3;3
contract terms;sözleşme şartları;/ˈkɑːntrækt/;kontrakt;Read contract terms.;Sözleşme şartlarını oku.;2;3
control system;kontrol sistemi;/kənˈtroʊl/;kontrol;The control system works.;Kontrol sistemi çalışıyor.;6;3
cost estimate;maliyet tahmini;/kɒst/;kost;Make a cost estimate.;Maliyet tahmini yap.;2;3
customer service;müşteri hizmeti;/ˈkʌstəmər/;kastımır;Customer service is helpful.;Müşteri hizmeti yardımcıdır.;2;3
data analysis;veri analizi;/ˈdeɪtə/;deyta;Data analysis is needed.;Veri analizi gerekli.;6;3
decision making;karar verme;/dɪˈsɪʒən/;disijın;Decision making is hard.;Karar vermek zordur.;3;3
delivery time;teslim süresi;/dɪˈlɪvəri/;dilivıri;Delivery time is short.;Teslim süresi kısa.;2;3
demand increase;talep artışı;/dɪˈmænd/;dimend;Demand increased rapidly.;Talep hızla arttı.;2;3
department store;büyük mağaza;/dɪˈpɑːrtmənt/;dipartmınt;Visit the department store.;Büyük mağazayı ziyaret et.;4;3
development plan;gelişim planı;/dɪˈveləpmənt/;divelıpmınt;Make a development plan.;Gelişim planı yap.;2;3
digital system;dijital sistem;/ˈdɪdʒɪtəl/;dicitıl;Digital system is fast.;Dijital sistem hızlı.;6;3
distance learning;uzaktan eğitim;/ˈdɪstəns/;distıns;Distance learning is popular.;Uzaktan eğitim popüler.;3;3
education system;eğitim sistemi;/ˌedʒuˈkeɪʃən/;ecyukeyşın;Education system changed.;Eğitim sistemi değişti.;3;3
emergency exit;acil çıkış;/ɪˈmɜːrdʒənsi/;imörcınsi;Use emergency exit.;Acil çıkışı kullan.;5;3
energy source;enerji kaynağı;/ˈenərdʒi/;enırci;Solar is an energy source.;Güneş bir enerji kaynağıdır.;6;3
environment issue;çevre sorunu;/ɪnˈvaɪrənmənt/;invayrınmınt;Environment issues are serious.;Çevre sorunları ciddidir.;5;3
event management;etkinlik yönetimi;/ɪˈvent/;ivent;Event management is important.;Etkinlik yönetimi önemlidir.;2;3
exam result;sınav sonucu;/ɪɡˈzæm/;igzam;Exam results were good.;Sınav sonuçları iyiydi.;3;3
expert opinion;uzman görüşü;/ˈekspɜːrt/;ekspert;Ask expert opinion.;Uzman görüşü al.;3;3
financial support;finansal destek;/faɪˈnænʃəl/;faynensıl;Provide financial support.;Finansal destek sağla.;2;3
future plan;gelecek planı;/ˈfjuːtʃər/;fyuçır;Make a future plan.;Gelecek planı yap.;2;3
general idea;genel fikir;/ˈdʒenərəl/;cenırıl;Understand general idea.;Genel fikri anla.;3;3
global market;küresel pazar;/ˈɡloʊbəl/;globıl;Global market is competitive.;Küresel pazar rekabetçidir.;2;3
health condition;sağlık durumu;/helθ/;helth;Check health condition.;Sağlık durumunu kontrol et.;5;3
human behavior;insan davranışı;/ˈhjuːmən/;hyumın;Study human behavior.;İnsan davranışını incele.;7;3
important factor;önemli faktör;/ɪmˈpɔːrtənt/;importınt;Time is an important factor.;Zaman önemli bir faktördür.;3;3
information system;bilgi sistemi;/ˌɪnfərˈmeɪʃən/;informeyşın;Information system works.;Bilgi sistemi çalışıyor.;6;3
international trade;uluslararası ticaret;/ˌɪntərˈnæʃənəl/;internəşınıl;International trade grows.;Uluslararası ticaret büyüyor.;2;3
job opportunity;iş fırsatı;/dʒɒb/;cob;This is a job opportunity.;Bu bir iş fırsatıdır.;2;3
learning process;öğrenme süreci;/ˈlɜːrnɪŋ/;lörning;Learning process takes time.;Öğrenme süreci zaman alır.;3;3
living condition;yaşam koşulu;/ˈlɪvɪŋ/;living;Living conditions improved.;Yaşam koşulları iyileşti.;1;3
market research;pazar araştırması;/ˈmɑːrkɪt/;market;Market research is needed.;Pazar araştırması gerekli.;2;3
mental health;mental sağlık;/ˈmentəl/;mentıl;Mental health is important.;Mental sağlık önemlidir.;5;3
modern technology;modern teknoloji;/ˈmɒdərn/;modırn;Modern technology helps us.;Modern teknoloji bize yardım eder.;6;3
natural resource;doğal kaynak;/ˈnætʃərəl/;neçırıl;Water is a natural resource.;Su doğal bir kaynaktır.;6;3
online service;online hizmet;/ˈɒnlaɪn/;onlayn;Use online service.;Online hizmet kullan.;6;3
personal development;kişisel gelişim;/ˈpɜːrsənəl/;pörsınıl;Personal development matters.;Kişisel gelişim önemlidir.;3;3
positive effect;olumlu etki;/ˈpɒzətɪv/;pozıtiv;Exercise has positive effects.;Egzersizin olumlu etkileri vardır.;3;3
professional skill;profesyonel beceri;/prəˈfeʃənəl/;profeşınıl;Improve professional skills.;Profesyonel becerilerini geliştir.;2;3
public transport;toplu taşıma;/ˈpʌblɪk/;pablik;Use public transport.;Toplu taşıma kullan.;4;3
quality control;kalite kontrol;/ˈkwɑːləti/;kwalıti;Quality control is strict.;Kalite kontrol sıkıdır.;2;3
quick response;hızlı cevap;/kwɪk/;kuik;I need a quick response.;Hızlı cevap lazım.;2;3
research method;araştırma yöntemi;/rɪˈsɜːrtʃ/;risörç;Choose a research method.;Bir araştırma yöntemi seç.;3;3
safety measure;güvenlik önlemi;/ˈseɪfti/;seyfti;Take safety measures.;Güvenlik önlemleri al.;5;3
social media;sosyal medya;/ˈsoʊʃəl/;soşıl;Social media is popular.;Sosyal medya popüler.;6;3
time management;zaman yönetimi;/taɪm/;taym;Improve time management.;Zaman yönetimini geliştir.;2;3
ability test;yetenek testi;/əˈbɪləti test/;ebilıti test;The ability test was easy.;Yetenek testi kolaydı.;3;3
academic;akademik;/ˌækəˈdemɪk/;ekıdemik;She has academic success.;Akademik başarısı var.;3;3
access code;erişim kodu;/ˈækses koʊd/;akses koud;Enter the access code.;Erişim kodunu gir.;6;3
account number;hesap numarası;/əˈkaʊnt ˈnʌmbər/;akaunt nambır;Write your account number.;Hesap numaranı yaz.;2;3
active user;aktif kullanıcı;/ˈæktɪv ˈjuːzər/;aktiv yuzır;The app has many active users.;Uygulamanın birçok aktif kullanıcısı var.;6;3
address;adres;/əˈdres/;edres;Send me your address.;Bana adresini gönder.;1;3
adult;yetişkin;/əˈdʌlt/;edalt;Adults need enough sleep.;Yetişkinlerin yeterli uykuya ihtiyacı vardır.;1;3
agency;ajans;/ˈeɪdʒənsi/;eycınsi;She works for an agency.;Bir ajansta çalışıyor.;2;3
airport;havaalanı;/ˈerpɔːrt/;erport;We arrived at the airport.;Havaalanına vardık.;4;3
ambition;hırs / istek;/æmˈbɪʃən/;embişın;Ambition can help you succeed.;Hırs başarılı olmana yardım edebilir.;7;3
ancient;antik / eski;/ˈeɪnʃənt/;eynşınt;We visited an ancient city.;Antik bir şehri ziyaret ettik.;3;3
appearance;görünüş;/əˈpɪrəns/;epirıns;Her appearance changed.;Görünüşü değişti.;7;3
architect;mimar;/ˈɑːrkɪtekt/;arkitekt;The architect designed a house.;Mimar bir ev tasarladı.;2;3
arrangement;düzenleme;/əˈreɪndʒmənt/;ereyncmınt;The arrangement was perfect.;Düzenleme mükemmeldi.;2;3
artist;sanatçı;/ˈɑːrtɪst/;artist;The artist painted a wall.;Sanatçı bir duvar boyadı.;7;3
atmosphere;atmosfer / ortam;/ˈætməsfɪr/;etmısfir;The atmosphere was friendly.;Ortam samimiydi.;4;3
author;yazar;/ˈɔːθər/;oothır;The author wrote a novel.;Yazar bir roman yazdı.;3;3
award;ödül;/əˈwɔːrd/;evord;She received an award.;Bir ödül aldı.;7;3
aware;farkında;/əˈwer/;ever;I am aware of the problem.;Sorunun farkındayım.;7;3
badly;kötü şekilde;/ˈbædli/;bedli;He was badly hurt.;Kötü şekilde yaralandı.;1;3
basis;temel;/ˈbeɪsɪs/;beysis;Trust is the basis of friendship.;Güven arkadaşlığın temelidir.;3;3
beach;plaj;/biːtʃ/;biiç;We walked on the beach.;Plajda yürüdük.;4;3
biology;biyoloji;/baɪˈɑːlədʒi/;bayaloci;Biology is my favorite subject.;Biyoloji en sevdiğim ders.;3;3
board;kurul / tahta;/bɔːrd/;boord;The board made a decision.;Kurul bir karar verdi.;2;3
brain;beyin;/breɪn/;breyn;The brain controls the body.;Beyin vücudu kontrol eder.;5;3
bridge;köprü;/brɪdʒ/;bric;The bridge is very old.;Köprü çok eski.;4;3
brief;kısa;/briːf/;briif;He gave a brief answer.;Kısa bir cevap verdi.;2;3
brilliant;parlak / harika;/ˈbrɪljənt/;brilyınt;That is a brilliant idea.;Bu harika bir fikir.;7;3
broadcast;yayın;/ˈbrɔːdkæst/;broodkest;The broadcast starts at eight.;Yayın sekizde başlıyor.;2;3
calm;sakin;/kɑːm/;kaam;Stay calm during the exam.;Sınav sırasında sakin kal.;5;3
canal;kanal;/kəˈnæl/;kenel;The canal is very long.;Kanal çok uzun.;4;3
capacity;kapasite;/kəˈpæsəti/;kepesıti;The room has limited capacity.;Odanın kapasitesi sınırlı.;2;3
captain;kaptan;/ˈkæptɪn/;keptın;The captain spoke to the team.;Kaptan takımla konuştu.;2;3
celebration;kutlama;/ˌseləˈbreɪʃən/;selebreyşın;The celebration was amazing.;Kutlama harikaydı.;7;3
certificate;sertifika;/sərˈtɪfɪkət/;sörtifikıt;I got a certificate.;Sertifika aldım.;2;3
channel;kanal;/ˈtʃænəl/;çenıl;Change the TV channel.;TV kanalını değiştir.;6;3
chemical;kimyasal;/ˈkemɪkəl/;kemikıl;This chemical is dangerous.;Bu kimyasal tehlikeli.;3;3
childhood;çocukluk;/ˈtʃaɪldhʊd/;çayldhud;I remember my childhood.;Çocukluğumu hatırlıyorum.;1;3
circle;daire / çember;/ˈsɜːrkəl/;sörkıl;Draw a circle.;Bir daire çiz.;3;3
classical;klasik;/ˈklæsɪkəl/;klesikıl;I like classical music.;Klasik müziği severim.;3;3
client;müşteri;/ˈklaɪənt/;klayınt;The client asked a question.;Müşteri bir soru sordu.;2;3
clothing;giyim;/ˈkloʊðɪŋ/;klouding;Clothing prices increased.;Giyim fiyatları arttı.;1;3
coach;antrenör;/koʊtʃ/;kouç;The coach trained the players.;Antrenör oyuncuları çalıştırdı.;2;3
coast;kıyı;/koʊst/;koust;We drove along the coast.;Kıyı boyunca sürdük.;4;3
collection;koleksiyon;/kəˈlekʃən/;kolekşın;He has a coin collection.;Madeni para koleksiyonu var.;1;3
comedy;komedi;/ˈkɑːmədi/;kamıdi;We watched a comedy.;Bir komedi izledik.;7;3
commercial;ticari / reklam;/kəˈmɜːrʃəl/;komörşıl;This is a commercial area.;Burası ticari bir bölge.;2;3
common;yaygın / ortak;/ˈkɑːmən/;kamın;This mistake is common.;Bu hata yaygındır.;1;3
communication;iletişim;/kəˌmjuːnɪˈkeɪʃən/;komyunikeyşın;Good communication is important.;İyi iletişim önemlidir.;7;3
complicated;karmaşık;/ˈkɑːmplɪkeɪtɪd/;komplıkeytıd;The question is complicated.;Soru karmaşık.;3;3
concern;endişe / konu;/kənˈsɜːrn/;konsörn;Safety is our main concern.;Güvenlik ana endişemizdir.;7;3
confident;özgüvenli;/ˈkɑːnfɪdənt/;kanfidınt;She is a confident speaker.;O özgüvenli bir konuşmacıdır.;7;3
confusion;kafa karışıklığı;/kənˈfjuːʒən/;konfyujın;There was some confusion.;Biraz kafa karışıklığı vardı.;7;3
creative;yaratıcı;/kriˈeɪtɪv/;krieytiv;He is a creative student.;O yaratıcı bir öğrencidir.;7;3
criminal;suçlu / suçla ilgili;/ˈkrɪmɪnəl/;kriminıl;The police caught the criminal.;Polis suçluyu yakaladı.;7;3
criticism;eleştiri;/ˈkrɪtɪsɪzəm/;kritisizım;He accepted the criticism.;Eleştiriyi kabul etti.;7;3
curious;meraklı;/ˈkjʊriəs/;kyuriyıs;Children are naturally curious.;Çocuklar doğal olarak meraklıdır.;7;3
daily;günlük;/ˈdeɪli/;deyli;I follow a daily routine.;Günlük bir rutin takip ediyorum.;1;3
dangerous;tehlikeli;/ˈdeɪndʒərəs/;deyncırıs;This road is dangerous.;Bu yol tehlikeli.;5;3
decade;on yıl;/ˈdekeɪd/;dekeyd;A decade passed quickly.;On yıl hızlı geçti.;3;3
deep;derin;/diːp/;diip;The lake is deep.;Göl derin.;1;3
definite;kesin;/ˈdefɪnət/;definıt;We need a definite answer.;Kesin bir cevaba ihtiyacımız var.;3;3
dependent;bağımlı / bağlı;/dɪˈpendənt/;dipendınt;Children are dependent on adults.;Çocuklar yetişkinlere bağımlıdır.;3;3
designer;tasarımcı;/dɪˈzaɪnər/;dizaynır;She is a fashion designer.;O bir moda tasarımcısı.;2;3
device;cihaz;/dɪˈvaɪs/;divays;This device is useful.;Bu cihaz faydalı.;6;3
diary;günlük;/ˈdaɪəri/;dayıri;She writes in her diary.;Günlüğüne yazar.;1;3
dictionary;sözlük;/ˈdɪkʃəneri/;dikşınəri;Use a dictionary.;Sözlük kullan.;3;3
direct flight;direkt uçuş;/dəˈrekt flaɪt/;direkt flayt;We booked a direct flight.;Direkt uçuş ayarladık.;4;3
dirty;kirli;/ˈdɜːrti/;dörti;Your shoes are dirty.;Ayakkabıların kirli.;5;3
discount;indirim;/ˈdɪskaʊnt/;diskaunt;The shop offers a discount.;Mağaza indirim sunuyor.;2;3
discovery;keşif;/dɪˈskʌvəri/;diskavıri;The discovery changed science.;Keşif bilimi değiştirdi.;3;3
district;ilçe / bölge;/ˈdɪstrɪkt/;distrikt;This district is crowded.;Bu ilçe kalabalık.;4;3
division;bölüm / ayrım;/dɪˈvɪʒən/;divijın;There is a clear division.;Net bir ayrım var.;2;3
domestic;yerli / ev içi;/dəˈmestɪk/;domestik;Domestic flights are cheaper.;Yerli uçuşlar daha ucuz.;1;3
doubt;şüphe;/daʊt/;daut;I have no doubt.;Hiç şüphem yok.;3;3
drawing;çizim;/ˈdrɔːɪŋ/;drooing;Her drawing is beautiful.;Çizimi güzel.;1;3
driver;sürücü;/ˈdraɪvər/;drayvır;The driver stopped suddenly.;Sürücü aniden durdu.;2;3
drug;ilaç / uyuşturucu;/drʌɡ/;drag;This drug reduces pain.;Bu ilaç ağrıyı azaltır.;5;3
earning;kazanç;/ˈɜːrnɪŋ/;örning;His monthly earning is high.;Aylık kazancı yüksek.;2;3
eastern;doğu;/ˈiːstərn/;iistırn;The eastern part is colder.;Doğu kısmı daha soğuk.;4;3
effective;etkili;/ɪˈfektɪv/;ifektiv;This method is effective.;Bu yöntem etkili.;2;3
elderly;yaşlı;/ˈeldərli/;eldırlı;We should help elderly people.;Yaşlı insanlara yardım etmeliyiz.;5;3
electronic;elektronik;/ɪˌlekˈtrɑːnɪk/;elektronik;I bought an electronic device.;Elektronik bir cihaz aldım.;6;3
element;unsur / element;/ˈelɪmənt/;elımınt;Trust is a key element.;Güven temel bir unsurdur.;3;3
emotionless;duygusuz;/ɪˈmoʊʃənləs/;imouşınlıs;He sounded emotionless.;Duygusuz konuştu.;7;3
enjoyable;keyifli;/ɪnˈdʒɔɪəbəl/;incoyıbıl;The trip was enjoyable.;Gezi keyifliydi.;7;3
entire;bütün / tamamı;/ɪnˈtaɪər/;intayır;I read the entire book.;Kitabın tamamını okudum.;1;3
equal;eşit;/ˈiːkwəl/;iikvıl;Everyone has equal rights.;Herkesin eşit hakları vardır.;3;3
especially;özellikle;/ɪˈspeʃəli/;ispeşıli;I like tea, especially green tea.;Çayı severim, özellikle yeşil çayı.;1;3
expectation;beklenti;/ˌekspekˈteɪʃən/;ekspekteyşın;My expectation was high.;Beklentim yüksekti.;3;3
expensive;pahalı;/ɪkˈspensɪv/;ekspensiv;This phone is expensive.;Bu telefon pahalı.;2;3
experiment;deney;/ɪkˈsperɪmənt/;eksperimınt;The experiment was successful.;Deney başarılıydı.;3;3
explanation note;açıklama notu;/ˌekspləˈneɪʃən noʊt/;eksplaneyşın nout;Read the explanation note.;Açıklama notunu oku.;3;3
extra;ekstra / fazladan;/ˈekstrə/;ekstra;I need extra time.;Fazladan zamana ihtiyacım var.;1;3
extremely;aşırı derecede;/ɪkˈstriːmli/;ekstriimli;It is extremely cold.;Aşırı derecede soğuk.;1;3
familiar;tanıdık;/fəˈmɪliər/;familiyır;This place looks familiar.;Bu yer tanıdık görünüyor.;1;3
famous;ünlü;/ˈfeɪməs/;feymıs;He is a famous actor.;O ünlü bir aktör.;7;3
farmer;çiftçi;/ˈfɑːrmər/;farmır;The farmer grows vegetables.;Çiftçi sebze yetiştirir.;2;3
fashionable;modaya uygun;/ˈfæʃənəbəl/;feşınıbıl;Her clothes are fashionable.;Kıyafetleri modaya uygun.;7;3
final;son / final;/ˈfaɪnəl/;faynıl;This is the final question.;Bu son soru.;3;3
flexible;esnek;/ˈfleksəbəl/;fleksıbıl;My schedule is flexible.;Programım esnek.;2;3
foreign;yabancı;/ˈfɔːrən/;forın;I want to learn a foreign language.;Yabancı bir dil öğrenmek istiyorum.;4;3
formal;resmi;/ˈfɔːrməl/;formıl;Wear formal clothes.;Resmi kıyafetler giy.;2;3
fortunate;şanslı;/ˈfɔːrtʃənət/;forçınıt;We were fortunate.;Şanslıydık.;7;3
abroad;yurt dışında;/əˈbrɔːd/;ebrood;She wants to work abroad.;Yurt dışında çalışmak istiyor.;4;3
absence;yokluk;/ˈæbsəns/;ebsıns;His absence was noticed.;Yokluğu fark edildi.;1;3
accurate;doğru / kesin;/ˈækjərət/;ekyırıt;The report is accurate.;Rapor doğru.;3;3
actor;aktör;/ˈæktər/;ektır;The actor was famous.;Aktör ünlüydü.;7;3
actual;gerçek;/ˈæktʃuəl/;ekçuıl;The actual price is lower.;Gerçek fiyat daha düşük.;3;3
actually;aslında;/ˈæktʃuəli/;ekçuıli;Actually, I agree with you.;Aslında sana katılıyorum.;1;3
additional;ek / ilave;/əˈdɪʃənəl/;edişınıl;We need additional time.;Ek zamana ihtiyacımız var.;3;3
adopt;benimsemek;/əˈdɑːpt/;adapt;They adopted a new method.;Yeni bir yöntem benimsediler.;2;3
adventure;macera;/ədˈventʃər/;edvençır;The trip was an adventure.;Gezi bir maceraydı.;4;3
advertise;reklam yapmak;/ˈædvərtaɪz/;edvırtayz;They advertise online.;İnternette reklam yapıyorlar.;2;3
affordably;uygun fiyatla;/əˈfɔːrdəbli/;efordıbli;You can travel affordably.;Uygun fiyatla seyahat edebilirsin.;2;3
agreement;anlaşma;/əˈɡriːmənt/;egrimınt;We made an agreement.;Bir anlaşma yaptık.;2;3
allergic;alerjik;/əˈlɜːrdʒɪk/;alörcik;He is allergic to cats.;Kedilere alerjisi var.;5;3
alphabet;alfabe;/ˈælfəbet/;elfıbet;English uses the Latin alphabet.;İngilizce Latin alfabesini kullanır.;3;3
amazement;şaşkınlık;/əˈmeɪzmənt/;emeyzmınt;She looked in amazement.;Şaşkınlıkla baktı.;7;3
annoying;sinir bozucu;/əˈnɔɪɪŋ/;enoying;The noise is annoying.;Gürültü sinir bozucu.;7;3
anxious;kaygılı;/ˈæŋkʃəs/;enkşıs;He felt anxious before the exam.;Sınavdan önce kaygılı hissetti.;7;3
apart;ayrı;/əˈpɑːrt/;apart;They live far apart.;Birbirlerinden uzakta yaşıyorlar.;1;3
applicant;başvuran kişi;/ˈæplɪkənt/;eplıkınt;The applicant was nervous.;Başvuran kişi gergindi.;2;3
artistic;sanatsal;/ɑːrˈtɪstɪk/;artistik;She has artistic talent.;Sanatsal yeteneği var.;7;3
asleep;uykuda;/əˈsliːp/;esliip;The baby is asleep.;Bebek uykuda.;5;3
attractive;çekici;/əˈtræktɪv/;etraktiv;The city is attractive to tourists.;Şehir turistler için çekici.;7;3
automatic;otomatik;/ˌɔːtəˈmætɪk/;otometik;The door is automatic.;Kapı otomatik.;6;3
availability;müsaitlik;/əˌveɪləˈbɪləti/;eveyılıbılıti;Check the room availability.;Odanın müsaitliğini kontrol et.;1;3
baker;fırıncı;/ˈbeɪkər/;beykır;The baker made fresh bread.;Fırıncı taze ekmek yaptı.;2;3
basic;temel;/ˈbeɪsɪk/;beysik;Learn the basic rules.;Temel kuralları öğren.;3;3
battery;pil;/ˈbætəri/;betıri;My battery is low.;Pilim az.;6;3
beauty;güzellik;/ˈbjuːti/;byuuti;Beauty is everywhere.;Güzellik her yerdedir.;7;3
beginner;yeni başlayan;/bɪˈɡɪnər/;beginır;This course is for beginners.;Bu kurs yeni başlayanlar için.;3;3
belonging;eşya / aidiyet;/bɪˈlɔːŋɪŋ/;bilonging;Keep your belongings safe.;Eşyalarını güvende tut.;7;3
biology;biyoloji;/baɪˈɑːlədʒi/;bayaloci;Biology explains living things.;Biyoloji canlıları açıklar.;3;3
booklet;kitapçık;/ˈbʊklət/;buklıt;Read the booklet first.;Önce kitapçığı oku.;3;3
boring;sıkıcı;/ˈbɔːrɪŋ/;boring;The movie was boring.;Film sıkıcıydı.;7;3
bravery;cesaret;/ˈbreɪvəri/;breyvıri;Bravery is important in danger.;Tehlikede cesaret önemlidir.;7;3
breathing;nefes alma;/ˈbriːðɪŋ/;briiding;Deep breathing helps you relax.;Derin nefes alma rahatlamana yardım eder.;5;3
brightness;parlaklık;/ˈbraɪtnəs/;braytnıs;Adjust the screen brightness.;Ekran parlaklığını ayarla.;6;3
builder;inşaatçı;/ˈbɪldər/;bildır;The builder repaired the wall.;İnşaatçı duvarı tamir etti.;2;3
buyer;alıcı;/ˈbaɪər/;bayır;The buyer paid in cash.;Alıcı nakit ödedi.;2;3
caller;arayan kişi;/ˈkɔːlər/;koolır;The caller left a message.;Arayan kişi mesaj bıraktı.;2;3
careless;dikkatsiz;/ˈkerləs/;kerlıs;He made a careless mistake.;Dikkatsiz bir hata yaptı.;7;3
carefully;dikkatlice;/ˈkerfəli/;kerfıli;Read carefully.;Dikkatlice oku.;1;3
carrier;taşıyıcı;/ˈkæriər/;keriyır;The carrier delivered the boxes.;Taşıyıcı kutuları teslim etti.;2;3
cashier;kasiyer;/kæˈʃɪr/;keşir;The cashier gave me change.;Kasiyer bana para üstü verdi.;2;3
ceiling;tavan;/ˈsiːlɪŋ/;siiling;The ceiling is high.;Tavan yüksek.;1;3
cell;hücre;/sel/;sel;The body has many cells.;Vücutta birçok hücre vardır.;3;3
century;yüzyıl;/ˈsentʃəri/;sençıri;This castle is from the 15th century.;Bu kale 15. yüzyıldan kalma.;3;3
certain;belirli / kesin;/ˈsɜːrtən/;sörtın;I am certain about it.;Bundan eminim.;3;3
certainly;kesinlikle;/ˈsɜːrtənli/;sörtınli;I will certainly help you.;Sana kesinlikle yardım edeceğim.;1;3
chairman;başkan;/ˈtʃermən/;çermın;The chairman opened the meeting.;Başkan toplantıyı açtı.;2;3
cheerful;neşeli;/ˈtʃɪrfəl/;çirfıl;She is always cheerful.;O her zaman neşelidir.;7;3
chemist;kimyager / eczacı;/ˈkemɪst/;kemist;The chemist explained the medicine.;Eczacı ilacı açıkladı.;3;3
citizen;vatandaş;/ˈsɪtɪzən/;sitizın;A good citizen follows the law.;İyi bir vatandaş yasalara uyar.;4;3
clearly;açıkça;/ˈklɪrli/;klirli;Speak clearly, please.;Lütfen açıkça konuş.;1;3
clerk;memur;/klɜːrk/;klörk;The clerk checked my form.;Memur formumu kontrol etti.;2;3
cloudy;bulutlu;/ˈklaʊdi/;klaudi;It is cloudy today.;Bugün hava bulutlu.;4;3
coastal;kıyıdaki;/ˈkoʊstəl/;koustıl;We visited a coastal town.;Kıyıdaki bir kasabayı ziyaret ettik.;4;3
comfortable;rahat;/ˈkʌmftəbəl/;kamftıbıl;This chair is comfortable.;Bu sandalye rahat.;5;3
commander;komutan;/kəˈmændər/;komandır;The commander gave orders.;Komutan emir verdi.;2;3
commonly;yaygın olarak;/ˈkɑːmənli/;kamınli;This word is commonly used.;Bu kelime yaygın olarak kullanılır.;1;3
competitor;rakip;/kəmˈpetɪtər/;kompetitır;Our competitor lowered prices.;Rakibimiz fiyatları düşürdü.;2;3
completely;tamamen;/kəmˈpliːtli/;kompliitli;I completely understand.;Tamamen anlıyorum.;1;3
concentration;odaklanma;/ˌkɑːnsənˈtreɪʃən/;konsıntreyşın;Concentration is necessary.;Odaklanma gereklidir.;3;3
conditionally;şartlı olarak;/kənˈdɪʃənəli/;kondişınıli;He accepted conditionally.;Şartlı olarak kabul etti.;3;3
confusing;kafa karıştırıcı;/kənˈfjuːzɪŋ/;konfyuzing;The instructions are confusing.;Talimatlar kafa karıştırıcı.;7;3
consideration;değerlendirme;/kənˌsɪdəˈreɪʃən/;konsidıreyşın;The idea needs consideration.;Fikir değerlendirme gerektiriyor.;3;3
consistent;tutarlı;/kənˈsɪstənt/;konsistınt;Her work is consistent.;Çalışması tutarlı.;3;3
constantly;sürekli;/ˈkɑːnstəntli/;kanstıntli;Prices are constantly changing.;Fiyatlar sürekli değişiyor.;1;3
consumer;tüketici;/kənˈsuːmər/;konsuumır;The consumer wants quality.;Tüketici kalite ister.;2;3
container;kap / konteyner;/kənˈteɪnər/;konteynır;Put the food in a container.;Yemeği bir kaba koy.;2;3
convenient;uygun / elverişli;/kənˈviːniənt/;konviiniyınt;This location is convenient.;Bu konum uygun.;1;3
cooperation;iş birliği;/koʊˌɑːpəˈreɪʃən/;kouapıreyşın;Cooperation improves results.;İş birliği sonuçları iyileştirir.;2;3
creator;yaratıcı / oluşturan;/kriˈeɪtər/;krieytır;The creator shared the video.;İçerik üretici videoyu paylaştı.;6;3
cultural;kültürel;/ˈkʌltʃərəl/;kalçırıl;This is a cultural event.;Bu kültürel bir etkinliktir.;7;3
cyclist;bisikletçi;/ˈsaɪklɪst/;sayklıst;The cyclist wore a helmet.;Bisikletçi kask taktı.;4;3
darkness;karanlık;/ˈdɑːrknəs/;darknıs;Darkness filled the room.;Karanlık odayı kapladı.;1;3
database;veri tabanı;/ˈdeɪtəbeɪs/;deytabeys;The database stores information.;Veri tabanı bilgileri saklar.;6;3
deadline;son tarih;/ˈdedlaɪn/;dedlayn;The deadline is close.;Son tarih yaklaştı.;2;3
deeply;derinden;/ˈdiːpli/;diipli;I deeply respect her.;Ona derinden saygı duyuyorum.;1;3
defender;savunmacı;/dɪˈfendər/;defendır;The defender stopped the attack.;Savunmacı saldırıyı durdurdu.;2;3
definition;tanım;/ˌdefɪˈnɪʃən/;definışın;Learn the definition.;Tanımı öğren.;3;3
delay;gecikme;/dɪˈleɪ/;dileY;There was a delay.;Gecikme vardı.;2;3
delighted;memnun / çok mutlu;/dɪˈlaɪtɪd/;dilaytıd;She was delighted with the gift.;Hediyeden çok memnun kaldı.;7;3
departure;ayrılış;/dɪˈpɑːrtʃər/;diparçır;The departure is at noon.;Ayrılış öğlen.;4;3
description;açıklama;/dɪˈskrɪpʃən/;diskripşın;The description is detailed.;Açıklama detaylı.;3;3
detective;dedektif;/dɪˈtektɪv/;detektiv;The detective found a clue.;Dedektif bir ipucu buldu.;7;3
differently;farklı şekilde;/ˈdɪfərəntli/;difırıntli;Think differently.;Farklı şekilde düşün.;1;3
director;yönetmen / müdür;/dəˈrektər/;direktır;The director spoke first.;Müdür önce konuştu.;2;3
disabled;engelli;/dɪsˈeɪbəld/;diseybıld;The building has disabled access.;Binada engelli erişimi var.;5;3
disappointment;hayal kırıklığı;/ˌdɪsəˈpɔɪntmənt/;disepoyntmınt;The result was a disappointment.;Sonuç hayal kırıklığıydı.;7;3
dishonest;dürüst olmayan;/dɪsˈɑːnɪst/;disanist;A dishonest person loses trust.;Dürüst olmayan kişi güven kaybeder.;7;3
distant;uzak;/ˈdɪstənt/;distınt;We heard a distant sound.;Uzak bir ses duyduk.;4;3
diversity;çeşitlilik;/daɪˈvɜːrsəti/;dayvörsıti;Diversity makes society stronger.;Çeşitlilik toplumu güçlendirir.;7;3
drawer;çekmece;/ˈdrɔːər/;droor;Put it in the drawer.;Onu çekmeceye koy.;1;3
dusty;tozlu;/ˈdʌsti/;dasti;The room was dusty.;Oda tozluydu.;1;3
eastern;doğudaki;/ˈiːstərn/;iistırn;The eastern region is colder.;Doğu bölgesi daha soğuktur.;4;3
educator;eğitimci;/ˈedʒukeɪtər/;ecyukeytır;An educator helps students grow.;Eğitimci öğrencilerin gelişmesine yardım eder.;3;3
efficient;verimli;/ɪˈfɪʃənt/;ifişınt;This machine is efficient.;Bu makine verimli.;2;3
election;seçim;/ɪˈlekʃən/;ilekşın;The election ended peacefully.;Seçim barışçıl şekilde bitti.;7;3
electricity;elektrik;/ɪˌlekˈtrɪsəti/;ilektrisıti;Electricity is expensive.;Elektrik pahalı.;6;3
embarrassed;utanmış;/ɪmˈbærəst/;imberıst;He felt embarrassed.;Utanmış hissetti.;7;3
emotional;duygusal;/ɪˈmoʊʃənəl/;imouşınıl;It was an emotional moment.;Duygusal bir andı.;7;3
employer;işveren;/ɪmˈplɔɪər/;employır;The employer was kind.;İşveren nazikti.;2;3
environmental;çevresel;/ɪnˌvaɪrənˈmentəl/;invayrınmentıl;Environmental issues are important.;Çevresel sorunlar önemlidir.;4;3
equipment;ekipman;/ɪˈkwɪpmənt/;ikwipmınt;The equipment is expensive.;Ekipman pahalı.;6;3
especially;özellikle;/ɪˈspeʃəli/;ispeşıli;I like sports, especially football.;Sporları severim, özellikle futbolu.;1;3
essential;gerekli / önemli;/ɪˈsenʃəl/;isenşıl;Water is essential for life.;Su yaşam için gereklidir.;3;3
establishment;kuruluş;/ɪˈstæblɪʃmənt/;istablişmınt;The establishment opened last year.;Kuruluş geçen yıl açıldı.;2;3
evaluation;değerlendirme;/ɪˌvæljuˈeɪʃən/;ivelyueyşın;The evaluation was fair.;Değerlendirme adildi.;3;3
eventual;sonunda olan;/ɪˈventʃuəl/;iventçuıl;Eventual success is possible.;Sonunda başarı mümkündür.;3;3
eventually;sonunda;/ɪˈventʃuəli/;iventçuıli;He eventually arrived.;Sonunda geldi.;1;3
evidence-based;kanıta dayalı;/ˈevɪdəns/;evidıns;Use evidence-based methods.;Kanıta dayalı yöntemler kullan.;3;3
exact;tam / kesin;/ɪɡˈzækt/;igzakt;Tell me the exact time.;Bana tam zamanı söyle.;3;3
exactly;tam olarak;/ɪɡˈzæktli/;igzaktli;That is exactly right.;Bu tam olarak doğru.;1;3
examination;sınav / inceleme;/ɪɡˌzæməˈneɪʃən/;igzamıneyşın;The examination was hard.;Sınav zordu.;3;3
exceptional;olağanüstü;/ɪkˈsepʃənəl/;iksepşınıl;She has exceptional skills.;Olağanüstü becerileri var.;3;3
excessive;aşırı;/ɪkˈsesɪv/;iksesiv;Avoid excessive use.;Aşırı kullanımdan kaçın.;5;3
exchange rate;döviz kuru;/ɪksˈtʃeɪndʒ/;iksçeync;Exchange rates change daily.;Döviz kurları günlük değişir.;2;3
exciting;heyecan verici;/ɪkˈsaɪtɪŋ/;iksayıtıng;The trip was exciting.;Gezi heyecan vericiydi.;7;3
existence;varlık;/ɪɡˈzɪstəns/;igzistıns;The existence of life is amazing.;Yaşamın varlığı harika.;3;3
expansion;genişleme;/ɪkˈspænʃən/;ekspenşın;The company plans expansion.;Şirket genişlemeyi planlıyor.;2;3
expectation level;beklenti seviyesi;/ˌekspekˈteɪʃən/;ekspekteyşın;Expectation level is high.;Beklenti seviyesi yüksek.;3;3
experience level;deneyim seviyesi;/ɪkˈspɪriəns/;ekspiryıns;Experience level matters.;Deneyim seviyesi önemlidir.;3;3
explanation skill;açıklama becerisi;/ˌekspləˈneɪʃən/;eksplaneyşın;Improve explanation skills.;Açıklama becerini geliştir.;3;3
explosive;patlayıcı;/ɪkˈsploʊsɪv/;eksplosiv;This material is explosive.;Bu madde patlayıcıdır.;5;3
exposure;maruz kalma;/ɪkˈspoʊʒər/;ekspojır;Exposure to sun is harmful.;Güneşe maruz kalmak zararlıdır.;5;3
extension;uzatma;/ɪkˈstenʃən/;ekstenşın;Ask for an extension.;Süre uzatımı iste.;2;3
external;dışsal;/ɪkˈstɜːrnəl/;ekstörnıl;External factors affect results.;Dış faktörler sonuçları etkiler.;3;3
extraordinary;olağanüstü;/ɪkˈstrɔːrdəneri/;ekstrordineri;He did an extraordinary job.;Olağanüstü iş yaptı.;7;3
failure rate;başarısızlık oranı;/ˈfeɪljər/;feylyır;Failure rate decreased.;Başarısızlık oranı azaldı.;3;3
fair;adil;/fer/;fer;This is a fair decision.;Bu adil bir karar.;7;3
familiar with;aşina olmak;/fəˈmɪliər/;familiyır;I am familiar with this topic.;Bu konuya aşinayım.;1;3
fast-paced;hızlı tempolu;/fæst peɪst/;fast peyst;It is a fast-paced job.;Hızlı tempolu bir iş.;2;3
feedback;geri bildirim;/ˈfiːdbæk/;fiidbek;Give me feedback.;Bana geri bildirim ver.;2;3
flexible schedule;esnek program;/ˈfleksəbəl/;fleksıbıl;I have a flexible schedule.;Esnek programım var.;2;3
focus area;odak alanı;/ˈfoʊkəs/;fokıs;Choose a focus area.;Bir odak alanı seç.;3;3
formal education;resmi eğitim;/ˈfɔːrməl/;formıl;Formal education is important.;Resmi eğitim önemlidir.;3;3
frequent;sık;/ˈfriːkwənt/;friikvınt;He makes frequent mistakes.;Sık hata yapar.;1;3
function;işlev;/ˈfʌŋkʃən/;fankşın;The system has many functions.;Sistem birçok işleve sahiptir.;3;3
fundamental;temel;/ˌfʌndəˈmentəl/;fandımentıl;This is a fundamental concept.;Bu temel bir kavramdır.;3;3
future development;gelecek gelişimi;/ˈfjuːtʃər/;fyuçır;Future development is expected.;Gelecek gelişim bekleniyor.;2;3
general knowledge;genel bilgi;/ˈdʒenərəl/;cenırıl;General knowledge is useful.;Genel bilgi faydalıdır.;3;3
global issue;küresel sorun;/ˈɡloʊbəl/;globıl;Climate is a global issue.;İklim küresel bir sorundur.;7;3
growth rate;büyüme oranı;/ɡroʊθ/;groth;Growth rate increased.;Büyüme oranı arttı.;2;3
health care;sağlık hizmeti;/helθ ker/;helth ker;Health care is essential.;Sağlık hizmeti gereklidir.;5;3
high-quality;yüksek kaliteli;/haɪ ˈkwɑːləti/;hay kvalıti;This is high-quality work.;Bu yüksek kaliteli bir iş.;2;3
human resource;insan kaynağı;/ˈhjuːmən/;hyumın;Human resources manage staff.;İnsan kaynakları personeli yönetir.;2;3
ideal;ideal;/aɪˈdiːəl/;aydiıl;This is an ideal solution.;Bu ideal bir çözümdür.;7;3
immediate;anında;/ɪˈmiːdiət/;imiidyıt;We need immediate action.;Anında eylem gerekli.;1;3
impact factor;etki faktörü;/ˈɪmpækt/;impekt;Impact factor is important.;Etki faktörü önemlidir.;3;3
important role;önemli rol;/ɪmˈpɔːrtənt/;importınt;He has an important role.;Önemli bir rolü var.;2;3
independent;bağımsız;/ˌɪndɪˈpendənt/;indipendınt;She is independent.;O bağımsızdır.;7;3
individual;bireysel;/ˌɪndɪˈvɪdʒuəl/;indivicyuıl;Individual effort matters.;Bireysel çaba önemlidir.;7;3
industrial;endüstriyel;/ɪnˈdʌstriəl/;indastriyıl;Industrial growth is rapid.;Endüstriyel büyüme hızlıdır.;2;3
information flow;bilgi akışı;/ˌɪnfərˈmeɪʃən/;informeyşın;Information flow is fast.;Bilgi akışı hızlı.;6;3
initial;başlangıç;/ɪˈnɪʃəl/;inişıl;Initial results are good.;İlk sonuçlar iyi.;1;3
innovative;yenilikçi;/ˈɪnəveɪtɪv/;inoveytiv;This is an innovative idea.;Bu yenilikçi bir fikir.;2;3
input;girdi;/ˈɪnpʊt/;input;Provide your input.;Girdini ver.;6;3
instruction manual;kullanım kılavuzu;/ɪnˈstrʌkʃən/;instrakşın;Read the instruction manual.;Kullanım kılavuzunu oku.;6;3
intellectual;entelektüel;/ˌɪntəˈlektʃuəl/;intelektçuıl;He is an intellectual person.;O entelektüel bir kişidir.;3;3
internal;içsel;/ɪnˈtɜːrnəl/;intörnıl;Internal problems exist.;İç sorunlar var.;3;3
international;uluslararası;/ˌɪntərˈnæʃənəl/;internəşınıl;International trade grows.;Uluslararası ticaret büyüyor.;4;3
introduction part;giriş bölümü;/ˌɪntrəˈdʌkʃən/;intradakşın;Read introduction part.;Giriş bölümünü oku.;3;3
job satisfaction;iş memnuniyeti;/dʒɒb/;cob;Job satisfaction matters.;İş memnuniyeti önemlidir.;7;3
key factor;ana faktör;/kiː/;kii;Time is a key factor.;Zaman ana faktördür.;3;3
knowledge base;bilgi tabanı;/ˈnɑːlɪdʒ/;nalıc;Update knowledge base.;Bilgi tabanını güncelle.;6;3
language skill;dil becerisi;/ˈlæŋɡwɪdʒ/;lengwic;Improve language skills.;Dil becerilerini geliştir.;3;3
learning ability;öğrenme yeteneği;/ˈlɜːrnɪŋ/;lörning;Learning ability is important.;Öğrenme yeteneği önemlidir.;3;3
life experience;yaşam deneyimi;/laɪf/;layf;Life experience teaches.;Yaşam deneyimi öğretir.;7;3
logical thinking;mantıklı düşünme;/ˈlɒdʒɪkəl/;locikıl;Use logical thinking.;Mantıklı düşün.;3;3
long-term;uzun vadeli;/lɔːŋ tɜːrm/;long törm;Make long-term plans.;Uzun vadeli planlar yap.;2;3
main purpose;ana amaç;/meɪn/;meyn;The main purpose is learning.;Ana amaç öğrenmektir.;3;3
market demand;pazar talebi;/ˈmɑːrkɪt/;market;Market demand increased.;Pazar talebi arttı.;2;3
maximum;maksimum;/ˈmæksɪməm/;meksımım;Maximum speed reached.;Maksimum hız ulaşıldı.;3;3
minimum;minimum;/ˈmɪnɪməm/;minımım;Minimum cost required.;Minimum maliyet gerekli.;3;3
modern life;modern yaşam;/ˈmɒdərn/;modırn;Modern life is busy.;Modern yaşam yoğun.;7;3
natural ability;doğal yetenek;/ˈnætʃərəl/;neçırıl;He has natural ability.;Doğal yeteneği var.;3;3
negative effect;olumsuz etki;/ˈneɡətɪv/;negıtiv;Smoking has negative effects.;Sigaranın olumsuz etkileri vardır.;3;3
network system;ağ sistemi;/ˈnetwɜːrk/;netvörk;Network system failed.;Ağ sistemi çöktü.;6;3
normal condition;normal durum;/ˈnɔːrməl/;normıl;Return to normal condition.;Normal duruma dön.;1;3
objective;hedef / amaç;/əbˈdʒektɪv/;obcektif;Our objective is clear.;Hedefimiz açık.;3;3
online platform;online platform;/ˈɒnlaɪn/;onlayn;Use online platforms.;Online platformları kullan.;6;3
open-minded;açık fikirli;/ˈoʊpən maɪndɪd/;oupın mayndıd;Be open-minded.;Açık fikirli ol.;7;3
overall;genel olarak;/ˈoʊvərɔːl/;ovırol;Overall, it was good.;Genel olarak iyiydi.;1;3
personal goal;kişisel hedef;/ˈpɜːrsənəl/;pörsınıl;Set a personal goal.;Kişisel hedef koy.;7;3
physical activity;fiziksel aktivite;/ˈfɪzɪkəl/;fizikıl;Physical activity is healthy.;Fiziksel aktivite sağlıklıdır.;5;3
positive attitude;olumlu tutum;/ˈpɒzətɪv/;pozıtiv;Keep a positive attitude.;Olumlu tutumunu koru.;7;3
practical;pratik;/ˈpræktɪkəl/;praktıkıl;This is a practical solution.;Bu pratik bir çözümdür.;2;3
problem solving;problem çözme;/ˈprɒbləm/;problım;Improve problem solving skills.;Problem çözme becerilerini geliştir.;3;3
professional development;mesleki gelişim;/prəˈfeʃənəl/;profeşınıl;Focus on professional development.;Mesleki gelişime odaklan.;2;3
public opinion;kamuoyu;/ˈpʌblɪk/;pablik;Public opinion changed.;Kamuoyu değişti.;7;3
quick decision;hızlı karar;/kwɪk/;kuik;Make a quick decision.;Hızlı karar ver.;2;3
reliable;güvenilir;/rɪˈlaɪəbəl/;rilayııbıl;This source is reliable.;Bu kaynak güvenilir.;2;3
research result;araştırma sonucu;/rɪˈsɜːrtʃ/;risörç;Research results are clear.;Araştırma sonuçları açık.;3;3
safety standard;güvenlik standardı;/ˈseɪfti/;seyfti;Follow safety standards.;Güvenlik standartlarına uy.;5;3
social activity;sosyal aktivite;/ˈsoʊʃəl/;soşıl;Join social activities.;Sosyal aktivitelere katıl.;7;3
time pressure;zaman baskısı;/taɪm/;taym;Work under time pressure.;Zaman baskısı altında çalış.;7;3
useful information;faydalı bilgi;/ˈjuːsfəl/;yuusfıl;This is useful information.;Bu faydalı bir bilgidir.;3;3
ability to learn;öğrenme yeteneği;/əˈbɪləti/;ebilıti;He has the ability to learn fast.;Hızlı öğrenme yeteneği var.;3;3
academic year;akademik yıl;/ˌækəˈdemɪk/;ekıdemik;The academic year starts in September.;Akademik yıl eylülde başlar.;3;3
access right;erişim hakkı;/ˈækses/;akses;You need access rights.;Erişim hakkına ihtiyacın var.;6;3
account balance;hesap bakiyesi;/əˈkaʊnt/;akaunt;Check your account balance.;Hesap bakiyeni kontrol et.;2;3
active participation;aktif katılım;/ˈæktɪv/;aktiv;Active participation is required.;Aktif katılım gereklidir.;7;3
additional cost;ek maliyet;/əˈdɪʃənəl/;edişınıl;There is an additional cost.;Ek maliyet var.;2;3
advanced level;ileri seviye;/ədˈvænst/;edvanst;This is advanced level.;Bu ileri seviyedir.;3;3
advertising campaign;reklam kampanyası;/ˈædvərtaɪzɪŋ/;edvırtayzing;The campaign was successful.;Kampanya başarılıydı.;2;3
advice service;danışmanlık hizmeti;/ədˈvaɪs/;edvays;They offer advice service.;Danışmanlık hizmeti sunuyorlar.;2;3
agreement condition;anlaşma şartı;/əˈɡriːmənt/;egrimınt;Read agreement conditions.;Anlaşma şartlarını oku.;2;3
air pollution;hava kirliliği;/er pəˈluːʃən/;er poluuşın;Air pollution is dangerous.;Hava kirliliği tehlikelidir.;5;3
alarm clock;çalar saat;/əˈlɑːrm klɒk/;alarm klok;Set your alarm clock.;Çalar saatini kur.;1;3
alternative option;alternatif seçenek;/ɔːlˈtɜːrnətɪv/;oltörnətiv;Choose an alternative option.;Alternatif bir seçenek seç.;3;3
annual report;yıllık rapor;/ˈænjuəl/;enyuel;Read the annual report.;Yıllık raporu oku.;2;3
application process;başvuru süreci;/ˌæplɪˈkeɪʃən/;eplıkeyşın;The application process is long.;Başvuru süreci uzun.;2;3
approval rate;onay oranı;/əˈpruːvəl/;apruvıl;Approval rate increased.;Onay oranı arttı.;2;3
arrival date;varış tarihi;/əˈraɪvəl/;erayvıl;Check arrival date.;Varış tarihini kontrol et.;4;3
art exhibition;sanat sergisi;/ɑːrt/;art;Visit the art exhibition.;Sanat sergisini ziyaret et.;7;3
assignment task;ödev görevi;/əˈsaɪnmənt/;esaynmınt;Complete the assignment task.;Ödev görevini tamamla.;3;3
attendance rate;katılım oranı;/əˈtendəns/;atendıns;Attendance rate is low.;Katılım oranı düşük.;2;3
attention span;dikkat süresi;/əˈtenʃən/;atenşın;Attention span is short.;Dikkat süresi kısa.;3;3
attraction center;cazibe merkezi;/əˈtrækʃən/;etrakşın;This is a tourist attraction center.;Bu bir turistik cazibe merkezi.;4;3
average income;ortalama gelir;/ˈævərɪdʒ/;evırıc;Average income increased.;Ortalama gelir arttı.;2;3
background information;arka plan bilgisi;/ˈbækɡraʊnd/;bekground;Provide background information.;Arka plan bilgisi ver.;3;3
basic requirement;temel gereklilik;/ˈbeɪsɪk/;beysik;This is a basic requirement.;Bu temel bir gerekliliktir.;2;3
battery power;pil gücü;/ˈbætəri/;betıri;Battery power is low.;Pil gücü düşük.;6;3
behavior change;davranış değişimi;/bɪˈheɪvjər/;biheyvyır;Behavior change is needed.;Davranış değişimi gerekli.;7;3
belief value;inanç değeri;/bɪˈliːf/;biliif;Belief values guide actions.;İnanç değerleri davranışları yönlendirir.;7;3
benefit system;fayda sistemi;/ˈbenɪfɪt/;benefit;The benefit system works.;Fayda sistemi çalışıyor.;2;3
birth place;doğum yeri;/bɜːrθ/;börθ;Write your birth place.;Doğum yerini yaz.;4;3
business strategy;iş stratejisi;/ˈbɪznəs/;biznıs;Develop a business strategy.;İş stratejisi geliştir.;2;3
career development;kariyer gelişimi;/kəˈrɪr/;karir;Focus on career development.;Kariyer gelişimine odaklan.;2;3
case example;örnek vaka;/keɪs/;keys;Look at this case example.;Bu örnek vakaya bak.;3;3
cash payment;nakit ödeme;/kæʃ/;keş;Pay with cash payment.;Nakit ödeme yap.;2;3
central system;merkezi sistem;/ˈsentrəl/;sentrıl;The central system failed.;Merkezi sistem çöktü.;6;3
challenge problem;zor problem;/ˈtʃælɪndʒ/;çelınc;Solve the challenge problem.;Zor problemi çöz.;3;3
choice decision;seçim kararı;/tʃɔɪs/;çoys;Make a choice decision.;Bir seçim kararı ver.;3;3
communication method;iletişim yöntemi;/kəˈmjuːnɪkeɪʃən/;komyunikeyşın;Choose a communication method.;Bir iletişim yöntemi seç.;7;3
company structure;şirket yapısı;/ˈkʌmpəni/;kampani;Company structure changed.;Şirket yapısı değişti.;2;3
comparison result;karşılaştırma sonucu;/kəmˈpærɪsən/;komperısın;Comparison results are clear.;Karşılaştırma sonuçları açık.;3;3
complaint system;şikayet sistemi;/kəmˈpleɪnt/;kompleynt;Complaint system improved.;Şikayet sistemi gelişti.;2;3
conclusion result;sonuç çıkarımı;/kənˈkluːʒən/;konkıluujın;The conclusion result is clear.;Sonuç çıkarımı açık.;3;3
confidence skill;özgüven becerisi;/ˈkɑːnfɪdəns/;kanfidıns;Build confidence skills.;Özgüven becerisi geliştir.;7;3
connection network;bağlantı ağı;/kəˈnekʃən/;konekşın;The connection network is large.;Bağlantı ağı büyük.;6;3
construction plan;inşaat planı;/kənˈstrʌkʃən/;konstrakşın;The construction plan is ready.;İnşaat planı hazır.;6;3
contact service;iletişim hizmeti;/ˈkɑːntækt/;kontak;Contact service is available.;İletişim hizmeti mevcut.;2;3
content management;içerik yönetimi;/ˈkɑːntent/;kontent;Content management is important.;İçerik yönetimi önemlidir.;6;3
contract agreement;sözleşme anlaşması;/ˈkɑːntrækt/;kontrakt;Sign the contract agreement.;Sözleşmeyi imzala.;2;3
control process;kontrol süreci;/kənˈtroʊl/;kontrol;Control process is strict.;Kontrol süreci sıkıdır.;2;3
cost calculation;maliyet hesaplama;/kɒst/;kost;Do cost calculation.;Maliyet hesapla.;2;3
customer support;müşteri desteği;/ˈkʌstəmər/;kastımır;Customer support helps users.;Müşteri desteği yardımcı olur.;2;3
data system;veri sistemi;/ˈdeɪtə/;deyta;Data system works well.;Veri sistemi iyi çalışıyor.;6;3
decision process;karar süreci;/dɪˈsɪʒən/;disijın;Decision process is complex.;Karar süreci karmaşık.;3;3
delivery service;teslimat hizmeti;/dɪˈlɪvəri/;dilivıri;Delivery service is fast.;Teslimat hizmeti hızlı.;2;3
demand level;talep seviyesi;/dɪˈmænd/;dimend;Demand level increased.;Talep seviyesi arttı.;2;3
department manager;bölüm yöneticisi;/dɪˈpɑːrtmənt/;dipartmınt;The manager approved it.;Yönetici onayladı.;2;3
development process;gelişim süreci;/dɪˈveləpmənt/;divelıpmınt;Development process takes time.;Gelişim süreci zaman alır.;2;3
digital platform;dijital platform;/ˈdɪdʒɪtəl/;dicitıl;Use digital platforms.;Dijital platformları kullan.;6;3
distance measurement;mesafe ölçümü;/ˈdɪstəns/;distıns;Distance measurement is accurate.;Mesafe ölçümü doğru.;3;3
education program;eğitim programı;/ˌedʒuˈkeɪʃən/;ecyukeyşın;Join education program.;Eğitim programına katıl.;3;3
emergency plan;acil plan;/ɪˈmɜːrdʒənsi/;imörcınsi;Prepare an emergency plan.;Acil plan hazırla.;5;3
energy consumption;enerji tüketimi;/ˈenərdʒi/;enırci;Energy consumption is high.;Enerji tüketimi yüksek.;5;3
environment protection;çevre koruma;/ɪnˈvaɪrənmənt/;invayrınmınt;Environment protection matters.;Çevre koruma önemlidir.;5;3
event organization;etkinlik organizasyonu;/ɪˈvent/;ivent;Event organization is good.;Etkinlik organizasyonu iyi.;2;3
exam preparation;sınav hazırlığı;/ɪɡˈzæm/;igzam;Exam preparation is important.;Sınav hazırlığı önemlidir.;3;3
expert advice;uzman tavsiyesi;/ˈekspɜːrt/;ekspert;Follow expert advice.;Uzman tavsiyesine uy.;2;3
financial system;finans sistemi;/faɪˈnænʃəl/;faynensıl;Financial system is stable.;Finans sistemi stabil.;2;3
future opportunity;gelecek fırsatı;/ˈfjuːtʃər/;fyuçır;This is a future opportunity.;Bu bir gelecek fırsatıdır.;2;3
general rule;genel kural;/ˈdʒenərəl/;cenırıl;Follow general rules.;Genel kurallara uy.;3;3
global system;küresel sistem;/ˈɡloʊbəl/;globıl;Global system works.;Küresel sistem çalışıyor.;6;3
growth process;büyüme süreci;/ɡroʊθ/;groth;Growth process is slow.;Büyüme süreci yavaş.;2;3
health service;sağlık hizmeti;/helθ/;helth;Health service improved.;Sağlık hizmeti gelişti.;5;3
high demand;yüksek talep;/haɪ/;hay;There is high demand.;Yüksek talep var.;2;3
human interaction;insan etkileşimi;/ˈhjuːmən/;hyumın;Human interaction is important.;İnsan etkileşimi önemlidir.;7;3
ideal condition;ideal durum;/aɪˈdiːəl/;aydiıl;Ideal condition achieved.;İdeal durum sağlandı.;3;3
immediate response;anında cevap;/ɪˈmiːdiət/;imiidyıt;Give immediate response.;Anında cevap ver.;2;3
impact result;etki sonucu;/ˈɪmpækt/;impekt;Impact result is clear.;Etki sonucu açık.;3;3
important detail;önemli detay;/ɪmˈpɔːrtənt/;importınt;Don't miss important details.;Önemli detayları kaçırma.;3;3
independent study;bağımsız çalışma;/ˌɪndɪˈpendənt/;indipendınt;Do independent study.;Bağımsız çalışma yap.;3;3
individual plan;bireysel plan;/ˌɪndɪˈvɪdʒuəl/;indivicyuıl;Make an individual plan.;Bireysel plan yap.;2;3
industrial growth;endüstriyel büyüme;/ɪnˈdʌstriəl/;indastriyıl;Industrial growth continues.;Endüstriyel büyüme devam ediyor.;2;3
information exchange;bilgi alışverişi;/ˌɪnfərˈmeɪʃən/;informeyşın;Information exchange helps.;Bilgi alışverişi yardımcı olur.;6;3
initial stage;başlangıç aşaması;/ɪˈnɪʃəl/;inişıl;This is the initial stage.;Bu başlangıç aşamasıdır.;1;3
innovative idea;yenilikçi fikir;/ˈɪnəveɪtɪv/;inoveytiv;It is an innovative idea.;Bu yenilikçi bir fikirdir.;2;3
input data;giriş verisi;/ˈɪnpʊt/;input;Enter input data.;Giriş verisi gir.;6;3
instruction guide;kullanım rehberi;/ɪnˈstrʌkʃən/;instrakşın;Follow the instruction guide.;Kullanım rehberini takip et.;6;3
intellectual ability;zihinsel yetenek;/ˌɪntəˈlektʃuəl/;intelektçuıl;Intellectual ability matters.;Zihinsel yetenek önemlidir.;3;3
internal system;iç sistem;/ɪnˈtɜːrnəl/;intörnıl;Internal system works.;İç sistem çalışıyor.;6;3
international market;uluslararası pazar;/ˌɪntərˈnæʃənəl/;internəşınıl;International market grows.;Uluslararası pazar büyüyor.;2;3
introduction part;giriş kısmı;/ˌɪntrəˈdʌkʃən/;intradakşın;Read introduction part.;Giriş kısmını oku.;3;3
job opportunity;iş fırsatı;/dʒɒb/;cob;It is a job opportunity.;Bu bir iş fırsatıdır.;2;3
key point;ana nokta;/kiː/;kii;Focus on the key point.;Ana noktaya odaklan.;3;3
knowledge level;bilgi seviyesi;/ˈnɑːlɪdʒ/;nalıc;Knowledge level improved.;Bilgi seviyesi arttı.;3;3
language ability;dil yeteneği;/ˈlæŋɡwɪdʒ/;lengwic;Language ability is useful.;Dil yeteneği faydalıdır.;3;3
learning method;öğrenme yöntemi;/ˈlɜːrnɪŋ/;lörning;Choose a learning method.;Bir öğrenme yöntemi seç.;3;3
life condition;yaşam durumu;/laɪf/;layf;Life condition improved.;Yaşam durumu iyileşti.;1;3
logical reason;mantıklı sebep;/ˈlɒdʒɪkəl/;locikıl;Give a logical reason.;Mantıklı bir sebep ver.;3;3
long-term goal;uzun vadeli hedef;/lɔːŋ/;long;Set long-term goals.;Uzun vadeli hedefler koy.;2;3
main idea;ana fikir;/meɪn/;meyn;Find the main idea.;Ana fikri bul.;3;3
market analysis;pazar analizi;/ˈmɑːrkɪt/;market;Do market analysis.;Pazar analizi yap.;2;3
maximum level;maksimum seviye;/ˈmæksɪməm/;meksımım;Reach maximum level.;Maksimum seviyeye ulaş.;3;3
minimum level;minimum seviye;/ˈmɪnɪməm/;minımım;Stay at minimum level.;Minimum seviyede kal.;3;3
modern system;modern sistem;/ˈmɒdərn/;modırn;Modern system works fast.;Modern sistem hızlı çalışır.;6;3
natural environment;doğal çevre;/ˈnætʃərəl/;neçırıl;Protect natural environment.;Doğal çevreyi koru.;4;3
negative result;olumsuz sonuç;/ˈneɡətɪv/;negıtiv;Negative result appeared.;Olumsuz sonuç ortaya çıktı.;3;3
network connection;ağ bağlantısı;/ˈnetwɜːrk/;netvörk;Network connection failed.;Ağ bağlantısı kesildi.;6;3
normal situation;normal durum;/ˈnɔːrməl/;normıl;Return to normal situation.;Normal duruma dön.;1;3
abandon;terk etmek;/əˈbændən/;ebendın;He abandoned the project.;Projeyi terk etti.;7;4
abstract;soyut;/ˈæbstrækt/;ebstrakt;This is an abstract idea.;Bu soyut bir fikir.;3;4
accomplish;başarmak;/əˈkʌmplɪʃ/;akamplış;She accomplished her goal.;Hedefine ulaştı.;2;4
acknowledge;kabul etmek;/əkˈnɑːlɪdʒ/;aknaliç;He acknowledged his mistake.;Hatasını kabul etti.;7;4
adapt to;uyum sağlamak;/əˈdæpt/;edapt;You must adapt to change.;Değişime uyum sağlamalısın.;1;4
adequate;yeterli;/ˈædɪkwət/;edikvıt;This is adequate for now.;Bu şimdilik yeterli.;3;4
advocate;savunmak;/ˈædvəkeɪt/;edvokeyt;She advocates human rights.;İnsan haklarını savunur.;7;4
allocate;tahsis etmek;/ˈæləkeɪt/;alokeyt;Allocate resources wisely.;Kaynakları akıllıca tahsis et.;2;4
alter;değiştirmek;/ˈɔːltər/;oltır;They altered the design.;Tasarımı değiştirdiler.;3;4
analyze;analiz etmek;/ˈænəlaɪz/;enelayz;Analyze the data carefully.;Veriyi dikkatlice analiz et.;3;4
anticipate;öngörmek;/ænˈtɪsɪpeɪt/;entisıpeyt;We anticipate problems.;Problemleri öngörüyoruz.;3;4
apparent;açık / belli;/əˈpærənt/;eperınt;The reason is apparent.;Sebep açık.;3;4
appeal;çekici gelmek;/əˈpiːl/;epiil;This idea appeals to me.;Bu fikir bana çekici geliyor.;7;4
apply theory;teori uygulamak;/əˈplaɪ/;eplay;Apply theory in practice.;Teoriyi uygulamada kullan.;3;4
assess;değerlendirmek;/əˈses/;eses;Assess the situation.;Durumu değerlendir.;3;4
assume;varsaymak;/əˈsuːm/;asuum;I assume you are right.;Haklı olduğunu varsayıyorum.;3;4
assure;garanti etmek;/əˈʃʊr/;aşur;I assure you success.;Başarıyı garanti ederim.;2;4
attach importance;önem vermek;/əˈtætʃ/;eteç;Attach importance to details.;Detaylara önem ver.;7;4
attain;elde etmek;/əˈteɪn/;eteyn;He attained success.;Başarı elde etti.;2;4
attribute;atfetmek;/əˈtrɪbjuːt/;atribyut;Attribute success to effort.;Başarıyı çabaya bağla.;3;4
aware of;farkında olmak;/əˈwer/;ever;Be aware of risks.;Risklerin farkında ol.;7;4
beneficial;faydalı;/ˌbenɪˈfɪʃəl/;benefişıl;This is beneficial.;Bu faydalıdır.;2;4
bias;önyargı;/ˈbaɪəs/;bayıs;Avoid bias in decisions.;Kararlarda önyargıdan kaçın.;3;4
capable;yetenekli;/ˈkeɪpəbəl/;keypıbıl;He is capable of success.;Başarılı olmaya yetenekli.;2;4
clarify;netleştirmek;/ˈklærɪfaɪ/;klerifay;Clarify your point.;Noktanı netleştir.;3;4
coherent;tutarlı;/koʊˈhɪrənt/;kohirınt;The argument is coherent.;Argüman tutarlı.;3;4
coincide;çakışmak;/ˌkoʊɪnˈsaɪd/;koinsayd;Dates coincide.;Tarihler çakışıyor.;3;4
compel;zorlamak;/kəmˈpel/;کمپel;Evidence compels action.;Kanıt eyleme zorlar.;7;4
compensate;telafi etmek;/ˈkɑːmpenseɪt/;kompenseyt;Compensate the loss.;Kaybı telafi et.;2;4
complex;karmaşık;/ˈkɑːmpleks/;komplekks;The system is complex.;Sistem karmaşık.;3;4
conceive;tasarlamak;/kənˈsiːv/;konsiiv;Conceive a new idea.;Yeni bir fikir tasarla.;3;4
conduct;yürütmek;/kənˈdʌkt/;kondakt;Conduct research.;Araştırma yürüt.;2;4
confer;görüşmek;/kənˈfɜːr/;کنför;Confer with experts.;Uzmanlarla görüş.;2;4
considerable;önemli;/kənˈsɪdərəbəl/;konsidırıbıl;A considerable amount.;Önemli miktar.;3;4
consistent;tutarlı;/kənˈsɪstənt/;konsistınt;Be consistent.;Tutarlı ol.;3;4
constitute;oluşturmak;/ˈkɑːnstɪtuːt/;konstıtut;This constitutes a problem.;Bu bir sorun oluşturur.;3;4
constrain;sınırlamak;/kənˈstreɪn/;konstreyın;Rules constrain actions.;Kurallar eylemleri sınırlar.;2;4
consult;danışmak;/kənˈsʌlt/;konsalt;Consult a doctor.;Doktora danış.;2;4
contemporary;çağdaş;/kənˈtempəreri/;kontempıreri;Contemporary art is popular.;Çağdaş sanat popüler.;3;4
contradict;çelişmek;/ˌkɑːntrəˈdɪkt/;kontradikt;Facts contradict him.;Gerçekler onu çürütüyor.;3;4
convey;iletmek;/kənˈveɪ/;konvey;Convey your message.;Mesajını ilet.;7;4
core;temel;/kɔːr/;kor;The core idea matters.;Temel fikir önemlidir.;3;4
criteria;kriterler;/kraɪˈtɪriə/;kraytiria;Meet the criteria.;Kriterleri karşıla.;3;4
crucial;kritik;/ˈkruːʃəl/;kruuşıl;This is crucial.;Bu kritik.;3;4
decline;düşüş;/dɪˈklaɪn/;diklayn;Sales declined.;Satışlar düştü.;2;4
deduce;çıkarsamak;/dɪˈduːs/;diduus;Deduce the answer.;Sonucu çıkar.;3;4
demonstrate;göstermek;/ˈdemənstreɪt/;demınstreyt;Demonstrate clearly.;Açıkça göster.;3;4
derive;türetmek;/dɪˈraɪv/;dirayv;Derive meaning.;Anlam çıkar.;3;4
diminish;azaltmak;/dɪˈmɪnɪʃ/;diminış;Diminish risks.;Riskleri azalt.;2;4
distinct;belirgin;/dɪˈstɪŋkt/;distingkt;A distinct difference.;Belirgin fark.;3;4
distribute;dağıtmak;/dɪˈstrɪbjuːt/;distribyut;Distribute tasks.;Görevleri dağıt.;2;4
diverse;çeşitli;/daɪˈvɜːrs/;dayvörs;A diverse group.;Çeşitli bir grup.;3;4
dynamic;dinamik;/daɪˈnæmɪk/;daynamik;Dynamic system.;Dinamik sistem.;3;4
eliminate;ortadan kaldırmak;/ɪˈlɪmɪneɪt/;ilımineyt;Eliminate errors.;Hataları kaldır.;2;4
emerge;ortaya çıkmak;/ɪˈmɜːrdʒ/;imörc;Problems emerge.;Sorunlar ortaya çıkar.;3;4
emphasize;vurgulamak;/ˈemfəsaɪz/;emfısayz;Emphasize key points.;Ana noktaları vurgula.;3;4
enable;mümkün kılmak;/ɪˈneɪbəl/;ineybıl;Technology enables progress.;Teknoloji ilerlemeyi sağlar.;6;4
encounter;karşılaşmak;/ɪnˈkaʊntər/;inkauntır;Encounter difficulties.;Zorluklarla karşılaş.;1;4
enhance;geliştirmek;/ɪnˈhæns/;inhans;Enhance performance.;Performansı artır.;2;4
ensure;sağlamak;/ɪnˈʃʊr/;inşur;Ensure safety.;Güvenliği sağla.;2;4
entity;varlık;/ˈentɪti/;entiti;Business entity.;İş varlığı.;3;4
equivalent;eşdeğer;/ɪˈkwɪvələnt/;ikvivılent;Equivalent value.;Eşdeğer değer.;3;4
establish;kurmak;/ɪˈstæblɪʃ/;istabliş;Establish a company.;Şirket kur.;2;4
evaluate;değerlendirmek;/ɪˈvæljueɪt/;ivelyueyt;Evaluate results.;Sonuçları değerlendir.;3;4
exceed;aşmak;/ɪkˈsiːd/;iksiid;Exceed expectations.;Beklentileri aş.;2;4
expand;genişletmek;/ɪkˈspænd/;ekspend;Expand business.;İşletmeyi büyüt.;2;4
exploit;kullanmak;/ɪkˈsplɔɪt/;eksployt;Exploit resources.;Kaynakları kullan.;2;4
facilitate;kolaylaştırmak;/fəˈsɪlɪteɪt/;fesılıteyt;Facilitate learning.;Öğrenmeyi kolaylaştır.;2;4
fundamental;temel;/ˌfʌndəˈmentəl/;fandımentıl;Fundamental principles.;Temel prensipler.;3;4
generate;üretmek;/ˈdʒenəreɪt/;cenereyt;Generate ideas.;Fikir üret.;6;4
implement;uygulamak;/ˈɪmpləment/;implımınt;Implement a plan.;Planı uygula.;2;4
interpret;yorumlamak;/ɪnˈtɜːrprət/;intörprıt;Interpret data.;Veriyi yorumla.;3;4
justify;gerekçelendirmek;/ˈdʒʌstɪfaɪ/;castifay;Justify your decision.;Kararını gerekçelendir.;3;4
maintain;sürdürmek;/meɪnˈteɪn/;meynteyn;Maintain quality.;Kaliteyi koru.;2;4
maximize;maksimize etmek;/ˈmæksɪmaɪz/;meksımayz;Maximize profit.;Karı artır.;2;4
minimize;minimize etmek;/ˈmɪnɪmaɪz/;minımayz;Minimize risk.;Riski azalt.;2;4
modify;değiştirmek;/ˈmɑːdɪfaɪ/;madıfay;Modify the system.;Sistemi değiştir.;6;4
monitor;izlemek;/ˈmɑːnɪtər/;manitır;Monitor progress.;İlerlemeyi takip et.;2;4
obtain;elde etmek;/əbˈteɪn/;obteyn;Obtain results.;Sonuç elde et.;2;4
perceive;algılamak;/pərˈsiːv/;pörsiiv;Perceive differences.;Farkları algıla.;3;4
prioritize;önceliklendirmek;/praɪˈɔːrətaɪz/;prayorıtayz;Prioritize tasks.;Görevleri önceliklendir.;2;4
pursue;takip etmek;/pərˈsuː/;pörsuu;Pursue goals.;Hedefleri takip et.;2;4
refine;geliştirmek;/rɪˈfaɪn/;rifayn;Refine ideas.;Fikirleri geliştir.;3;4
reinforce;güçlendirmek;/ˌriːɪnˈfɔːrs/;riinforz;Reinforce knowledge.;Bilgiyi pekiştir.;7;4
resolve;çözmek;/rɪˈzɑːlv/;rizolv;Resolve conflicts.;Çatışmaları çöz.;2;4
retain;korumak;/rɪˈteɪn/;riteyn;Retain information.;Bilgiyi koru.;3;4
stimulate;teşvik etmek;/ˈstɪmjuleɪt/;stimyuleyt;Stimulate growth.;Büyümeyi teşvik et.;7;4
sustain;sürdürmek;/səˈsteɪn/;sosteyn;Sustain progress.;İlerlemeyi sürdür.;2;4
transform;dönüştürmek;/trænsˈfɔːrm/;transfor m;Transform ideas.;Fikirleri dönüştür.;6;4
utilize;kullanmak;/ˈjuːtəlaɪz/;yuutılayz;Utilize resources.;Kaynakları kullan.;6;4
accumulate;birikmek / biriktirmek;/əˈkjuːmjəleɪt/;ekyumyuleyt;Small savings accumulate over time.;Küçük birikimler zamanla artar.;2;4
acquisition;edinim / satın alma;/ˌækwɪˈzɪʃən/;ekwizişın;Language acquisition takes time.;Dil edinimi zaman alır.;2;4
adjacent;bitişik / yanındaki;/əˈdʒeɪsənt/;eceysınt;The hotel is adjacent to the station.;Otel istasyona bitişik.;1;4
agenda;gündem;/əˈdʒendə/;ecenda;The agenda includes three topics.;Gündemde üç konu var.;2;4
amendment;değişiklik / düzenleme;/əˈmendmənt/;emendmınt;The law needs an amendment.;Yasanın bir düzenlemeye ihtiyacı var.;2;4
ambition;hırs / güçlü istek;/æmˈbɪʃən/;embişın;Her ambition helped her succeed.;Hırsı başarılı olmasına yardım etti.;7;4
analogy;benzetme;/əˈnælədʒi/;enelıci;He explained it with an analogy.;Bunu bir benzetmeyle açıkladı.;3;4
apparatus;cihaz / düzenek;/ˌæpəˈrætəs/;epıretıs;The apparatus was used in the experiment.;Düzenek deneyde kullanıldı.;6;4
arbitrary;keyfi / rastgele;/ˈɑːrbɪtreri/;arbitreri;The decision seemed arbitrary.;Karar keyfi görünüyordu.;3;4
archive;arşiv;/ˈɑːrkaɪv/;arkayv;The files are kept in an archive.;Dosyalar arşivde saklanır.;6;4
assemble;bir araya getirmek;/əˈsembəl/;esembıl;We assembled the furniture.;Mobilyayı birleştirdik.;2;4
attainability;ulaşılabilirlik;/əˌteɪnəˈbɪləti/;eteynıbılıti;The attainability of the goal matters.;Hedefin ulaşılabilirliği önemlidir.;3;4
autonomy;özerklik;/ɔːˈtɑːnəmi/;otanımi;Employees value autonomy.;Çalışanlar özerkliğe değer verir.;7;4
bankruptcy;iflas;/ˈbæŋkrʌptsi/;benkraptsi;The company faced bankruptcy.;Şirket iflasla karşılaştı.;2;4
barrier;engel;/ˈbæriər/;beriyır;Fear can be a barrier to success.;Korku başarıya engel olabilir.;2;4
capacity;kapasite;/kəˈpæsəti/;kepesıti;The hall has limited capacity.;Salonun kapasitesi sınırlı.;2;4
coalition;koalisyon;/ˌkoʊəˈlɪʃən/;kouılişın;The parties formed a coalition.;Partiler koalisyon kurdu.;7;4
cognitive;bilişsel;/ˈkɑːɡnətɪv/;kagnıtiv;Sleep affects cognitive performance.;Uyku bilişsel performansı etkiler.;3;4
collaborate;iş birliği yapmak;/kəˈlæbəreɪt/;kolebıreyt;We collaborated on the report.;Rapor üzerinde iş birliği yaptık.;7;4
commence;başlamak;/kəˈmens/;komens;The ceremony will commence soon.;Tören yakında başlayacak.;2;4
commodity;ticari mal;/kəˈmɑːdəti/;komadıti;Oil is an important commodity.;Petrol önemli bir ticari maldır.;2;4
compatibility;uyumluluk;/kəmˌpætəˈbɪləti/;kompatıbılıti;Check software compatibility.;Yazılım uyumluluğunu kontrol et.;6;4
comprise;içermek / oluşmak;/kəmˈpraɪz/;kompraiz;The course comprises ten units.;Kurs on üniteden oluşur.;3;4
conceal;gizlemek;/kənˈsiːl/;konsiil;He tried to conceal the truth.;Gerçeği gizlemeye çalıştı.;7;4
consequence;sonuç;/ˈkɑːnsəkwens/;kansıkwens;Every choice has a consequence.;Her seçimin bir sonucu vardır.;3;4
conservation;koruma;/ˌkɑːnsərˈveɪʃən/;kansırveyşın;Wildlife conservation is necessary.;Vahşi yaşamı koruma gereklidir.;5;4
consensus;fikir birliği;/kənˈsensəs/;konsensıs;The team reached a consensus.;Takım fikir birliğine vardı.;7;4
controversy;tartışmalı konu;/ˈkɑːntrəvɜːrsi/;kantrıvörsi;The decision caused controversy.;Karar tartışma yarattı.;7;4
correlation;ilişki / bağlantı;/ˌkɔːrəˈleɪʃən/;korıleyşın;There is a correlation between sleep and health.;Uyku ile sağlık arasında ilişki vardır.;3;4
credibility;güvenilirlik;/ˌkredəˈbɪləti/;kredıbılıti;The report lacks credibility.;Rapor güvenilirlikten yoksun.;7;4
deficit;açık / eksiklik;/ˈdefɪsɪt/;defisit;The budget deficit increased.;Bütçe açığı arttı.;2;4
delegate;yetki vermek;/ˈdelɪɡeɪt/;delıgeyt;A good manager delegates tasks.;İyi bir yönetici görevleri devreder.;2;4
dependency;bağımlılık;/dɪˈpendənsi/;dipendınsi;Technology dependency is growing.;Teknoloji bağımlılığı artıyor.;3;4
deviation;sapma;/ˌdiːviˈeɪʃən/;diiviyeşın;There was a deviation from the plan.;Plandan bir sapma vardı.;3;4
dilemma;ikilem;/dɪˈlemə/;dilema;She faced a difficult dilemma.;Zor bir ikilemle karşılaştı.;3;4
disclose;açıklamak / ifşa etmek;/dɪsˈkloʊz/;diskloz;The company disclosed the details.;Şirket detayları açıkladı.;2;4
discretion;takdir yetkisi;/dɪˈskreʃən/;diskreşın;Use your discretion.;Kendi takdirini kullan.;7;4
displacement;yer değiştirme;/dɪsˈpleɪsmənt/;displeysmınt;War caused displacement.;Savaş yer değiştirmeye neden oldu.;5;4
doctrine;öğreti / doktrin;/ˈdɑːktrɪn/;doktrin;The doctrine shaped their policy.;Doktrin politikalarını şekillendirdi.;3;4
dominate;hükmetmek / baskın olmak;/ˈdɑːməneɪt/;domineyt;One company dominates the market.;Bir şirket pazara hakim.;2;4
duration;süre;/duˈreɪʃən/;dureyşın;The duration of the course is short.;Kursun süresi kısa.;3;4
empirical;deneysel / gözleme dayalı;/ɪmˈpɪrɪkəl/;empirıkıl;We need empirical evidence.;Deneysel kanıta ihtiyacımız var.;3;4
enforce;uygulamak / zorla yaptırmak;/ɪnˈfɔːrs/;inforz;Police enforce the law.;Polis yasayı uygular.;2;4
enterprise;girişim / işletme;/ˈentərpraɪz/;entırprayz;She started a small enterprise.;Küçük bir girişim başlattı.;2;4
enthusiasm;coşku / heves;/ɪnˈθuːziæzəm/;entuziyezım;His enthusiasm motivated the team.;Hevesi takımı motive etti.;7;4
erosion;aşınma / erozyon;/ɪˈroʊʒən/;irojın;Soil erosion is a serious problem.;Toprak erozyonu ciddi bir sorundur.;5;4
ethical;etik / ahlaki;/ˈeθɪkəl/;ethikıl;This is an ethical issue.;Bu etik bir meseledir.;7;4
expertise;uzmanlık;/ˌekspɜːrˈtiːz/;ekspertiz;Her expertise is valuable.;Uzmanlığı değerlidir.;2;4
explicit;açık / net;/ɪkˈsplɪsɪt/;eksplisit;The rules are explicit.;Kurallar açıktır.;3;4
feasibility;yapılabilirlik;/ˌfiːzəˈbɪləti/;fiizıbılıti;We studied the feasibility of the plan.;Planın yapılabilirliğini inceledik.;2;4
fluctuate;dalgalanmak;/ˈflʌktʃueɪt/;flakçueyt;Prices fluctuate every week.;Fiyatlar her hafta dalgalanır.;2;4
formulate;formüle etmek;/ˈfɔːrmjəleɪt/;formyuleyt;Formulate a clear strategy.;Net bir strateji formüle et.;3;4
framework;çerçeve;/ˈfreɪmwɜːrk/;freymvörk;The framework guides the project.;Çerçeve projeye yön verir.;3;4
hierarchy;hiyerarşi;/ˈhaɪərɑːrki/;hayırarki;The company has a strict hierarchy.;Şirketin sıkı bir hiyerarşisi var.;3;4
hypothesis;hipotez;/haɪˈpɑːθəsɪs/;haypothısis;The hypothesis was tested.;Hipotez test edildi.;3;4
identical;aynı / özdeş;/aɪˈdentɪkəl/;aydentikıl;The twins look identical.;İkizler aynı görünüyor.;3;4
ideology;ideoloji;/ˌaɪdiˈɑːlədʒi/;aydialoci;Ideology influences politics.;İdeoloji siyaseti etkiler.;7;4
implicit;örtük / ima edilen;/ɪmˈplɪsɪt/;implisit;The message was implicit.;Mesaj örtüktü.;3;4
incentive;teşvik;/ɪnˈsentɪv/;insentiv;Bonuses are a strong incentive.;Primler güçlü bir teşviktir.;2;4
incidence;görülme sıklığı;/ˈɪnsɪdəns/;insidıns;The incidence of flu increased.;Grip görülme sıklığı arttı.;3;4
inequality;eşitsizlik;/ˌɪnɪˈkwɑːləti/;inikwalıti;Income inequality is a major issue.;Gelir eşitsizliği büyük bir sorundur.;7;4
infrastructure;altyapı;/ˈɪnfrəstrʌktʃər/;infrastrakçır;The city needs better infrastructure.;Şehrin daha iyi altyapıya ihtiyacı var.;6;4
inhibit;engellemek;/ɪnˈhɪbɪt/;inhibıt;Fear can inhibit creativity.;Korku yaratıcılığı engelleyebilir.;3;4
integral;ayrılmaz / temel;/ˈɪntɪɡrəl/;intigrıl;Trust is integral to teamwork.;Güven ekip çalışmasının ayrılmaz parçasıdır.;3;4
legislation;mevzuat / yasa;/ˌledʒɪsˈleɪʃən/;legisleyşın;New legislation was introduced.;Yeni mevzuat getirildi.;2;4
liability;sorumluluk / yükümlülük;/ˌlaɪəˈbɪləti/;layıbılıti;The company accepted liability.;Şirket sorumluluğu kabul etti.;2;4
margin;pay / marj;/ˈmɑːrdʒɪn/;marcin;The profit margin is small.;Kar marjı küçük.;2;4
mechanism;mekanizma;/ˈmekənɪzəm/;mekanizım;The mechanism is simple.;Mekanizma basittir.;6;4
migration;göç;/maɪˈɡreɪʃən/;maygreyşın;Migration changed the city.;Göç şehri değiştirdi.;4;4
negotiation;müzakere;/nɪˌɡoʊʃiˈeɪʃən/;nigouşiyeyşın;The negotiation lasted hours.;Müzakere saatler sürdü.;2;4
neutral;tarafsız;/ˈnuːtrəl/;nuutrıl;The judge must remain neutral.;Hakim tarafsız kalmalı.;7;4
offset;dengelemek / telafi etmek;/ˈɔːfset/;ofset;Savings offset the extra cost.;Tasarruflar ek maliyeti telafi etti.;2;4
ongoing;devam eden;/ˈɑːnɡoʊɪŋ/;angouing;The investigation is ongoing.;Soruşturma devam ediyor.;1;4
outcome;sonuç;/ˈaʊtkʌm/;autkam;The outcome was unexpected.;Sonuç beklenmedikti.;3;4
paradigm;örnek model / paradigma;/ˈpærədaɪm/;peradaym;This changed the old paradigm.;Bu eski paradigmayı değiştirdi.;3;4
parameter;parametre;/pəˈræmɪtər/;pıremitır;Change the parameter value.;Parametre değerini değiştir.;6;4
perspective;bakış açısı;/pərˈspektɪv/;pörspektiv;Try to see another perspective.;Başka bir bakış açısı görmeye çalış.;3;4
preliminary;ön / başlangıç;/prɪˈlɪməneri/;prilimıneri;Preliminary results are positive.;Ön sonuçlar olumlu.;3;4
presume;varsaymak;/prɪˈzuːm/;prizuum;I presume he knows the rules.;Kuralları bildiğini varsayıyorum.;3;4
prevalence;yaygınlık;/ˈprevələns/;prevılııns;The prevalence of stress is high.;Stresin yaygınlığı yüksek.;3;4
projection;tahmin / projeksiyon;/prəˈdʒekʃən/;projekşın;The projection shows growth.;Tahmin büyüme gösteriyor.;3;4
protocol;protokol;/ˈproʊtəkɑːl/;protokol;Follow the safety protocol.;Güvenlik protokolünü takip et.;6;4
proximity;yakınlık;/prɑːkˈsɪməti/;praksimıti;Proximity to schools is an advantage.;Okullara yakınlık avantajdır.;4;4
quota;kota;/ˈkwoʊtə/;kvouta;The team reached its quota.;Takım kotasına ulaştı.;2;4
rational;mantıklı;/ˈræʃənəl/;reşınıl;It was a rational choice.;Mantıklı bir seçimdi.;3;4
revenue;gelir;/ˈrevənuː/;revenyu;Revenue increased this year.;Gelir bu yıl arttı.;2;4
sanction;yaptırım;/ˈsæŋkʃən/;senkşın;The country faced sanctions.;Ülke yaptırımlarla karşılaştı.;2;4
scenario;senaryo;/səˈnerioʊ/;sinerio;Consider every scenario.;Her senaryoyu düşün.;3;4
scope;kapsam;/skoʊp/;skoup;The scope of the project is wide.;Projenin kapsamı geniş.;3;4
sequence;sıra / dizilim;/ˈsiːkwəns/;siikvıns;Follow the correct sequence.;Doğru sırayı takip et.;3;4
shortage;kıtlık / eksiklik;/ˈʃɔːrtɪdʒ/;şortic;There is a water shortage.;Su kıtlığı var.;2;4
stakeholder;paydaş;/ˈsteɪkhoʊldər/;steykhouldır;Stakeholders discussed the plan.;Paydaşlar planı tartıştı.;2;4
substitute;yerine geçmek;/ˈsʌbstɪtuːt/;sabstituut;This can substitute sugar.;Bu şekerin yerine geçebilir.;2;4
surplus;fazla / artı;/ˈsɜːrpləs/;sörplıs;The country has a trade surplus.;Ülkenin ticaret fazlası var.;2;4
tactic;taktik;/ˈtæktɪk/;taktik;This tactic worked well.;Bu taktik iyi çalıştı.;2;4
terminology;terminoloji;/ˌtɜːrməˈnɑːlədʒi/;törmınaloci;Learn the basic terminology.;Temel terminolojiyi öğren.;3;4
threshold;eşik;/ˈθreʃhoʊld/;threşhould;The noise passed the threshold.;Gürültü eşiği geçti.;3;4
transaction;işlem;/trænˈzækʃən/;trenzekşın;The bank transaction failed.;Banka işlemi başarısız oldu.;2;4
transition;geçiş;/trænˈzɪʃən/;trenzışın;The transition was smooth.;Geçiş sorunsuzdu.;2;4
trendsetter;trend belirleyici;/ˈtrendsetər/;trendsetır;She is a trendsetter in fashion.;Modada trend belirleyicidir.;7;4
underlying;altta yatan;/ˌʌndərˈlaɪɪŋ/;andırlayıing;Find the underlying reason.;Altta yatan sebebi bul.;3;4
validity;geçerlilik;/vəˈlɪdəti/;vılidıti;Check the validity of the claim.;İddianın geçerliliğini kontrol et.;3;4
welfare;refah;/ˈwelfer/;velfer;Social welfare improved.;Sosyal refah gelişti.;7;4
accountability;hesap verebilirlik;/əˌkaʊntəˈbɪləti/;akauntıbılıti;Accountability is essential in leadership.;Liderlikte hesap verebilirlik önemlidir.;2;4
adaptation;uyum sağlama;/ˌædæpˈteɪʃən/;edepteyşın;Adaptation takes time.;Uyum sağlama zaman alır.;3;4
affiliation;bağlılık;/əˌfɪliˈeɪʃən/;afiliyeşın;He has strong political affiliation.;Güçlü siyasi bağlılığı var.;7;4
aggregation;toplama / birleştirme;/ˌæɡrɪˈɡeɪʃən/;agrigeyşın;Data aggregation is useful.;Veri birleştirme faydalıdır.;6;4
alignment;hizalama;/əˈlaɪnmənt/;alaynment;Check the alignment of goals.;Hedeflerin hizalamasını kontrol et.;2;4
ambiguity;belirsizlik;/ˌæmbɪˈɡjuːəti/;ambigyuıti;The sentence has ambiguity.;Cümlede belirsizlik var.;3;4
amplification;güçlendirme;/ˌæmplɪfɪˈkeɪʃən/;amplıfikeyşın;Amplification improves sound.;Güçlendirme sesi artırır.;6;4
annotation;not alma / açıklama;/ˌænəˈteɪʃən/;anıteyşın;Add annotations to the text.;Metne açıklamalar ekle.;3;4
anomaly;anormallik;/əˈnɑːməli/;anomali;This result is an anomaly.;Bu sonuç anormallik.;3;4
anticipation;beklenti;/ænˌtɪsɪˈpeɪʃən/;entisıpeyşın;There is great anticipation.;Büyük bir beklenti var.;3;4
applicability;uygulanabilirlik;/ˌæplɪkəˈbɪləti/;eplıkıbılıti;Check applicability first.;Önce uygulanabilirliği kontrol et.;3;4
appraisal;değerlendirme;/əˈpreɪzəl/;apreyzıl;The appraisal was positive.;Değerlendirme olumluydu.;2;4
articulation;ifade etme;/ɑːrˌtɪkjəˈleɪʃən/;artikyuleyşın;Clear articulation is important.;Net ifade önemlidir.;3;4
assimilation;özümseme;/əˌsɪməˈleɪʃən/;asimilayşın;Language assimilation takes time.;Dil özümsemesi zaman alır.;3;4
attribution;atıf;/ˌætrɪˈbjuːʃən/;atribyuşın;Give proper attribution.;Doğru atıf yap.;3;4
authenticity;özgünlük;/ˌɔːθenˈtɪsɪti/;othen tısıti;Authenticity builds trust.;Özgünlük güven oluşturur.;7;4
automation;otomasyon;/ˌɔːtəˈmeɪʃən/;otomasyon;Automation improves efficiency.;Otomasyon verimliliği artırır.;6;4
baseline;temel seviye;/ˈbeɪslaɪn/;beyslayn;Establish a baseline first.;Önce temel seviyeyi belirle.;3;4
benchmark;kıyas ölçütü;/ˈbentʃmɑːrk/;bençmark;Use this as a benchmark.;Bunu ölçüt olarak kullan.;2;4
boundary;sınır;/ˈbaʊndəri/;baundıri;Respect personal boundaries.;Kişisel sınırlara saygı duy.;3;4
calibration;kalibrasyon;/ˌkæləˈbreɪʃən/;kalibreyişın;Device calibration is needed.;Cihaz kalibrasyonu gerekli.;6;4
categorization;sınıflandırma;/ˌkætəɡərəˈzeɪʃən/;kategorizasyon;Categorization helps analysis.;Sınıflandırma analize yardımcı olur.;3;4
circulation;dolaşım;/ˌsɜːrkjəˈleɪʃən/;sörkyuleyşın;Blood circulation is important.;Kan dolaşımı önemlidir.;2;4
clarification;netleştirme;/ˌklærɪfɪˈkeɪʃən/;klerifikeyşın;Ask for clarification.;Netleştirme iste.;3;4
classification;sınıflandırma;/ˌklæsɪfɪˈkeɪʃən/;klasifikeyşın;Data classification is required.;Veri sınıflandırması gerekli.;3;4
compilation;derleme;/ˌkɑːmpɪˈleɪʃən/;kompıleyşın;The report is a compilation.;Rapor bir derlemedir.;6;4
compliance;uyum;/kəmˈplaɪəns/;komplayıns;Compliance is mandatory.;Uyum zorunludur.;2;4
composition;kompozisyon;/ˌkɑːmpəˈzɪʃən/;kompızışın;The composition is balanced.;Kompozisyon dengeli.;3;4
conceptual;kavramsal;/kənˈseptʃuəl/;konseptçuıl;This is a conceptual model.;Bu kavramsal bir modeldir.;3;4
configuration;yapılandırma;/kənˌfɪɡjəˈreɪʃən/;konfigüreyişın;Change the configuration.;Yapılandırmayı değiştir.;6;4
consolidation;sağlamlaştırma;/kənˌsɑːləˈdeɪʃən/;konsolideyşın;Consolidation is necessary.;Sağlamlaştırma gerekli.;2;4
constraint;kısıt;/kənˈstreɪnt/;konstreynt;Budget is a constraint.;Bütçe bir kısıttır.;2;4
contamination;kirlenme;/kənˌtæməˈneɪʃən/;kontamineyşın;Water contamination is dangerous.;Su kirlenmesi tehlikelidir.;5;4
convergence;yakınsama;/kənˈvɜːrdʒəns/;konvörcıns;Technological convergence occurs.;Teknolojik yakınsama gerçekleşir.;3;4
correlation coefficient;korelasyon katsayısı;/ˌkɔːrəˈleɪʃən/;korıleyşın;Calculate correlation coefficient.;Korelasyon katsayısını hesapla.;3;4
credibility gap;güven açığı;/ˌkredəˈbɪləti/;kredıbılıti;There is a credibility gap.;Güven açığı var.;7;4
decentralization;merkezsizleşme;/ˌdiːˌsentrəlaɪˈzeɪʃən/;disentrılayzeyşın;Decentralization increases flexibility.;Merkezsizleşme esnekliği artırır.;2;4
degradation;bozulma;/ˌdeɡrəˈdeɪʃən/;degrideyşın;Environmental degradation is serious.;Çevresel bozulma ciddidir.;5;4
deliberation;müzakere / düşünme;/dɪˌlɪbəˈreɪʃən/;dilibıreyşın;The decision needs deliberation.;Karar düşünme gerektirir.;3;4
density;yoğunluk;/ˈdensɪti/;densıti;Population density is high.;Nüfus yoğunluğu yüksek.;3;4
deployment;konuşlandırma;/dɪˈplɔɪmənt/;diploymınt;Software deployment succeeded.;Yazılım dağıtımı başarılı oldu.;6;4
differentiation;farklılaşma;/ˌdɪfərenʃiˈeɪʃən/;difırensiyeyşın;Product differentiation is key.;Ürün farklılaşması önemlidir.;3;4
discretional;isteğe bağlı;/dɪˈskreʃənəl/;diskreşınıl;This is a discretional choice.;Bu isteğe bağlı bir seçimdir.;7;4
disruption;kesinti / bozma;/dɪsˈrʌpʃən/;disrapşın;The storm caused disruption.;Fırtına kesintiye neden oldu.;2;4
diversification;çeşitlendirme;/daɪˌvɜːrsɪfɪˈkeɪʃən/;dayvörsıfikeyşın;Diversification reduces risk.;Çeşitlendirme riski azaltır.;2;4
documentation;dokümantasyon;/ˌdɑːkjəmenˈteɪʃən/;dokyümanteyşın;Good documentation is essential.;İyi dokümantasyon önemlidir.;6;4
efficiency ratio;verimlilik oranı;/ɪˈfɪʃənsi/;ifişınsi;Efficiency ratio improved.;Verimlilik oranı arttı.;2;4
elasticity;esneklik;/ɪˌlæˈstɪsəti/;elastisıti;Demand elasticity varies.;Talep esnekliği değişir.;2;4
elimination process;eleme süreci;/ɪˌlɪməˈneɪʃən/;ilımineyşın;Follow elimination process.;Eleme sürecini takip et.;2;4
empowerment;yetkilendirme;/ɪmˈpaʊərmənt/;impavırmınt;Employee empowerment increases productivity.;Çalışan yetkilendirme verimliliği artırır.;7;4
enclosure;kaplama / çevreleme;/ɪnˈkloʊʒər/;inkloujır;The animals stayed in the enclosure.;Hayvanlar kapalı alandaydı.;1;4
encryption;şifreleme;/ɪnˈkrɪpʃən/;inkripşın;Encryption protects data.;Şifreleme veriyi korur.;6;4
endorsement;destekleme;/ɪnˈdɔːrsmənt/;indorsmınt;The product got endorsement.;Ürün destek aldı.;2;4
enhancement;geliştirme;/ɪnˈhænsmənt/;inhansmınt;System enhancement continues.;Sistem geliştirme devam ediyor.;2;4
enrichment;zenginleştirme;/ɪnˈrɪtʃmənt/;inriçmınt;Knowledge enrichment is valuable.;Bilgi zenginleştirme değerlidir.;3;4
evaluation metric;değerlendirme ölçütü;/ɪˌvæljuˈeɪʃən/;ivelyueyşın;Use evaluation metrics.;Değerlendirme ölçütleri kullan.;3;4
execution;uygulama;/ˌeksɪˈkjuːʃən/;eksikyuuşın;Plan execution is important.;Planın uygulanması önemlidir.;2;4
expansion rate;genişleme oranı;/ɪkˈspænʃən/;ekspenşın;Expansion rate increased.;Genişleme oranı arttı.;2;4
exploitation;sömürü / kullanım;/ˌeksplɔɪˈteɪʃən/;eksployteyşın;Resource exploitation must be controlled.;Kaynak kullanımı kontrol edilmelidir.;2;4
facilitation;kolaylaştırma;/fəˌsɪlɪˈteɪʃən/;fesılıteyşın;Facilitation improves learning.;Kolaylaştırma öğrenmeyi artırır.;2;4
fragmentation;parçalanma;/ˌfræɡmənˈteɪʃən/;fragmente yşın;Market fragmentation increased.;Pazar parçalanması arttı.;3;4
globalization;küreselleşme;/ˌɡloʊbələˈzeɪʃən/;globılayzeyşın;Globalization affects economies.;Küreselleşme ekonomileri etkiler.;2;4
hierarchy level;hiyerarşi seviyesi;/ˈhaɪərɑːrki/;hayırarki;Check hierarchy levels.;Hiyerarşi seviyelerini kontrol et.;3;4
hypothesis testing;hipotez testi;/haɪˈpɑːθəsɪs/;haypothısis;Hypothesis testing is necessary.;Hipotez testi gereklidir.;3;4
implementation phase;uygulama aşaması;/ˌɪmplɪmenˈteɪʃən/;implimente yşın;Enter implementation phase.;Uygulama aşamasına geç.;2;4
implication;çıkarım;/ˌɪmplɪˈkeɪʃən/;implikeyşın;The implication is clear.;Çıkarım açık.;3;4
innovation rate;yenilik oranı;/ˌɪnəˈveɪʃən/;inoveyşın;Innovation rate is rising.;Yenilik oranı artıyor.;2;4
integration;entegrasyon;/ˌɪntɪˈɡreɪʃən/;integrasyon;System integration is complete.;Sistem entegrasyonu tamamlandı.;6;4
interaction level;etkileşim seviyesi;/ˌɪntərˈækʃən/;interakşın;Interaction level is high.;Etkileşim seviyesi yüksek.;7;4
intervention;müdahale;/ˌɪntərˈvenʃən/;intervenshın;Government intervention increased.;Devlet müdahalesi arttı.;2;4
iteration;yineleme;/ˌɪtəˈreɪʃən/;iterasyon;Each iteration improves results.;Her yineleme sonucu geliştirir.;6;4
justification;gerekçelendirme;/ˌdʒʌstɪfɪˈkeɪʃən/;castıfikeyşın;Provide justification.;Gerekçe sun.;3;4
knowledge transfer;bilgi aktarımı;/ˈnɑːlɪdʒ/;nalıc;Knowledge transfer is essential.;Bilgi aktarımı önemlidir.;6;4
limitation;sınırlama;/ˌlɪmɪˈteɪʃən/;limitasyon;Identify limitations.;Sınırlamaları belirle.;3;4
logical framework;mantıksal çerçeve;/ˈlɒdʒɪkəl/;locikıl;Build a logical framework.;Mantıksal çerçeve kur.;3;4
maintenance cost;bakım maliyeti;/ˈmeɪntənəns/;meyntınıns;Maintenance cost is high.;Bakım maliyeti yüksek.;2;4
methodology;metodoloji;/ˌmeθəˈdɑːlədʒi/;metadoloji;Choose the right methodology.;Doğru metodolojiyi seç.;3;4
monitoring system;izleme sistemi;/ˈmɑːnɪtərɪŋ/;monitöring;Monitoring system works.;İzleme sistemi çalışıyor.;6;4
multiplier effect;çarpan etkisi;/ˈmʌltɪplaɪər/;maltıplayır;Multiplier effect boosts growth.;Çarpan etkisi büyümeyi artırır.;2;4
normalization;normalleştirme;/ˌnɔːrmələˈzeɪʃən/;normalıze yşın;Data normalization is needed.;Veri normalleştirme gerekli.;6;4
optimization;optimizasyon;/ˌɑːptɪməˈzeɪʃən/;optimıze yşın;Optimization improves speed.;Optimizasyon hızı artırır.;6;4
participation rate;katılım oranı;/pɑːrˌtɪsɪˈpeɪʃən/;partisıpeyşın;Participation rate increased.;Katılım oranı arttı.;7;4
performance metric;performans ölçütü;/pərˈfɔːrməns/;performıns;Use performance metrics.;Performans ölçütleri kullan.;2;4
predictive model;tahmin modeli;/prɪˈdɪktɪv/;pridiktiv;Predictive model helps decisions.;Tahmin modeli kararları destekler.;6;4
prioritization;önceliklendirme;/praɪˌɔːrətaɪˈzeɪʃən/;prayorıtayzeyşın;Prioritization is needed.;Önceliklendirme gerekli.;2;4
probability;olasılık;/ˌprɑːbəˈbɪləti/;probıbılıti;Calculate probability.;Olasılığı hesapla.;3;4
productivity;üretkenlik;/ˌproʊdʌkˈtɪvəti/;prodaktivıti;Productivity increased.;Üretkenlik arttı.;2;4
projection model;projeksiyon modeli;/prəˈdʒekʃən/;projekşın;Use projection models.;Projeksiyon modelleri kullan.;6;4
qualitative;niteliksel;/ˈkwɑːlɪteɪtɪv/;kvaliteytiv;Use qualitative data.;Niteliksel veri kullan.;3;4
quantitative;niceliksel;/ˈkwɑːntɪteɪtɪv/;kvantiteytiv;Quantitative analysis is precise.;Niceliksel analiz kesindir.;3;4
resource allocation;kaynak tahsisi;/rɪˈsɔːrs/;risors;Resource allocation matters.;Kaynak tahsisi önemlidir.;2;4
risk assessment;risk değerlendirmesi;/rɪsk/;risk;Do risk assessment.;Risk değerlendirmesi yap.;2;4
scenario analysis;senaryo analizi;/səˈnerioʊ/;sinerio;Perform scenario analysis.;Senaryo analizi yap.;3;4
standardization;standardizasyon;/ˌstændərdɪˈzeɪʃən/;standartizeyşın;Standardization improves quality.;Standardizasyon kaliteyi artırır.;2;4
sustainability;sürdürülebilirlik;/səˌsteɪnəˈbɪləti/;sosteynıbılıti;Sustainability is important.;Sürdürülebilirlik önemlidir.;5;4
validation;doğrulama;/ˌvælɪˈdeɪʃən/;valıdeyşın;Data validation is required.;Veri doğrulama gereklidir.;3;4
variability;değişkenlik;/ˌveriəˈbɪləti/;veriıbılıti;Variability affects results.;Değişkenlik sonuçları etkiler.;3;4
workflow;iş akışı;/ˈwɜːrkfloʊ/;ورکflo;Improve workflow efficiency.;İş akışını geliştir.;6;4
adhere to;uymak / bağlı kalmak;/ədˈhɪr/;edhir;You must adhere to the rules.;Kurallara uymalısın.;2;4
adjacent to;bitişik olmak;/əˈdʒeɪsənt/;eceysınt;The building is adjacent to the park.;Bina parka bitişik.;1;4
aggregate;toplamak / birleştirmek;/ˈæɡrɪɡeɪt/;agrigeyt;Aggregate the data.;Veriyi birleştir.;6;4
albeit;#AD?;/ɔːlˈbiːɪt/;olbiit;It was expensive, albeit useful.;Pahalıydı ama faydalıydı.;3;4
allocate resources;kaynak tahsis etmek;/ˈæləkeɪt/;alokeyt;Allocate resources carefully.;Kaynakları dikkatli tahsis et.;2;4
alternative approach;alternatif yaklaşım;/ɔːlˈtɜːrnətɪv/;oltörnətiv;Try an alternative approach.;Alternatif bir yaklaşım dene.;3;4
ambiguous result;belirsiz sonuç;/æmˈbɪɡjuəs/;ambigyuıs;The result is ambiguous.;Sonuç belirsiz.;3;4
analyze deeply;derinlemesine analiz etmek;/ˈænəlaɪz/;enelayz;Analyze the problem deeply.;Problemi derinlemesine analiz et.;3;4
anticipate change;değişimi öngörmek;/ænˈtɪsɪpeɪt/;entisıpeyt;Anticipate future changes.;Gelecek değişimleri öngör.;2;4
apply method;yöntem uygulamak;/əˈplaɪ/;eplay;Apply the method correctly.;Yöntemi doğru uygula.;3;4
assess risk;riski değerlendirmek;/əˈses/;eses;Assess risks carefully.;Riskleri dikkatle değerlendir.;2;4
assumption;varsayım;/əˈsʌmpʃən/;asampşın;This assumption is incorrect.;Bu varsayım yanlış.;3;4
assurance;güvence;/əˈʃʊrəns/;aşurıns;He gave assurance.;Güvence verdi.;2;4
attach value;değer vermek;/əˈtætʃ/;eteç;Attach value to honesty.;Dürüstlüğe değer ver.;7;4
attain goal;hedefe ulaşmak;/əˈteɪn/;eteyn;Attain your goals.;Hedeflerine ulaş.;2;4
attribute cause;sebep atfetmek;/əˈtrɪbjuːt/;atribyut;Attribute the cause correctly.;Sebebi doğru atfet.;3;4
aware of risk;riskin farkında;/əˈwer/;ever;Be aware of risks.;Risklerin farkında ol.;2;4
barrier effect;engel etkisi;/ˈbæriər/;beriyır;Barrier effects limit progress.;Engel etkileri ilerlemeyi sınırlar.;3;4
capability;kapasite / yetenek;/ˌkeɪpəˈbɪləti/;keypıbılıti;Improve your capability.;Yeteneğini geliştir.;2;4
clarification process;netleştirme süreci;/ˌklærɪfɪˈkeɪʃən/;klerifikeyşın;Start clarification process.;Netleştirme sürecine başla.;3;4
coherent idea;tutarlı fikir;/koʊˈhɪrənt/;kohirınt;Present a coherent idea.;Tutarlı bir fikir sun.;3;4
coincide with;çakışmak;/ˌkoʊɪnˈsaɪd/;koinsayd;Dates coincide with events.;Tarihler olaylarla çakışıyor.;3;4
compelling argument;ikna edici argüman;/kəmˈpelɪŋ/;کمپeling;Provide a compelling argument.;İkna edici argüman sun.;7;4
compensate loss;kaybı telafi etmek;/ˈkɑːmpenseɪt/;kompenseyt;Compensate your loss.;Kaybını telafi et.;2;4
complexity level;karmaşıklık seviyesi;/kəmˈpleksɪti/;kompleksti;Complexity level is high.;Karmaşıklık seviyesi yüksek.;3;4
conceive plan;plan tasarlamak;/kənˈsiːv/;konsiiv;Conceive a plan.;Bir plan tasarla.;3;4
conduct survey;anket yapmak;/kənˈdʌkt/;kondakt;Conduct a survey.;Anket yap.;3;4
confer decision;karar görüşmek;/kənˈfɜːr/;کنför;Confer before decision.;Karardan önce görüş.;2;4
considerable impact;önemli etki;/kənˈsɪdərəbəl/;konsidırıbıl;It has considerable impact.;Önemli etkisi var.;2;4
consistent result;tutarlı sonuç;/kənˈsɪstənt/;konsistınt;Results are consistent.;Sonuçlar tutarlı.;3;4
constitute factor;faktör oluşturmak;/ˈkɑːnstɪtuːt/;konstıtut;This constitutes a factor.;Bu bir faktör oluşturur.;3;4
constrain system;sistemi sınırlamak;/kənˈstreɪn/;konstreynt;Rules constrain the system.;Kurallar sistemi sınırlar.;6;4
consult expert;uzmana danışmak;/kənˈsʌlt/;konsalt;Consult an expert.;Uzmana danış.;2;4
contemporary issue;çağdaş sorun;/kənˈtempəreri/;kontempıreri;Discuss contemporary issues.;Güncel sorunları tartış.;3;4
contradict evidence;kanıtla çelişmek;/ˌkɑːntrəˈdɪkt/;kontradikt;This contradicts evidence.;Bu kanıtla çelişiyor.;3;4
convey meaning;anlam iletmek;/kənˈveɪ/;konvey;Convey meaning clearly.;Anlamı açıkça ilet.;7;4
core concept;temel kavram;/kɔːr/;kor;Understand core concepts.;Temel kavramları anla.;3;4
criteria set;kriter seti;/kraɪˈtɪriə/;kraytiria;Define criteria set.;Kriter seti tanımla.;3;4
crucial role;kritik rol;/ˈkruːʃəl/;kruuşıl;It plays a crucial role.;Kritik rol oynar.;2;4
decline rate;düşüş oranı;/dɪˈklaɪn/;diklayn;Decline rate increased.;Düşüş oranı arttı.;2;4
deduce result;sonuç çıkarmak;/dɪˈduːs/;diduus;Deduce the result.;Sonucu çıkar.;3;4
demonstrate skill;beceri göstermek;/ˈdemənstreɪt/;demınstreyt;Demonstrate your skills.;Becerilerini göster.;2;4
derive formula;formül türetmek;/dɪˈraɪv/;dirayv;Derive the formula.;Formülü türet.;3;4
diminish effect;etkiyi azaltmak;/dɪˈmɪnɪʃ/;diminış;Diminish negative effects.;Olumsuz etkileri azalt.;2;4
distinct feature;belirgin özellik;/dɪˈstɪŋkt/;distingkt;It has distinct features.;Belirgin özellikleri var.;3;4
distribute goods;mal dağıtmak;/dɪˈstrɪbjuːt/;distribyut;Distribute goods evenly.;Malları eşit dağıt.;2;4
diverse population;çeşitli nüfus;/daɪˈvɜːrs/;dayvörs;A diverse population exists.;Çeşitli nüfus var.;7;4
dynamic system;dinamik sistem;/daɪˈnæmɪk/;daynamik;The system is dynamic.;Sistem dinamik.;6;4
eliminate error;hatayı ortadan kaldırmak;/ɪˈlɪmɪneɪt/;ilımineyt;Eliminate errors quickly.;Hataları hızlıca kaldır.;6;4
emerge suddenly;aniden ortaya çıkmak;/ɪˈmɜːrdʒ/;imörc;Problems emerged suddenly.;Sorunlar aniden ortaya çıktı.;1;4
emphasize importance;önemi vurgulamak;/ˈemfəsaɪz/;emfısayz;Emphasize importance.;Önemi vurgula.;3;4
enable system;sistemi mümkün kılmak;/ɪˈneɪbəl/;ineybıl;Technology enables systems.;Teknoloji sistemleri mümkün kılar.;6;4
encounter issue;sorunla karşılaşmak;/ɪnˈkaʊntər/;inkauntır;Encounter issues often.;Sık sorunlarla karşılaş.;1;4
enhance quality;kaliteyi artırmak;/ɪnˈhæns/;inhans;Enhance quality.;Kaliteyi artır.;2;4
ensure safety;güvenliği sağlamak;/ɪnˈʃʊr/;inşur;Ensure safety always.;Güvenliği sağla.;5;4
entity type;varlık türü;/ˈentɪti/;entiti;Define entity type.;Varlık türünü tanımla.;3;4
equivalent value;eşdeğer değer;/ɪˈkwɪvələnt/;ikvivılent;Values are equivalent.;Değerler eşdeğer.;2;4
establish system;sistem kurmak;/ɪˈstæblɪʃ/;istabliş;Establish a system.;Bir sistem kur.;6;4
evaluate performance;performansı değerlendirmek;/ɪˈvæljueɪt/;ivelyueyt;Evaluate performance.;Performansı değerlendir.;2;4
exceed limit;sınırı aşmak;/ɪkˈsiːd/;iksiid;Do not exceed limit.;Sınırı aşma.;2;4
expand capacity;kapasiteyi genişletmek;/ɪkˈspænd/;ekspend;Expand capacity.;Kapasiteyi artır.;2;4
exploit opportunity;fırsatı değerlendirmek;/ɪkˈsplɔɪt/;eksployt;Exploit opportunities.;Fırsatları değerlendir.;2;4
facilitate process;süreci kolaylaştırmak;/fəˈsɪlɪteɪt/;fesılıteyt;Facilitate process.;Süreci kolaylaştır.;2;4
generate output;çıktı üretmek;/ˈdʒenəreɪt/;cenereyt;Generate output.;Çıktı üret.;6;4
implement solution;çözüm uygulamak;/ˈɪmpləment/;implımınt;Implement solution.;Çözümü uygula.;2;4
interpret result;sonucu yorumlamak;/ɪnˈtɜːrprət/;intörprıt;Interpret results.;Sonuçları yorumla.;3;4
justify action;eylemi gerekçelendirmek;/ˈdʒʌstɪfaɪ/;castifay;Justify your action.;Eylemini gerekçelendir.;3;4
maintain system;sistemi sürdürmek;/meɪnˈteɪn/;meynteyn;Maintain system.;Sistemi sürdür.;6;4
maximize output;çıktıyı artırmak;/ˈmæksɪmaɪz/;meksımayz;Maximize output.;Çıktıyı artır.;2;4
minimize cost;maliyeti azaltmak;/ˈmɪnɪmaɪz/;minımayz;Minimize cost.;Maliyeti azalt.;2;4
modify plan;planı değiştirmek;/ˈmɑːdɪfaɪ/;madıfay;Modify plan.;Planı değiştir.;2;4
monitor system;sistemi izlemek;/ˈmɑːnɪtər/;manitır;Monitor system.;Sistemi izle.;6;4
obtain data;veri elde etmek;/əbˈteɪn/;obteyn;Obtain data.;Veri elde et.;6;4
perceive change;değişimi algılamak;/pərˈsiːv/;pörsiiv;Perceive changes.;Değişimleri algıla.;3;4
prioritize task;görevi önceliklendirmek;/praɪˈɔːrətaɪz/;prayorıtayz;Prioritize tasks.;Görevleri önceliklendir.;2;4
pursue strategy;strateji izlemek;/pərˈsuː/;pörsuu;Pursue strategy.;Strateji izle.;2;4
refine method;yöntemi geliştirmek;/rɪˈfaɪn/;rifayn;Refine method.;Yöntemi geliştir.;3;4
reinforce idea;fikri güçlendirmek;/ˌriːɪnˈfɔːrs/;riinforz;Reinforce idea.;Fikri güçlendir.;7;4
resolve issue;sorunu çözmek;/rɪˈzɑːlv/;rizolv;Resolve issue.;Sorunu çöz.;2;4
retain knowledge;bilgiyi korumak;/rɪˈteɪn/;riteyn;Retain knowledge.;Bilgiyi koru.;3;4
stimulate growth;büyümeyi teşvik etmek;/ˈstɪmjuleɪt/;stimyuleyt;Stimulate growth.;Büyümeyi teşvik et.;2;4
sustain system;sistemi sürdürmek;/səˈsteɪn/;sosteyn;Sustain system.;Sistemi sürdür.;6;4
transform data;veriyi dönüştürmek;/trænsˈfɔːrm/;transform;Transform data.;Veriyi dönüştür.;6;4
utilize tool;aracı kullanmak;/ˈjuːtəlaɪz/;yuutılayz;Utilize tools.;Araçları kullan.;6;4
abate;azalmak;/əˈbeɪt/;ebeyt;The storm began to abate.;Fırtına azalmaya başladı.;2;4
abrupt;ani;/əˈbrʌpt/;ebrapt;There was an abrupt change.;Ani bir değişim oldu.;1;4
absorb;emmek / özümsemek;/əbˈzɔːrb/;abzorb;Plants absorb water.;Bitkiler su emer.;3;4
abundant;bol;/əˈbʌndənt/;abandınt;Food is abundant here.;Burada yiyecek bol.;1;4
accelerate;hızlandırmak;/əkˈseləreɪt/;akselereyt;Technology accelerates growth.;Teknoloji büyümeyi hızlandırır.;2;4
accessible;erişilebilir;/əkˈsesəbəl/;aksesıbıl;The website is accessible.;Web sitesi erişilebilir.;1;4
accompany;eşlik etmek;/əˈkʌmpəni/;akampeni;She accompanied me.;Bana eşlik etti.;1;4
accomplish task;görevi tamamlamak;/əˈkʌmplɪʃ/;akamplış;Accomplish the task quickly.;Görevi hızlıca tamamla.;2;4
accumulate data;veri biriktirmek;/əˈkjuːmjəleɪt/;ekyumyuleyt;Data accumulates fast.;Veri hızlı birikir.;6;4
accurate result;doğru sonuç;/ˈækjərət/;ekyırıt;The result is accurate.;Sonuç doğru.;3;4
acquire skill;beceri edinmek;/əˈkwaɪər/;akwayır;Acquire new skills.;Yeni beceriler edin.;3;4
adapt quickly;hızlı uyum sağlamak;/əˈdæpt/;edapt;Adapt quickly to changes.;Değişimlere hızlı uyum sağla.;1;4
adequate supply;yeterli tedarik;/ˈædɪkwət/;edikvıt;Supply is adequate.;Tedarik yeterli.;2;4
adjust level;seviyeyi ayarlamak;/əˈdʒʌst/;ecest;Adjust the level.;Seviyeyi ayarla.;2;4
administer;yönetmek;/ədˈmɪnɪstər/;administır;He administers the system.;Sistemi yönetir.;2;4
advance rapidly;hızlı ilerlemek;/ədˈvæns/;edvans;Technology advances rapidly.;Teknoloji hızlı ilerler.;2;4
advocate change;değişimi savunmak;/ˈædvəkeɪt/;edvokeyt;Advocate positive change.;Olumlu değişimi savun.;7;4
allocate budget;bütçe ayırmak;/ˈæləkeɪt/;alokeyt;Allocate the budget wisely.;Bütçeyi akıllıca ayır.;2;4
alter structure;yapıyı değiştirmek;/ˈɔːltər/;oltır;Alter the structure.;Yapıyı değiştir.;6;4
analyze pattern;kalıbı analiz etmek;/ˈænəlaɪz/;enelayz;Analyze the pattern.;Kalıbı analiz et.;3;4
anticipate demand;talebi öngörmek;/ænˈtɪsɪpeɪt/;entisıpeyt;Anticipate demand.;Talebi öngör.;2;4
apparent reason;açık sebep;/əˈpærənt/;eperınt;The reason is apparent.;Sebep açık.;3;4
appeal strongly;güçlü çekmek;/əˈpiːl/;epiil;The idea appeals strongly.;Fikir güçlü şekilde çekiyor.;7;4
apply knowledge;bilgiyi uygulamak;/əˈplaɪ/;eplay;Apply knowledge.;Bilgiyi uygula.;3;4
assess situation;durumu değerlendirmek;/əˈses/;eses;Assess the situation.;Durumu değerlendir.;3;4
assume responsibility;sorumluluk almak;/əˈsuːm/;asuum;Assume responsibility.;Sorumluluk al.;2;4
assure quality;kaliteyi garanti etmek;/əˈʃʊr/;aşur;Assure quality.;Kaliteyi garanti et.;2;4
attach file;dosya eklemek;/əˈtætʃ/;eteç;Attach the file.;Dosyayı ekle.;6;4
attain success;başarıya ulaşmak;/əˈteɪn/;eteyn;Attain success.;Başarıya ulaş.;2;4
attribute success;başarıyı atfetmek;/əˈtrɪbjuːt/;atribyut;Attribute success correctly.;Başarıyı doğru atfet.;3;4
aware decision;bilinçli karar;/əˈwer/;ever;Make aware decisions.;Bilinçli kararlar ver.;3;4
beneficial outcome;faydalı sonuç;/ˌbenɪˈfɪʃəl/;benefişıl;Outcome is beneficial.;Sonuç faydalı.;2;4
bias influence;önyargı etkisi;/ˈbaɪəs/;bayıs;Bias influences decisions.;Önyargı kararları etkiler.;3;4
capable worker;yetenekli çalışan;/ˈkeɪpəbəl/;keypıbıl;He is capable.;O yeteneklidir.;2;4
clarify issue;konuyu netleştirmek;/ˈklærɪfaɪ/;klerifay;Clarify the issue.;Konuyu netleştir.;3;4
coherent plan;tutarlı plan;/koʊˈhɪrənt/;kohirınt;The plan is coherent.;Plan tutarlı.;3;4
coincide dates;tarihlerin çakışması;/ˌkoʊɪnˈsaɪd/;koinsayd;Dates coincide.;Tarihler çakışıyor.;1;4
compel action;eyleme zorlamak;/kəmˈpel/;کمپel;Facts compel action.;Gerçekler eyleme zorlar.;7;4
compensate damage;zararı telafi etmek;/ˈkɑːmpenseɪt/;kompenseyt;Compensate damage.;Zararı telafi et.;2;4
complex issue;karmaşık konu;/ˈkɑːmpleks/;komplekks;This is complex.;Bu karmaşık.;3;4
conceive idea;fikir tasarlamak;/kənˈsiːv/;konsiiv;Conceive new ideas.;Yeni fikirler tasarla.;3;4
conduct experiment;deney yapmak;/kənˈdʌkt/;kondakt;Conduct an experiment.;Deney yap.;3;4
confer authority;yetki vermek;/kənˈfɜːr/;کنför;Confer authority.;Yetki ver.;2;4
considerable effort;önemli çaba;/kənˈsɪdərəbəl/;konsidırıbıl;It needs effort.;Çaba gerektirir.;2;4
consistent performance;tutarlı performans;/kənˈsɪstənt/;konsistınt;Maintain consistent performance.;Tutarlı performans sürdür.;2;4
constitute element;unsur oluşturmak;/ˈkɑːnstɪtuːt/;konstıtut;It constitutes an element.;Bir unsur oluşturur.;3;4
constrain growth;büyümeyi sınırlamak;/kənˈstreɪn/;konstreynt;Constraints limit growth.;Kısıtlar büyümeyi sınırlar.;2;4
consult report;rapora danışmak;/kənˈsʌlt/;konsalt;Consult the report.;Raporu incele.;2;4
contemporary trend;güncel trend;/kənˈtempəreri/;kontempıreri;Follow trends.;Trendleri takip et.;2;4
contradict claim;iddiayı çürütmek;/ˌkɑːntrəˈdɪkt/;kontradikt;Evidence contradicts claim.;Kanıt iddiayı çürütür.;3;4
convey information;bilgi iletmek;/kənˈveɪ/;konvey;Convey information.;Bilgi ilet.;7;4
core principle;temel ilke;/kɔːr/;kor;Follow core principles.;Temel ilkelere uy.;3;4
criteria selection;kriter seçimi;/kraɪˈtɪriə/;kraytiria;Choose criteria.;Kriter seç.;3;4
crucial decision;kritik karar;/ˈkruːʃəl/;kruuşıl;Make crucial decisions.;Kritik karar ver.;2;4
decline trend;düşüş trendi;/dɪˈklaɪn/;diklayn;Decline continues.;Düşüş devam ediyor.;2;4
deduce conclusion;sonuç çıkarmak;/dɪˈduːs/;diduus;Deduce conclusion.;Sonuç çıkar.;3;4
demonstrate ability;yetenek göstermek;/ˈdemənstreɪt/;demınstreyt;Demonstrate ability.;Yetenek göster.;2;4
derive benefit;fayda elde etmek;/dɪˈraɪv/;dirayv;Derive benefits.;Fayda elde et.;2;4
diminish value;değeri azaltmak;/dɪˈmɪnɪʃ/;diminış;Value diminished.;Değer azaldı.;2;4
distinct difference;belirgin fark;/dɪˈstɪŋkt/;distingkt;There is a difference.;Bir fark var.;3;4
distribute resources;kaynak dağıtmak;/dɪˈstrɪbjuːt/;distribyut;Distribute resources.;Kaynakları dağıt.;2;4
diverse options;çeşitli seçenekler;/daɪˈvɜːrs/;dayvörs;Many options exist.;Birçok seçenek var.;3;4
dynamic change;dinamik değişim;/daɪˈnæmɪk/;daynamik;Dynamic change occurs.;Dinamik değişim olur.;2;4
eliminate risk;riski ortadan kaldırmak;/ɪˈlɪmɪneɪt/;ilımineyt;Eliminate risk.;Riski kaldır.;5;4
emerge gradually;yavaş ortaya çıkmak;/ɪˈmɜːrdʒ/;imörc;Problems emerge gradually.;Sorunlar yavaş ortaya çıkar.;1;4
emphasize detail;detayı vurgulamak;/ˈemfəsaɪz/;emfısayz;Emphasize details.;Detayları vurgula.;3;4
enable function;işlevi sağlamak;/ɪˈneɪbəl/;ineybıl;Enable function.;İşlevi sağla.;6;4
encounter challenge;zorlukla karşılaşmak;/ɪnˈkaʊntər/;inkauntır;Encounter challenges.;Zorluklarla karşılaş.;1;4
enhance efficiency;verimliliği artırmak;/ɪnˈhæns/;inhans;Enhance efficiency.;Verimliliği artır.;2;4
ensure result;sonucu garanti etmek;/ɪnˈʃʊr/;inşur;Ensure results.;Sonucu garanti et.;2;4
entity structure;varlık yapısı;/ˈentɪti/;entiti;Define structure.;Yapıyı tanımla.;6;4
equivalent amount;eşdeğer miktar;/ɪˈkwɪvələnt/;ikvivılent;Amount is equivalent.;Miktar eşdeğer.;2;4
establish method;yöntem kurmak;/ɪˈstæblɪʃ/;istabliş;Establish method.;Yöntem kur.;3;4
evaluate data;veri değerlendirmek;/ɪˈvæljueɪt/;ivelyueyt;Evaluate data.;Veriyi değerlendir.;3;4
exceed expectation;beklentiyi aşmak;/ɪkˈsiːd/;iksiid;Exceed expectations.;Beklentiyi aş.;2;4
expand market;pazarı genişletmek;/ɪkˈspænd/;ekspend;Expand market.;Pazarı büyüt.;2;4
exploit resource;kaynağı kullanmak;/ɪkˈsplɔɪt/;eksployt;Exploit resource.;Kaynağı kullan.;2;4
facilitate learning;öğrenmeyi kolaylaştırmak;/fəˈsɪlɪteɪt/;fesılıteyt;Facilitate learning.;Öğrenmeyi kolaylaştır.;3;4
generate idea;fikir üretmek;/ˈdʒenəreɪt/;cenereyt;Generate ideas.;Fikir üret.;3;4
implement change;değişim uygulamak;/ˈɪmpləment/;implımınt;Implement change.;Değişim uygula.;2;4
interpret data;veri yorumlamak;/ɪnˈtɜːrprət/;intörprıt;Interpret data.;Veriyi yorumla.;3;4
justify decision;kararı gerekçelendirmek;/ˈdʒʌstɪfaɪ/;castifay;Justify decisions.;Kararı gerekçelendir.;3;4
maintain balance;dengeyi korumak;/meɪnˈteɪn/;meynteyn;Maintain balance.;Dengeyi koru.;2;4
maximize profit;karı artırmak;/ˈmæksɪmaɪz/;meksımayz;Maximize profit.;Karı artır.;2;4
minimize error;hatayı azaltmak;/ˈmɪnɪmaɪz/;minımayz;Minimize error.;Hatayı azalt.;2;4
modify system;sistemi değiştirmek;/ˈmɑːdɪfaɪ/;madıfay;Modify system.;Sistemi değiştir.;6;4
monitor progress;ilerlemeyi izlemek;/ˈmɑːnɪtər/;manitır;Monitor progress.;İlerlemeyi takip et.;2;4
obtain information;bilgi elde etmek;/əbˈteɪn/;obteyn;Obtain information.;Bilgi edin.;3;4
perceive trend;trendi algılamak;/pərˈsiːv/;pörsiiv;Perceive trends.;Trendleri algıla.;3;4
prioritize goal;hedefi önceliklendirmek;/praɪˈɔːrətaɪz/;prayorıtayz;Prioritize goals.;Hedefleri önceliklendir.;2;4
pursue objective;hedefi takip etmek;/pərˈsuː/;pörsuu;Pursue objectives.;Hedefleri takip et.;2;4
refine strategy;stratejiyi geliştirmek;/rɪˈfaɪn/;rifayn;Refine strategy.;Stratejiyi geliştir.;2;4
reinforce system;sistemi güçlendirmek;/ˌriːɪnˈfɔːrs/;riinforz;Reinforce system.;Sistemi güçlendir.;6;4
resolve conflict;çatışmayı çözmek;/rɪˈzɑːlv/;rizolv;Resolve conflict.;Çatışmayı çöz.;7;4
retain data;veriyi saklamak;/rɪˈteɪn/;riteyn;Retain data.;Veriyi sakla.;6;4
stimulate innovation;yeniliği teşvik etmek;/ˈstɪmjuleɪt/;stimyuleyt;Stimulate innovation.;Yeniliği teşvik et.;2;4
sustain growth;büyümeyi sürdürmek;/səˈsteɪn/;sosteyn;Sustain growth.;Büyümeyi sürdür.;2;4
transform system;sistemi dönüştürmek;/trænsˈfɔːrm/;transform;Transform system.;Sistemi dönüştür.;6;4
utilize resource;kaynağı kullanmak;/ˈjuːtəlaɪz/;yuutılayz;Utilize resources.;Kaynakları kullan.;6;4
abolish;kaldırmak (yasa vb.);/əˈbɑːlɪʃ/;abolış;The law was abolished.;Yasa kaldırıldı.;2;4
absorb knowledge;bilgi özümsemek;/əbˈzɔːrb/;abzorb;Students absorb knowledge quickly.;Öğrenciler bilgiyi hızlıca özümser.;3;4
accelerate growth;büyümeyi hızlandırmak;/əkˈseləreɪt/;akselereyt;Policies accelerate growth.;Politikalar büyümeyi hızlandırır.;2;4
accessible area;erişilebilir alan;/əkˈsesəbəl/;aksesıbıl;The area is accessible.;Alan erişilebilir.;4;4
accompany process;sürece eşlik etmek;/əˈkʌmpəni/;akampeni;Data accompanies the process.;Veri sürece eşlik eder.;2;4
accomplish objective;hedefi başarmak;/əˈkʌmplɪʃ/;akamplış;Accomplish the objective.;Hedefi tamamla.;2;4
accumulate wealth;servet biriktirmek;/əˈkjuːmjəleɪt/;ekyumyuleyt;He accumulated wealth.;Servet biriktirdi.;2;4
accurate analysis;doğru analiz;/ˈækjərət/;ekyırıt;Provide accurate analysis.;Doğru analiz sun.;3;4
acquire experience;deneyim kazanmak;/əˈkwaɪər/;akwayır;Acquire experience.;Deneyim kazan.;3;4
adapt environment;ortama uyum sağlamak;/əˈdæpt/;edapt;Adapt to environment.;Ortama uyum sağla.;4;4
adequate condition;yeterli durum;/ˈædɪkwət/;edikvıt;Conditions are adequate.;Koşullar yeterli.;3;4
adjust parameters;parametreleri ayarlamak;/əˈdʒʌst/;ecest;Adjust parameters.;Parametreleri ayarla.;6;4
administer program;program yönetmek;/ədˈmɪnɪstər/;administır;Administer the program.;Programı yönet.;2;4
advance technology;teknolojiyi ilerletmek;/ədˈvæns/;edvans;Advance technology.;Teknolojiyi geliştir.;6;4
advocate policy;politika savunmak;/ˈædvəkeɪt/;edvokeyt;Advocate new policies.;Yeni politikaları savun.;2;4
allocate funds;fon tahsis etmek;/ˈæləkeɪt/;alokeyt;Allocate funds.;Fon ayır.;2;4
alter behavior;davranışı değiştirmek;/ˈɔːltər/;oltır;Alter behavior.;Davranışı değiştir.;7;4
analyze trend;trend analiz etmek;/ˈænəlaɪz/;enelayz;Analyze trends.;Trendleri analiz et.;3;4
anticipate outcome;sonucu öngörmek;/ænˈtɪsɪpeɪt/;entisıpeyt;Anticipate outcomes.;Sonuçları öngör.;3;4
apparent fact;açık gerçek;/əˈpærənt/;eperınt;It is an apparent fact.;Bu açık bir gerçektir.;3;4
appeal to audience;izleyiciye hitap etmek;/əˈpiːl/;epiil;Appeal to audience.;İzleyiciye hitap et.;7;4
apply technique;teknik uygulamak;/əˈplaɪ/;eplay;Apply techniques.;Teknik uygula.;3;4
assess performance;performans değerlendirmek;/əˈses/;eses;Assess performance.;Performansı değerlendir.;2;4
assume control;kontrol almak;/əˈsuːm/;asuum;Assume control.;Kontrolü al.;2;4
assure success;başarıyı garanti etmek;/əˈʃʊr/;aşur;Assure success.;Başarıyı garanti et.;2;4
attach document;belge eklemek;/əˈtætʃ/;eteç;Attach the document.;Belgeyi ekle.;6;4
attain objective;hedefe ulaşmak;/əˈteɪn/;eteyn;Attain objectives.;Hedeflere ulaş.;2;4
attribute reason;sebep atfetmek;/əˈtrɪbjuːt/;atribyut;Attribute reasons.;Sebepleri bağla.;3;4
aware strategy;bilinçli strateji;/əˈwer/;ever;Use aware strategy.;Bilinçli strateji kullan.;3;4
beneficial effect;faydalı etki;/ˌbenɪˈfɪʃəl/;benefişıl;Beneficial effects exist.;Faydalı etkiler vardır.;3;4
bias factor;önyargı faktörü;/ˈbaɪəs/;bayıs;Bias affects results.;Önyargı sonuçları etkiler.;3;4
capable system;yetenekli sistem;/ˈkeɪpəbəl/;keypıbıl;System is capable.;Sistem yetenekli.;6;4
clarify message;mesaj netleştirmek;/ˈklærɪfaɪ/;klerifay;Clarify message.;Mesajı netleştir.;3;4
coherent structure;tutarlı yapı;/koʊˈhɪrənt/;kohirınt;Structure is coherent.;Yapı tutarlı.;3;4
coincide events;olayların çakışması;/ˌkoʊɪnˈsaɪd/;koinsayd;Events coincide.;Olaylar çakışır.;1;4
compel decision;karara zorlamak;/kəmˈpel/;کمپel;Data compels decisions.;Veri karar zorlar.;2;4
compensate error;hatayı telafi etmek;/ˈkɑːmpenseɪt/;kompenseyt;Compensate errors.;Hataları telafi et.;2;4
complex system;karmaşık sistem;/ˈkɑːmpleks/;komplekks;The system is complex.;Sistem karmaşık.;6;4
conceive strategy;strateji tasarlamak;/kənˈsiːv/;konsiiv;Conceive strategy.;Strateji tasarla.;2;4
conduct research;araştırma yapmak;/kənˈdʌkt/;kondakt;Conduct research.;Araştırma yap.;3;4
confer rights;hak vermek;/kənˈfɜːr/;کنför;Confer rights.;Hak ver.;2;4
considerable change;önemli değişim;/kənˈsɪdərəbəl/;konsidırıbıl;Considerable change occurred.;Önemli değişim oldu.;2;4
consistent method;tutarlı yöntem;/kənˈsɪstənt/;konsistınt;Use consistent methods.;Tutarlı yöntem kullan.;3;4
constitute system;sistem oluşturmak;/ˈkɑːnstɪtuːt/;konstıtut;Elements constitute system.;Unsurlar sistemi oluşturur.;6;4
constrain output;çıktıyı sınırlamak;/kənˈstreɪn/;konstreynt;Constraints limit output.;Kısıtlar çıktıyı sınırlar.;2;4
consult database;veri tabanına danışmak;/kənˈsʌlt/;konsalt;Consult database.;Veri tabanına bak.;6;4
contemporary solution;çağdaş çözüm;/kənˈtempəreri/;kontempıreri;Find contemporary solutions.;Çağdaş çözümler bul.;2;4
contradict theory;teoriyi çürütmek;/ˌkɑːntrəˈdɪkt/;kontradikt;Evidence contradicts theory.;Kanıt teoriyi çürütür.;3;4
convey signal;sinyal iletmek;/kənˈveɪ/;konvey;Convey signals.;Sinyal ilet.;6;4
core value;temel değer;/kɔːr/;kor;Respect core values.;Temel değerlere saygı duy.;3;4
criteria analysis;kriter analizi;/kraɪˈtɪriə/;kraytiria;Perform criteria analysis.;Kriter analizi yap.;3;4
crucial factor;kritik faktör;/ˈkruːʃəl/;kruuşıl;Time is crucial.;Zaman kritik.;3;4
decline performance;performans düşüşü;/dɪˈklaɪn/;diklayn;Performance declined.;Performans düştü.;2;4
deduce meaning;anlam çıkarmak;/dɪˈduːs/;diduus;Deduce meaning.;Anlam çıkar.;3;4
demonstrate result;sonucu göstermek;/ˈdemənstreɪt/;demınstreyt;Demonstrate results.;Sonuçları göster.;3;4
derive conclusion;sonuç türetmek;/dɪˈraɪv/;dirayv;Derive conclusions.;Sonuç çıkar.;3;4
diminish impact;etkiyi azaltmak;/dɪˈmɪnɪʃ/;diminış;Diminish impact.;Etkiyi azalt.;2;4
distinct pattern;belirgin kalıp;/dɪˈstɪŋkt/;distingkt;Pattern is distinct.;Kalıp belirgin.;3;4
distribute tasks;görev dağıtmak;/dɪˈstrɪbjuːt/;distribyut;Distribute tasks.;Görevleri dağıt.;2;4
diverse strategy;çeşitli strateji;/daɪˈvɜːrs/;dayvörs;Use diverse strategies.;Çeşitli strateji kullan.;2;4
dynamic process;dinamik süreç;/daɪˈnæmɪk/;daynamik;Process is dynamic.;Süreç dinamik.;6;4
eliminate possibility;ihtimali ortadan kaldırmak;/ɪˈlɪmɪneɪt/;ilımineyt;Eliminate possibility.;İhtimali kaldır.;3;4
emerge clearly;açıkça ortaya çıkmak;/ɪˈmɜːrdʒ/;imörc;Results emerge clearly.;Sonuçlar açık ortaya çıkar.;3;4
emphasize key point;ana noktayı vurgulamak;/ˈemfəsaɪz/;emfısayz;Emphasize key points.;Ana noktayı vurgula.;3;4
enable system;sistemi mümkün kılmak;/ɪˈneɪbəl/;ineybıl;Enable the system.;Sistemi aktif et.;6;4
encounter problem;sorunla karşılaşmak;/ɪnˈkaʊntər/;inkauntır;Encounter problems.;Sorunla karşılaş.;1;4
enhance productivity;üretkenliği artırmak;/ɪnˈhæns/;inhans;Enhance productivity.;Üretkenliği artır.;2;4
ensure quality;kaliteyi sağlamak;/ɪnˈʃʊr/;inşur;Ensure quality.;Kaliteyi sağla.;2;4
entity model;varlık modeli;/ˈentɪti/;entiti;Build entity model.;Varlık modeli oluştur.;6;4
equivalent system;eşdeğer sistem;/ɪˈkwɪvələnt/;ikvivılent;Systems are equivalent.;Sistemler eşdeğer.;6;4
establish framework;çerçeve kurmak;/ɪˈstæblɪʃ/;istabliş;Establish framework.;Çerçeve kur.;3;4
evaluate strategy;strateji değerlendirmek;/ɪˈvæljueɪt/;ivelyueyt;Evaluate strategies.;Strateji değerlendir.;2;4
exceed capacity;kapasiteyi aşmak;/ɪkˈsiːd/;iksiid;Demand exceeds capacity.;Talep kapasiteyi aşıyor.;2;4
expand network;ağı genişletmek;/ɪkˈspænd/;ekspend;Expand network.;Ağı büyüt.;6;4
exploit system;sistemi kullanmak;/ɪkˈsplɔɪt/;eksployt;Exploit system.;Sistemi kullan.;6;4
facilitate communication;iletişimi kolaylaştırmak;/fəˈsɪlɪteɪt/;fesılıteyt;Facilitate communication.;İletişimi kolaylaştır.;7;4
generate value;değer üretmek;/ˈdʒenəreɪt/;cenereyt;Generate value.;Değer üret.;2;4
implement policy;politika uygulamak;/ˈɪmpləment/;implımınt;Implement policy.;Politika uygula.;2;4
interpret signal;sinyali yorumlamak;/ɪnˈtɜːrprət/;intörprıt;Interpret signal.;Sinyali yorumla.;6;4
justify approach;yaklaşımı gerekçelendirmek;/ˈdʒʌstɪfaɪ/;castifay;Justify approach.;Yaklaşımı açıkla.;3;4
maintain performance;performansı korumak;/meɪnˈteɪn/;meynteyn;Maintain performance.;Performansı koru.;2;4
maximize efficiency;verimliliği artırmak;/ˈmæksɪmaɪz/;meksımayz;Maximize efficiency.;Verimliliği artır.;2;4
minimize loss;kaybı azaltmak;/ˈmɪnɪmaɪz/;minımayz;Minimize loss.;Kaybı azalt.;2;4
modify structure;yapıyı değiştirmek;/ˈmɑːdɪfaɪ/;madıfay;Modify structure.;Yapıyı değiştir.;6;4
monitor activity;aktiviteyi izlemek;/ˈmɑːnɪtər/;manitır;Monitor activity.;Aktiviteyi izle.;2;4
obtain result;sonuç elde etmek;/əbˈteɪn/;obteyn;Obtain result.;Sonuç elde et.;2;4
perceive pattern;kalıbı algılamak;/pərˈsiːv/;pörsiiv;Perceive patterns.;Kalıpları algıla.;3;4
prioritize activity;aktiviteyi önceliklendirmek;/praɪˈɔːrətaɪz/;prayorıtayz;Prioritize activity.;Aktiviteyi önceliklendir.;2;4
pursue development;gelişimi takip etmek;/pərˈsuː/;pörsuu;Pursue development.;Gelişimi takip et.;2;4
refine process;süreci geliştirmek;/rɪˈfaɪn/;rifayn;Refine process.;Süreci geliştir.;2;4
reinforce concept;kavramı güçlendirmek;/ˌriːɪnˈfɔːrs/;riinforz;Reinforce concept.;Kavramı pekiştir.;3;4
resolve problem;problemi çözmek;/rɪˈzɑːlv/;rizolv;Resolve problem.;Problemi çöz.;2;4
retain information;bilgiyi tutmak;/rɪˈteɪn/;riteyn;Retain information.;Bilgiyi tut.;3;4
stimulate activity;aktiviteyi teşvik etmek;/ˈstɪmjuleɪt/;stimyuleyt;Stimulate activity.;Aktiviteyi teşvik et.;7;4
sustain development;gelişimi sürdürmek;/səˈsteɪn/;sosteyn;Sustain development.;Gelişimi sürdür.;2;4
transform process;süreci dönüştürmek;/trænsˈfɔːrm/;transform;Transform process.;Süreci dönüştür.;6;4
utilize capacity;kapasiteyi kullanmak;/ˈjuːtəlaɪz/;yuutılayz;Utilize capacity.;Kapasiteyi kullan.;6;4
alleviate;hafifletmek;/əˈliːvieɪt/;aliviyeyt;This medicine alleviates pain.;Bu ilaç ağrıyı hafifletir.;5;4
ambiguous;belirsiz;/æmˈbɪɡjuəs/;ambigyuıs;His answer was ambiguous.;Cevabı belirsizdi.;3;4
amplify;artırmak;/ˈæmplɪfaɪ/;amplifay;The device amplifies sound.;Cihaz sesi artırır.;6;4
apprehensive;endişeli;/ˌæprɪˈhensɪv/;eprihensiv;She felt apprehensive.;Endişeli hissetti.;7;4
articulate;açık ifade etmek;/ɑːrˈtɪkjəleɪt/;artikyuleyt;He articulated his thoughts well.;Düşüncelerini iyi ifade etti.;7;4
assert;iddia etmek;/əˈsɜːrt/;asört;He asserted his opinion.;Görüşünü savundu.;7;4
bewildered;şaşkın;/bɪˈwɪldərd/;biwildırd;She looked bewildered.;Şaşkın görünüyordu.;7;4
bolster;desteklemek;/ˈboʊlstər/;boulstır;The data bolsters the argument.;Veri argümanı destekler.;2;4
cautious;temkinli;/ˈkɔːʃəs/;koşıs;Be cautious when investing.;Yatırım yaparken dikkatli ol.;5;4
coherent;tutarlı;/koʊˈhɪrənt/;kohirınt;His speech was coherent.;Konuşması tutarlıydı.;3;4
compelling;ikna edici;/kəmˈpelɪŋ/;کمپeling;That was a compelling story.;Bu ikna edici bir hikayeydi.;7;4
comprehend;anlamak;/ˌkɑːmprɪˈhend/;komprihend;I can't comprehend this.;Bunu anlayamıyorum.;3;4
concise;kısa ve öz;/kənˈsaɪs/;konsays;Keep your answer concise.;Cevabını kısa tut.;3;4
contradict;çelişmek;/ˌkɑːntrəˈdɪkt/;kontradikt;His actions contradict his words.;Davranışları sözleriyle çelişiyor.;3;4
credible;güvenilir;/ˈkredəbəl/;kredıbıl;The source is credible.;Kaynak güvenilir.;7;4
deliberate;bilinçli;/dɪˈlɪbərət/;dilibırıt;It was a deliberate action.;Bilinçli bir hareketti.;3;4
depict;tasvir etmek;/dɪˈpɪkt/;dipikt;The painting depicts a village.;Resim bir köyü tasvir ediyor.;3;4
diminish;azaltmak;/dɪˈmɪnɪʃ/;diminış;His influence diminished.;Etkisi azaldı.;2;4
distort;çarpıtmak;/dɪˈstɔːrt/;distort;The image was distorted.;Görüntü bozulmuştu.;3;4
elaborate;detaylandırmak;/ɪˈlæbəreɪt/;ileboreyt;Please elaborate your idea.;Fikrini detaylandır.;3;4
encounter;karşılaşmak;/ɪnˈkaʊntər/;inkauntır;We encountered a problem.;Bir sorunla karşılaştık.;1;4
exaggerate;abartmak;/ɪɡˈzædʒəreɪt/;igzeceret;Don't exaggerate.;Abartma.;7;4
fluctuate;dalgalanmak;/ˈflʌktʃueɪt/;flakçueyt;Prices fluctuate daily.;Fiyatlar günlük değişir.;2;4
formulate;oluşturmak;/ˈfɔːrmjəleɪt/;formyuleyt;Formulate a plan.;Plan oluştur.;3;4
hinder;engellemek;/ˈhɪndər/;hindır;Lack of sleep hinders performance.;Uykusuzluk performansı engeller.;2;4
imply;ima etmek;/ɪmˈplaɪ/;implay;He implied something.;Bir şey ima etti.;3;4
incentive;teşvik;/ɪnˈsentɪv/;insentiv;Money is an incentive.;Para bir teşviktir.;2;4
inevitable;kaçınılmaz;/ɪnˈevɪtəbəl/;inevıtıbıl;Change is inevitable.;Değişim kaçınılmazdır.;3;4
infer;çıkarım yapmak;/ɪnˈfɜːr/;inför;We can infer from data.;Veriden çıkarım yapabiliriz.;3;4
justify;gerekçelendirmek;/ˈdʒʌstɪfaɪ/;castifay;Justify your answer.;Cevabını açıkla.;3;4
keen;istekli;/kiːn/;kiin;He is keen to learn.;Öğrenmeye hevesli.;7;4
liable;sorumlu;/ˈlaɪəbəl/;layıbıl;He is liable for damage.;Zarardan sorumlu.;2;4
manipulate;manipüle etmek;/məˈnɪpjəleɪt/;menipyuleyt;Data was manipulated.;Veri manipüle edildi.;7;4
marginal;önemsiz;/ˈmɑːrdʒɪnəl/;marcinıl;The difference is marginal.;Fark önemsiz.;3;4
mediate;arabuluculuk yapmak;/ˈmiːdieɪt/;midiyeyt;He mediated the conflict.;Çatışmada arabuluculuk yaptı.;7;4
mitigate;hafifletmek;/ˈmɪtɪɡeɪt/;mitıgeyt;Measures mitigate risk.;Önlemler riski azaltır.;5;4
neglect;ihmal etmek;/nɪˈɡlekt/;niglekt;Don't neglect duties.;Görevleri ihmal etme.;7;4
neutralize;etkisiz hale getirmek;/ˈnuːtrəlaɪz/;nuutrılayz;The threat was neutralized.;Tehdit etkisiz hale getirildi.;5;4
notable;dikkat çekici;/ˈnoʊtəbəl/;notıbıl;A notable improvement occurred.;Dikkat çekici gelişme oldu.;3;4
obscure;belirsiz;/əbˈskjʊr/;obskyur;The meaning is obscure.;Anlam belirsiz.;3;4
offset;dengelemek;/ˈɔːfset/;ofset;Gains offset losses.;Kazançlar kaybı dengeler.;2;4
overlook;gözden kaçırmak;/ˌoʊvərˈlʊk/;ovırluk;He overlooked details.;Detayları kaçırdı.;3;4
perceive;algılamak;/pərˈsiːv/;pörsiiv;We perceive reality differently.;Gerçekliği farklı algılarız.;3;4
persist;devam etmek;/pərˈsɪst/;pörsist;Problems persist.;Sorunlar devam eder.;2;4
plausible;makul;/ˈplɔːzəbəl/;plozıbıl;It sounds plausible.;Mantıklı görünüyor.;3;4
presume;varsaymak;/prɪˈzuːm/;prizuum;I presume he left.;Gittiğini varsayıyorum.;3;4
prompt;teşvik etmek;/prɒmpt/;promt;This prompted action.;Bu eylemi tetikledi.;2;4
reluctant;isteksiz;/rɪˈlʌktənt/;rilaktınt;He was reluctant.;İsteksizdi.;7;4
resolve;çözmek;/rɪˈzɑːlv/;rizolv;Resolve the issue.;Sorunu çöz.;2;4
rigid;katı;/ˈrɪdʒɪd/;ricid;Rules are rigid.;Kurallar katı.;3;4
scarce;kıt;/skers/;skers;Water is scarce.;Su kıt.;2;4
skeptical;şüpheci;/ˈskeptɪkəl/;skeptikıl;He is skeptical.;Şüpheci.;7;4
substantial;önemli;/səbˈstænʃəl/;sabstenşıl;A substantial increase occurred.;Önemli artış oldu.;2;4
subtle;ince;/ˈsʌtəl/;satıl;There is a subtle difference.;İnce fark var.;3;4
suppress;bastırmak;/səˈpres/;supres;Suppress emotions.;Duyguları bastır.;2;4
sustain;sürdürmek;/səˈsteɪn/;sosteyn;Sustain growth.;Büyümeyi sürdür.;2;4
tangible;somut;/ˈtændʒəbəl/;tencıbıl;Results are tangible.;Sonuçlar somut.;3;4
tentative;geçici;/ˈtentətɪv/;tentativ;A tentative plan exists.;Geçici plan var.;3;4
trigger;tetiklemek;/ˈtrɪɡər/;trigır;This triggers change.;Bu değişimi tetikler.;2;4
underlying;altta yatan;/ˌʌndərˈlaɪɪŋ/;andırlayıing;Underlying cause matters.;Altta yatan sebep önemli.;3;4
vague;belirsiz;/veɪɡ/;veyg;The answer is vague.;Cevap belirsiz.;3;4
validate;doğrulamak;/ˈvælɪdeɪt/;valıdeyt;Validate the results.;Sonuçları doğrula.;3;4
vary;değişmek;/ˈveri/;veri;Prices vary.;Fiyatlar değişir.;2;4
withstand;dayanmak;/wɪðˈstænd/;vithstend;The system withstands pressure.;Sistem baskıya dayanır.;2;4
accommodate;uyum sağlamak / barındırmak;/əˈkɒmədeɪt/;akomodet;The hotel accommodates many guests.;Otel birçok misafiri barındırır.;2;4
adjacent;bitişik;/əˈdʒeɪsənt/;eceysınt;The rooms are adjacent.;Odalar bitişik.;1;4
allocate;tahsis etmek;/ˈæləkeɪt/;alokeyt;Allocate resources properly.;Kaynakları doğru tahsis et.;2;4
arbitrary;keyfi;/ˈɑːrbɪtreri/;arbitreri;The decision was arbitrary.;Karar keyfiydi.;3;4
assure;güvence vermek;/əˈʃʊr/;aşur;I assure you of success.;Sana başarıyı garanti ederim.;2;4
attain;elde etmek;/əˈteɪn/;eteyn;He attained his goal.;Hedefine ulaştı.;2;4
bias;önyargı;/ˈbaɪəs/;bayıs;Avoid bias in judgment.;Yargıda önyargıdan kaçın.;3;4
brief;kısa;/briːf/;briif;Keep it brief.;Kısa tut.;2;4
bulk;büyük miktar;/bʌlk/;balk;Buy in bulk.;Toplu satın al.;2;4
cease;durdurmak;/siːs/;siiz;The company ceased operations.;Şirket faaliyetlerini durdurdu.;2;4
coherent;tutarlı;/koʊˈhɪrənt/;kohirınt;The explanation is coherent.;Açıklama tutarlı.;3;4
coincide;çakışmak;/ˌkoʊɪnˈsaɪd/;koinsayd;Events coincide.;Olaylar çakışıyor.;3;4
compile;derlemek;/kəmˈpaɪl/;kompail;Compile the data.;Veriyi derle.;6;4
complement;tamamlamak;/ˈkɒmplɪment/;kompliment;This complements the design.;Bu tasarımı tamamlar.;3;4
conform;uymak;/kənˈfɔːrm/;konform;Conform to standards.;Standartlara uy.;2;4
contradict;çelişmek;/ˌkɑːntrəˈdɪkt/;kontradikt;This contradicts facts.;Bu gerçeklerle çelişiyor.;3;4
core;çekirdek;/kɔːr/;kor;Focus on the core issue.;Ana soruna odaklan.;3;4
credible;güvenilir;/ˈkredəbəl/;kredıbıl;A credible source.;Güvenilir kaynak.;7;4
defect;kusur;/ˈdiːfekt/;diifekt;The product has a defect.;Üründe kusur var.;6;4
denote;ifade etmek;/dɪˈnoʊt/;dinout;This symbol denotes value.;Bu sembol değeri ifade eder.;3;4
depict;tasvir etmek;/dɪˈpɪkt/;dipikt;The graph depicts growth.;Grafik büyümeyi gösterir.;3;4
derive;türetmek;/dɪˈraɪv/;dirayv;Derive results logically.;Sonuçları mantıklı çıkar.;3;4
detach;ayırmak;/dɪˈtætʃ/;ditech;Detach the cable.;Kabloyu ayır.;1;4
deviate;sapmak;/ˈdiːvieɪt/;diiviyeyt;Do not deviate from plan.;Plandan sapma.;3;4
distort;çarpıtmak;/dɪˈstɔːrt/;distort;Facts were distorted.;Gerçekler çarpıtıldı.;3;4
diverse;çeşitli;/daɪˈvɜːrs/;dayvörs;A diverse group.;Çeşitli grup.;3;4
draft;taslak;/dræft/;draft;Prepare a draft.;Taslak hazırla.;2;4
duration;süre;/duˈreɪʃən/;dureyşın;The duration is short.;Süre kısa.;3;4
endure;katlanmak;/ɪnˈdjʊr/;indiyur;He endured hardship.;Zorluğa katlandı.;5;4
enroll;kayıt olmak;/ɪnˈroʊl/;inrol;Enroll in the course.;Kursa kayıt ol.;2;4
exceed;aşmak;/ɪkˈsiːd/;iksiid;Exceed expectations.;Beklentiyi aş.;2;4
extract;çıkarmak;/ɪkˈstrækt/;ekstrakt;Extract data.;Veri çıkar.;6;4
fade;solmak;/feɪd/;feyd;Colors fade over time.;Renkler solar.;1;4
feasible;uygulanabilir;/ˈfiːzəbəl/;fiizıbıl;The plan is feasible.;Plan uygulanabilir.;2;4
fluctuate;dalgalanmak;/ˈflʌktʃueɪt/;flakçueyt;Prices fluctuate.;Fiyatlar değişir.;2;4
grant;vermek;/ɡrænt/;grant;Grant permission.;İzin ver.;2;4
halt;durdurmak;/hɔːlt/;holt;The process halted.;Süreç durdu.;2;4
identical;aynı;/aɪˈdentɪkəl/;aydentikıl;They are identical.;Aynılar.;3;4
ignore;görmezden gelmek;/ɪɡˈnɔːr/;ignoor;Ignore distractions.;Dikkat dağıtıcıları yok say.;7;4
impact;etki;/ˈɪmpækt/;impekt;It has a big impact.;Büyük etkisi var.;2;4
impose;dayatmak;/ɪmˈpoʊz/;impouz;Rules were imposed.;Kurallar dayatıldı.;2;4
incline;eğilimli olmak;/ɪnˈklaɪn/;inklayn;I am inclined to agree.;Katılmaya eğilimliyim.;3;4
incorporate;dahil etmek;/ɪnˈkɔːrpəreɪt/;inkorporeyt;Incorporate feedback.;Geri bildirim ekle.;2;4
indicate;belirtmek;/ˈɪndɪkeɪt/;indikeyt;Signs indicate change.;İşaretler değişimi gösterir.;3;4
inevitable;kaçınılmaz;/ɪnˈevɪtəbəl/;inevıtıbıl;Failure is inevitable.;Başarısızlık kaçınılmaz.;3;4
infer;çıkarım yapmak;/ɪnˈfɜːr/;inför;Infer meaning.;Anlam çıkar.;3;4
initial;başlangıç;/ɪˈnɪʃəl/;inişıl;Initial phase is hard.;Başlangıç zor.;1;4
integrate;entegre etmek;/ˈɪntɪɡreɪt/;intigreyt;Integrate systems.;Sistemleri entegre et.;6;4
interact;etkileşim kurmak;/ˌɪntərˈækt/;interakt;Interact with users.;Kullanıcılarla etkileşim kur.;7;4
isolate;izole etmek;/ˈaɪsəleɪt/;aysıleyt;Isolate variables.;Değişkenleri ayır.;6;4
justify;gerekçelendirmek;/ˈdʒʌstɪfaɪ/;castifay;Justify decisions.;Kararı açıkla.;3;4
label;etiketlemek;/ˈleɪbəl/;leybıl;Label the items.;Ürünleri etiketle.;3;4
layer;katman;/ˈleɪər/;leyır;Add another layer.;Bir katman daha ekle.;6;4
link;bağlamak;/lɪŋk/;link;Link the data.;Veriyi bağla.;6;4
locate;bulmak;/loʊˈkeɪt/;loukeyt;Locate the error.;Hatayı bul.;6;4
logic;mantık;/ˈlɑːdʒɪk/;locik;Use logic.;Mantık kullan.;3;4
maintain;sürdürmek;/meɪnˈteɪn/;meynteyn;Maintain balance.;Dengeyi koru.;2;4
modify;değiştirmek;/ˈmɑːdɪfaɪ/;madıfay;Modify settings.;Ayarları değiştir.;6;4
monitor;izlemek;/ˈmɑːnɪtər/;manitır;Monitor activity.;Aktiviteyi izle.;2;4
neutral;tarafsız;/ˈnuːtrəl/;nuutrıl;Stay neutral.;Tarafsız kal.;7;4
occur;meydana gelmek;/əˈkɜːr/;akör;An error occurred.;Hata oluştu.;1;4
omit;atlamak;/oʊˈmɪt/;omit;Do not omit details.;Detayları atlama.;3;4
perceive;algılamak;/pərˈsiːv/;pörsiiv;Perceive change.;Değişimi algıla.;3;4
persist;devam etmek;/pərˈsɪst/;pörsist;Problems persist.;Sorunlar sürer.;2;4
potential;potansiyel;/pəˈtenʃəl/;pıtenşıl;High potential exists.;Yüksek potansiyel var.;3;4
predict;tahmin etmek;/prɪˈdɪkt/;pridikt;Predict outcomes.;Sonuç tahmin et.;3;4
precise;kesin;/prɪˈsaɪs/;prisays;Be precise.;Kesin ol.;3;4
prior;önceki;/ˈpraɪər/;prayır;Prior experience matters.;Önceki deneyim önemli.;3;4
process;süreç;/ˈprɑːses/;proses;Follow the process.;Süreci takip et.;2;4
promote;teşvik etmek;/prəˈmoʊt/;promout;Promote growth.;Büyümeyi teşvik et.;2;4
react;tepki vermek;/riˈækt/;riyakt;React quickly.;Hızlı tepki ver.;7;4
recover;toparlanmak;/rɪˈkʌvər/;rikavır;Recover from loss.;Kaybı telafi et.;2;4
reduce;azaltmak;/rɪˈduːs/;riduus;Reduce costs.;Maliyeti azalt.;2;4
refine;geliştirmek;/rɪˈfaɪn/;rifayn;Refine skills.;Becerileri geliştir.;2;4
regulate;düzenlemek;/ˈreɡjəleɪt/;regyuleyt;Regulate traffic.;Trafiği düzenle.;2;4
remove;kaldırmak;/rɪˈmuːv/;rimuv;Remove errors.;Hataları kaldır.;1;4
replace;değiştirmek;/rɪˈpleɪs/;ripleys;Replace items.;Öğeleri değiştir.;1;4
require;gerektirmek;/rɪˈkwaɪər/;rikwayır;It requires effort.;Çaba gerektirir.;2;4
respond;cevap vermek;/rɪˈspɑːnd/;rispond;Respond quickly.;Hızlı cevap ver.;7;4
restore;eski haline getirmek;/rɪˈstɔːr/;ristor;Restore data.;Veriyi geri yükle.;2;4
restrict;sınırlamak;/rɪˈstrɪkt/;ristrikt;Restrict access.;Erişimi sınırla.;2;4
retain;tutmak;/rɪˈteɪn/;riteyn;Retain data.;Veriyi sakla.;3;4
reveal;ortaya çıkarmak;/rɪˈviːl/;riviil;Reveal truth.;Gerçeği ortaya çıkar.;3;4
shift;kaydırmak;/ʃɪft/;şift;Shift focus.;Odağı değiştir.;2;4
signal;sinyal;/ˈsɪɡnəl/;signıl;Send a signal.;Sinyal gönder.;6;4
solve;çözmek;/sɑːlv/;solv;Solve the problem.;Problemi çöz.;3;4
specify;belirtmek;/ˈspesɪfaɪ/;spesifay;Specify details.;Detayları belirt.;3;4
structure;yapı;/ˈstrʌktʃər/;strakçır;Build structure.;Yapı kur.;3;4
suggest;önermek;/səˈdʒest/;saceest;Suggest a solution.;Çözüm öner.;7;4
support;desteklemek;/səˈpɔːrt/;suport;Support the idea.;Fikri destekle.;7;4
vary;değişmek;/ˈveri/;veri;Results vary.;Sonuçlar değişir.;2;4
aberration;sapma;/ˌæbəˈreɪʃən/;abıreyişın;The result was an aberration.;Sonuç bir sapmaydı.;3;5
abhor;nefret etmek;/əbˈhɔːr/;abhor;She abhors violence.;Şiddetten nefret eder.;7;5
abruptness;anilik;/əˈbrʌptnəs/;ebrapt nıs;His abruptness surprised me.;Aniliği beni şaşırttı.;1;5
accede;kabul etmek;/ækˈsiːd/;aksiid;He acceded to the request.;İsteği kabul etti.;2;5
acclaim;övmek;/əˈkleɪm/;akleym;Critics acclaimed the film.;Eleştirmenler filmi övdü.;7;5
accommodate (idea);uyarlamak;/əˈkɒmədeɪt/;akomodet;We must accommodate new ideas.;Yeni fikirlere uyum sağlamalıyız.;3;5
accountable;sorumlu;/əˈkaʊntəbəl/;akauntıbıl;He is accountable for mistakes.;Hatalardan sorumlu.;2;5
accumulate (abstract);biriktirmek;/əˈkjuːmjəleɪt/;ekyumyuleyt;Knowledge accumulates over time.;Bilgi zamanla birikir.;3;5
adamant;kesin kararlı;/ˈædəmənt/;edımınt;She was adamant about it.;Bu konuda kararlıydı.;7;5
adept;usta;/əˈdept/;adept;He is adept at coding.;Kodlamada ustadır.;2;5
adverse;olumsuz;/ˈædvɜːrs/;edvörs;Adverse effects appeared.;Olumsuz etkiler ortaya çıktı.;3;5
advocate (noun);savunucu;/ˈædvəkət/;edvokıt;He is an advocate of change.;Değişim savunucusudur.;2;5
aesthetic;estetik;/iːsˈθetɪk/;istetik;The design is aesthetic.;Tasarım estetiktir.;7;5
afflict;zarar vermek;/əˈflɪkt/;afl ikt;The disease afflicts many.;Hastalık birçok kişiyi etkiler.;5;5
aggravate;kötüleştirmek;/ˈæɡrəveɪt/;agrıveyt;This may aggravate the issue.;Bu durumu kötüleştirebilir.;5;5
align;hizalamak;/əˈlaɪn/;alayn;Align your goals.;Hedeflerini hizala.;2;5
alienate;yabancılaştırmak;/ˈeɪliəneɪt/;eylieneyt;His behavior alienated friends.;Davranışı arkadaşlarını uzaklaştırdı.;7;5
ambiguous (complex);muğlak;/æmˈbɪɡjuəs/;ambigyuıs;The text is ambiguous.;Metin muğlak.;3;5
amend;düzeltmek;/əˈmend/;emend;Amend the document.;Belgeyi düzelt.;2;5
analytical;analitik;/ˌænəˈlɪtɪkəl/;enelitikıl;She has analytical skills.;Analitik becerilere sahip.;3;5
anticipate (complex);öngörmek;/ænˈtɪsɪpeɪt/;entisıpeyt;Anticipate challenges.;Zorlukları öngör.;3;5
arbitrary (advanced);keyfi;/ˈɑːrbɪtreri/;arbitreri;The rule seems arbitrary.;Kural keyfi görünüyor.;3;5
articulate (advanced);ifade etmek;/ɑːrˈtɪkjəleɪt/;artikyuleyt;He articulates ideas well.;Fikirleri iyi ifade eder.;7;5
aspire;arzulamak;/əˈspaɪər/;aspayır;He aspires to succeed.;Başarıyı arzuluyor.;7;5
assertive;iddialı;/əˈsɜːrtɪv/;asörtiv;Be assertive.;İddialı ol.;7;5
assess (deep);derin değerlendirmek;/əˈses/;eses;Assess critically.;Eleştirel değerlendir.;3;5
attribute (complex);bağlamak;/əˈtrɪbjuːt/;atribyut;Attribute success to effort.;Başarıyı çabaya bağla.;3;5
autonomous;özerk;/ɔːˈtɑːnəməs/;otanomıs;The system is autonomous.;Sistem özerktir.;2;5
bewilder;şaşırtmak;/bɪˈwɪldər/;biwildır;The question bewildered him.;Soru onu şaşırttı.;7;5
bolster (advanced);güçlendirmek;/ˈboʊlstər/;boulstır;Evidence bolsters theory.;Kanıt teoriyi güçlendirir.;2;5
candid;açık sözlü;/ˈkændɪd/;kendid;He gave a candid answer.;Açık bir cevap verdi.;7;5
coherent (advanced);tutarlı;/koʊˈhɪrənt/;kohirınt;The argument is coherent.;Argüman tutarlı.;3;5
coincide (advanced);örtüşmek;/ˌkoʊɪnˈsaɪd/;koinsayd;Ideas coincide.;Fikirler örtüşüyor.;3;5
compelling (advanced);etkileyici;/kəmˈpelɪŋ/;کمپeling;A compelling argument.;Etkileyici argüman.;7;5
comprehensive;kapsamlı;/ˌkɑːmprɪˈhensɪv/;komprihensiv;A comprehensive report.;Kapsamlı rapor.;3;5
conceive (abstract);tasarlamak;/kənˈsiːv/;konsiiv;Conceive a theory.;Bir teori tasarla.;3;5
conclusive;kesin;/kənˈkluːsɪv/;konkıluusiv;Evidence is conclusive.;Kanıt kesindir.;3;5
confer (advanced);sağlamak;/kənˈfɜːr/;کنför;This confers advantage.;Bu avantaj sağlar.;2;5
contradict (advanced);çürütmek;/ˌkɑːntrəˈdɪkt/;kontradikt;Data contradicts theory.;Veri teoriyi çürütür.;3;5
controversial;tartışmalı;/ˌkɑːntrəˈvɜːrʃəl/;kantrıvörşıl;A controversial topic.;Tartışmalı konu.;7;5
convey (abstract);aktarmak;/kənˈveɪ/;konvey;Convey complex ideas.;Karmaşık fikirleri aktar.;7;5
credible (advanced);güvenilir;/ˈkredəbəl/;kredıbıl;A credible explanation.;Güvenilir açıklama.;7;5
crucial (advanced);hayati;/ˈkruːʃəl/;kruuşıl;Timing is crucial.;Zamanlama hayati.;3;5
decipher;çözmek;/dɪˈsaɪfər/;disayfır;Decipher the code.;Kodu çöz.;3;5
deduce (advanced);çıkarım yapmak;/dɪˈduːs/;diduus;Deduce logically.;Mantıksal çıkarım yap.;3;5
depict (abstract);betimlemek;/dɪˈpɪkt/;dipikt;The graph depicts change.;Grafik değişimi gösterir.;3;5
deter;caydırmak;/dɪˈtɜːr/;ditör;Punishment deters crime.;Ceza suçu caydırır.;2;5
differentiate;ayırt etmek;/ˌdɪfəˈrenʃieɪt/;difırensiyeyt;Differentiate clearly.;Net ayırt et.;3;5
diminish (abstract);azaltmak;/dɪˈmɪnɪʃ/;diminış;Importance diminished.;Önem azaldı.;3;5
discern;fark etmek;/dɪˈsɜːrn/;disörn;Discern the difference.;Farkı ayırt et.;3;5
discredit;itibarını sarsmak;/dɪsˈkredɪt/;diskredit;The report was discredited.;Rapor itibarsızlaştırıldı.;7;5
distort (advanced);çarpıtmak;/dɪˈstɔːrt/;distort;Facts were distorted.;Gerçekler çarpıtıldı.;3;5
elaborate (advanced);detaylandırmak;/ɪˈlæbəreɪt/;ileboreyt;Elaborate your answer.;Cevabını detaylandır.;3;5
empirical (advanced);deneysel;/ɪmˈpɪrɪkəl/;empirıkıl;Empirical evidence is needed.;Deneysel kanıt gerekir.;3;5
endorse;desteklemek;/ɪnˈdɔːrs/;indors;The policy was endorsed.;Politika desteklendi.;2;5
enhance (advanced);geliştirmek;/ɪnˈhæns/;inhans;Enhance capability.;Yeteneği artır.;2;5
entail;gerektirmek;/ɪnˈteɪl/;inteyl;This entails risk.;Bu risk gerektirir.;3;5
explicit (advanced);açık;/ɪkˈsplɪsɪt/;eksplisit;Instructions are explicit.;Talimatlar açık.;3;5
facilitate (advanced);kolaylaştırmak;/fəˈsɪlɪteɪt/;fesılıteyt;Facilitate discussion.;Tartışmayı kolaylaştır.;2;5
fluctuate (advanced);dalgalanmak;/ˈflʌktʃueɪt/;flakçueyt;Values fluctuate.;Değerler değişir.;2;5
formulate (advanced);formüle etmek;/ˈfɔːrmjəleɪt/;formyuleyt;Formulate hypothesis.;Hipotez oluştur.;3;5
hinder (advanced);engellemek;/ˈhɪndər/;hindır;Obstacles hinder progress.;Engeller ilerlemeyi zorlaştırır.;2;5
imply (advanced);ima etmek;/ɪmˈplaɪ/;implay;He implied criticism.;Eleştiri ima etti.;3;5
infer (advanced);çıkarım yapmak;/ɪnˈfɜːr/;inför;Infer conclusions.;Sonuç çıkar.;3;5
inherent;doğasında olan;/ɪnˈhɪrənt/;inherınt;Risk is inherent.;Risk doğasında vardır.;3;5
initiate;başlatmak;/ɪˈnɪʃieɪt/;inişiyeyt;Initiate the process.;Süreci başlat.;2;5
integrate (advanced);bütünleştirmek;/ˈɪntɪɡreɪt/;intigreyt;Integrate systems.;Sistemleri birleştir.;6;5
interpret (advanced);yorumlamak;/ɪnˈtɜːrprət/;intörprıt;Interpret meaning.;Anlamı yorumla.;3;5
justify (advanced);gerekçelendirmek;/ˈdʒʌstɪfaɪ/;castifay;Justify actions.;Eylemi açıkla.;3;5
marginal (advanced);önemsiz;/ˈmɑːrdʒɪnəl/;marcinıl;A marginal improvement.;Küçük gelişme.;3;5
mediate (advanced);arabuluculuk yapmak;/ˈmiːdieɪt/;midiyeyt;Mediate conflict.;Arabuluculuk yap.;7;5
mitigate (advanced);hafifletmek;/ˈmɪtɪɡeɪt/;mitıgeyt;Mitigate risk.;Riski azalt.;5;5
obscure (advanced);belirsiz;/əbˈskjʊr/;obskyur;The meaning is obscure.;Anlam belirsiz.;3;5
offset (advanced);dengelemek;/ˈɔːfset/;ofset;Gains offset losses.;Kazançlar kaybı dengeler.;2;5
perceive (advanced);algılamak;/pərˈsiːv/;pörsiiv;Perceive reality.;Gerçekliği algıla.;3;5
persist (advanced);sürdürmek;/pərˈsɪst/;pörsist;Problems persist.;Sorunlar sürer.;2;5
plausible (advanced);mantıklı;/ˈplɔːzəbəl/;plozıbıl;A plausible explanation.;Mantıklı açıklama.;3;5
presume (advanced);varsaymak;/prɪˈzuːm/;prizuum;I presume success.;Başarıyı varsayıyorum.;3;5
reinforce (advanced);pekiştirmek;/ˌriːɪnˈfɔːrs/;riinforz;Reinforce learning.;Öğrenmeyi pekiştir.;2;5
resolve (advanced);çözmek;/rɪˈzɑːlv/;rizolv;Resolve issues.;Sorunu çöz.;2;5
rigid (advanced);katı;/ˈrɪdʒɪd/;ricid;Rules are rigid.;Kurallar katı.;3;5
subtle (advanced);ince;/ˈsʌtəl/;satıl;A subtle difference.;İnce fark.;3;5
suppress (advanced);bastırmak;/səˈpres/;supres;Suppress emotion.;Duyguyu bastır.;2;5
sustain (advanced);sürdürmek;/səˈsteɪn/;sosteyn;Sustain progress.;İlerlemeyi sürdür.;2;5
tangible (advanced);somut;/ˈtændʒəbəl/;tencıbıl;Tangible results.;Somut sonuçlar.;3;5
trigger (advanced);tetiklemek;/ˈtrɪɡər/;trigır;Trigger reaction.;Tepki başlat.;2;5
validate (advanced);doğrulamak;/ˈvælɪdeɪt/;valıdeyt;Validate data.;Veriyi doğrula.;3;5
withstand (advanced);dayanmak;/wɪðˈstænd/;vithstend;Withstand pressure.;Baskıya dayan.;2;5
abate;azalmak;/əˈbeɪt/;ebeyt;The noise began to abate.;Gürültü azalmaya başladı.;2;5
abdicate;feragat etmek;/ˈæbdɪkeɪt/;abdikeyt;He abdicated his position.;Görevinden feragat etti.;2;5
aberrant;sapkın / anormal;/əˈberənt/;aberınt;His behavior was aberrant.;Davranışı anormaldi.;3;5
abrogate;yürürlükten kaldırmak;/ˈæbrəɡeɪt/;abrıgeyt;The law was abrogated.;Yasa kaldırıldı.;2;5
absolute (conceptual);mutlak;/ˈæbsəluːt/;absıluut;Absolute certainty is rare.;Mutlak kesinlik nadirdir.;3;5
abstract (idea);soyut;/ˈæbstrækt/;ebstrakt;It is an abstract concept.;Bu soyut bir kavramdır.;3;5
abundant (advanced);bol;/əˈbʌndənt/;abandınt;Resources are abundant.;Kaynaklar bol.;1;5
accelerate (process);hızlandırmak;/əkˈseləreɪt/;akselereyt;Growth accelerated.;Büyüme hızlandı.;2;5
accommodate (complex);uyum sağlamak;/əˈkɒmədeɪt/;akomodet;Adapt to accommodate changes.;Değişime uyum sağla.;3;5
accumulate (abstract);birikmek;/əˈkjuːmjəleɪt/;ekyumyuleyt;Evidence accumulates.;Kanıt birikir.;3;5
accuracy;doğruluk;/ˈækjərəsi/;ekyırısı;Accuracy is crucial.;Doğruluk önemli.;3;5
acknowledge (deep);kabul etmek;/əkˈnɑːlɪdʒ/;aknaliç;Acknowledge the issue.;Sorunu kabul et.;7;5
acquire (knowledge);edinmek;/əˈkwaɪər/;akwayır;Acquire knowledge.;Bilgi edin.;3;5
adapt (advanced);uyum sağlamak;/əˈdæpt/;edapt;Adapt strategies.;Strateji uyarlamak.;1;5
adjust (complex);ayarlamak;/əˈdʒʌst/;ecest;Adjust variables.;Değişkenleri ayarla.;2;5
administer (advanced);yönetmek;/ədˈmɪnɪstər/;administır;Administer resources.;Kaynakları yönet.;2;5
advance (conceptual);ilerlemek;/ədˈvæns/;edvans;Science advances rapidly.;Bilim hızlı ilerler.;3;5
adverse (advanced);olumsuz;/ˈædvɜːrs/;edvörs;Adverse conditions emerged.;Olumsuz koşullar ortaya çıktı.;3;5
advocate (verb);savunmak;/ˈædvəkeɪt/;edvokeyt;Advocate equality.;Eşitliği savun.;2;5
aesthetic (deep);estetik;/iːsˈθetɪk/;istetik;Aesthetic value matters.;Estetik değer önemlidir.;7;5
afflict (advanced);zarar vermek;/əˈflɪkt/;afl ikt;The crisis afflicted many.;Kriz birçok kişiyi etkiledi.;5;5
aggravate (advanced);kötüleştirmek;/ˈæɡrəveɪt/;agrıveyt;This aggravates issues.;Bu sorunu kötüleştirir.;5;5
align (conceptual);hizalamak;/əˈlaɪn/;alayn;Align priorities.;Öncelikleri hizala.;2;5
alienate (advanced);yabancılaştırmak;/ˈeɪliəneɪt/;eylieneyt;It alienates users.;Kullanıcıları uzaklaştırır.;7;5
ambiguous ;belirsiz;/æmˈbɪɡjuəs/;ambigyuıs;Statement is ambiguous.;İfade belirsiz.;3;5
amend (advanced);değiştirmek;/əˈmend/;emend;Amend policies.;Politikaları değiştir.;2;5
amplify (conceptual);artırmak;/ˈæmplɪfaɪ/;amplifay;Amplify effects.;Etkiyi artır.;6;5
analytical (deep);analitik;/ˌænəˈlɪtɪkəl/;enelitikıl;Analytical thinking helps.;Analitik düşünme yardımcı olur.;3;5
anticipate ;öngörmek;/ænˈtɪsɪpeɪt/;entisıpeyt;Anticipate consequences.;Sonuçları öngör.;3;5
arbitrary ;keyfi;/ˈɑːrbɪtreri/;arbitreri;Arbitrary rules exist.;Keyfi kurallar var.;3;5
articulate ;ifade etmek;/ɑːrˈtɪkjəleɪt/;artikyuleyt;Articulate clearly.;Net ifade et.;7;5
aspire ;arzulamak;/əˈspaɪər/;aspayır;Aspire to succeed.;Başarıyı hedefle.;7;5
assert ;iddia etmek;/əˈsɜːrt/;asört;Assert your rights.;Haklarını savun.;7;5
assess (critical);değerlendirmek;/əˈses/;eses;Assess critically.;Eleştirel değerlendir.;3;5
assign (advanced);atamak;/əˈsaɪn/;esayn;Assign responsibilities.;Sorumluluk ver.;2;5
assimilate;özümsemek;/əˈsɪməleɪt/;asimilayt;Assimilate knowledge.;Bilgiyi özümse.;3;5
assume (advanced);varsaymak;/əˈsuːm/;asuum;Assume risk.;Risk al.;3;5
assure (deep);garanti etmek;/əˈʃʊr/;aşur;Assure results.;Sonucu garanti et.;2;5
attach (abstract);bağlamak;/əˈtætʃ/;eteç;Attach meaning.;Anlam bağla.;7;5
attain ;elde etmek;/əˈteɪn/;eteyn;Attain excellence.;Mükemmelliğe ulaş.;2;5
attribute ;atfetmek;/əˈtrɪbjuːt/;atribyut;Attribute success.;Başarıyı bağla.;3;5
autonomous (deep);özerk;/ɔːˈtɑːnəməs/;otanomıs;Autonomous system works.;Özerk sistem çalışır.;2;5
avert;önlemek;/əˈvɜːrt/;avert;Avert disaster.;Felaketi önle.;2;5
bolster ;güçlendirmek;/ˈboʊlstər/;boulstır;Bolster confidence.;Güveni artır.;2;5
coincide ;örtüşmek;/ˌkoʊɪnˈsaɪd/;koinsayd;Views coincide.;Görüşler örtüşüyor.;3;5
compelling ;etkileyici;/kəmˈpelɪŋ/;کمپeling;Compelling logic.;Etkileyici mantık.;7;5
comprehensive ;kapsamlı;/ˌkɑːmprɪˈhensɪv/;komprihensiv;Comprehensive analysis.;Kapsamlı analiz.;3;5
conceive ;tasarlamak;/kənˈsiːv/;konsiiv;Conceive theory.;Teori kur.;3;5
confer ;sağlamak;/kənˈfɜːr/;کنför;Confer benefits.;Fayda sağla.;2;5
contradict ;çelişmek;/ˌkɑːntrəˈdɪkt/;kontradikt;Contradict claims.;İddiaları çürüt.;3;5
controversial ;tartışmalı;/ˌkɑːntrəˈvɜːrʃəl/;kantrıvörşıl;Controversial issue.;Tartışmalı konu.;7;5
convey ;iletmek;/kənˈveɪ/;konvey;Convey meaning.;Anlam ilet.;7;5
crucial ;hayati;/ˈkruːʃəl/;kruuşıl;Crucial factor.;Kritik faktör.;3;5
deduce ;çıkarım yapmak;/dɪˈduːs/;diduus;Deduce logically.;Mantıksal çıkarım yap.;3;5
decipher;çözmek;/dɪˈsaɪfər/;disayfır;Decipher text.;Metni çöz.;3;5
depict ;tasvir etmek;/dɪˈpɪkt/;dipikt;Depict reality.;Gerçeği anlat.;3;5
deter;caydırmak;/dɪˈtɜːr/;ditör;Deter crime.;Suçu önle.;2;5
differentiate;ayırmak;/ˌdɪfəˈrenʃieɪt/;difırensiyeyt;Differentiate ideas.;Fikirleri ayır.;3;5
discern;fark etmek;/dɪˈsɜːrn/;disörn;Discern truth.;Gerçeği fark et.;3;5
distort ;çarpıtmak;/dɪˈstɔːrt/;distort;Distort facts.;Gerçeği çarpıt.;3;5
elaborate ;detaylandırmak;/ɪˈlæbəreɪt/;ileboreyt;Elaborate argument.;Argümanı detaylandır.;3;5
empirical ;deneysel;/ɪmˈpɪrɪkəl/;empirıkıl;Empirical data needed.;Deneysel veri gerekir.;3;5
entail ;desteklemek;/ɪnˈdɔːrs/;indors;Endorse policy.;Politikayı destekle.;3;5
explicit ;açık;/ɪkˈsplɪsɪt/;eksplisit;Explicit instruction.;Açık talimat.;3;5
facilitate ;kolaylaştırmak;/fəˈsɪlɪteɪt/;fesılıteyt;Facilitate discussion.;Tartışmayı kolaylaştır.;2;5
formulate ;formüle etmek;/ˈfɔːrmjəleɪt/;formyuleyt;Formulate ideas.;Fikir oluştur.;3;5
inherent;doğasında olan;/ɪnˈhɪrənt/;inherınt;Risk is inherent.;Risk doğaldır.;3;5
initiate;başlatmak;/ɪˈnɪʃieɪt/;inişiyeyt;Initiate process.;Süreci başlat.;2;5
integrate ;bütünleştirmek;/ˈɪntɪɡreɪt/;intigreyt;Integrate systems.;Sistemleri birleştir.;6;5
interpret ;yorumlamak;/ɪnˈtɜːrprət/;intörprıt;Interpret meaning.;Anlamı yorumla.;3;5
mitigate ;hafifletmek;/ˈmɪtɪɡeɪt/;mitıgeyt;Mitigate risks.;Riskleri azalt.;5;5
obscure ;belirsiz;/əbˈskjʊr/;obskyur;Obscure meaning.;Belirsiz anlam.;3;5
offset ;dengelemek;/ˈɔːfset/;ofset;Offset loss.;Zararı dengele.;2;5
persist ;sürmek;/pərˈsɪst/;pörsist;Issues persist.;Sorunlar sürer.;2;5
plausible ;makul;/ˈplɔːzəbəl/;plozıbıl;Plausible idea.;Mantıklı fikir.;3;5
reinforce ;güçlendirmek;/ˌriːɪnˈfɔːrs/;riinforz;Reinforce concept.;Kavramı güçlendir.;2;5
rigid ;katı;/ˈrɪdʒɪd/;ricid;Rigid system.;Katı sistem.;3;5
subtle ;ince;/ˈsʌtəl/;satıl;Subtle difference.;İnce fark.;3;5
suppress ;bastırmak;/səˈpres/;supres;Suppress reaction.;Tepkiyi bastır.;2;5
sustain ;sürdürmek;/səˈsteɪn/;sosteyn;Sustain effort.;Çabayı sürdür.;2;5
tangible ;somut;/ˈtændʒəbəl/;tencıbıl;Tangible results.;Somut sonuçlar.;3;5
validate ;doğrulamak;/ˈvælɪdeɪt/;valıdeyt;Validate theory.;Teoriyi doğrula.;3;5
withstand ;dayanmak;/wɪðˈstænd/;vithstend;Withstand pressure.;Baskıya dayan.;2;5
abstemious;ölçülü (yemede/içmede);/əbˈstiːmiəs/;abstimiyıs;He is abstemious in diet.;Beslenmede ölçülüdür.;5;5
abstruse;anlaşılması zor;/əbˈstruːs/;abstruus;The theory is abstruse.;Teori anlaşılması zor.;3;5
accost;laf atmak / yaklaşmak;/əˈkɒst/;akost;He was accosted in the street.;Sokakta durduruldu.;7;5
acquiesce;boyun eğmek;/ˌækwiˈes/;اكويyes;She acquiesced quietly.;Sessizce kabul etti.;7;5
acrimonious;sert / acı;/ˌækrɪˈmoʊniəs/;akrimonyıs;The debate was acrimonious.;Tartışma sertti.;7;5
adulation;aşırı övgü;/ˌædjuˈleɪʃən/;eculasyon;He disliked adulation.;Aşırı övgüyü sevmezdi.;7;5
aestheticism;estetikçilik;/iːsˈθetɪsɪzəm/;istetisizm;Aestheticism influenced art.;Estetikçilik sanatı etkiledi.;7;5
affable;cana yakın;/ˈæfəbəl/;efıbıl;He is affable and kind.;Cana yakın biridir.;7;5
affinity;yakınlık;/əˈfɪnɪti/;afinıti;She feels affinity to music.;Müziğe yakınlık hissediyor.;7;5
agnostic;bilinemezci;/æɡˈnɒstɪk/;agnostik;He is agnostic about religion.;Din konusunda agnostik.;3;5
altruistic;özgeci;/ˌæltruˈɪstɪk/;altruyistik;She is altruistic.;Özgecidir.;7;5
ambivalent;kararsız;/æmˈbɪvələnt/;ambivılınt;He felt ambivalent.;Kararsız hissetti.;7;5
anachronism;zamansızlık hatası;/əˈnækrənɪzəm/;anakronizm;The film had anachronisms.;Filmde zaman hataları vardı.;3;5
anomaly;anormallik;/əˈnɒməli/;anomali;This is an anomaly.;Bu bir anormallik.;3;5
antagonistic;düşmanca;/ænˌtæɡəˈnɪstɪk/;antagonistik;His tone was antagonistic.;Tavrı düşmancaydı.;7;5
apathy;ilgisizlik;/ˈæpəθi/;apati;Voter apathy increased.;Seçmen ilgisizliği arttı.;7;5
appease;yatıştırmak;/əˈpiːz/;apiiz;They appeased the crowd.;Kalabalığı yatıştırdılar.;7;5
apprehend;yakalamak / anlamak;/ˌæprɪˈhend/;eprihend;He couldn't apprehend the idea.;Fikri anlayamadı.;3;5
arbitrary (legal);keyfi;/ˈɑːrbɪtreri/;arbitreri;The decision was arbitrary.;Karar keyfiydi.;2;5
ardent;tutkulu;/ˈɑːrdənt/;ardınt;He is an ardent supporter.;Tutkulu destekçidir.;7;5
assiduous;çalışkan;/əˈsɪdʒuəs/;asicyuıs;She is assiduous in study.;Derslerinde çok çalışkandır.;2;5
austere;sade / sert;/ɔːˈstɪr/;ostir;The room was austere.;Oda sadeydi.;7;5
aversion;tiksinti;/əˈvɜːrʒən/;avörjın;He has aversion to noise.;Gürültüden hoşlanmaz.;7;5
benevolent;yardımsever;/bəˈnevələnt/;benevılınt;A benevolent leader.;Yardımsever lider.;7;5
benign;zararsız;/bɪˈnaɪn/;binayn;The tumor is benign.;Tümör zararsız.;5;5
brevity;kısalık;/ˈbrevɪti/;breviti;Brevity is important.;Kısa olmak önemlidir.;3;5
candidacy;adaylık;/ˈkændɪdəsi/;kendidısı;He announced candidacy.;Adaylığını açıkladı.;2;5
capricious;değişken;/kəˈprɪʃəs/;kaprişıs;Weather is capricious.;Hava değişkendir.;7;5
catharsis;duygusal arınma;/kəˈθɑːrsɪs/;katarzis;The play gave catharsis.;Oyun arınma sağladı.;7;5
chronology;kronoloji;/krəˈnɒlədʒi/;kronoloci;Study chronology.;Kronolojiyi incele.;3;5
circumstantial;dolaylı;/ˌsɜːrkəmˈstænʃəl/;sörkımstenşıl;Circumstantial evidence exists.;Dolaylı kanıt var.;3;5
cognition;biliş;/kɒɡˈnɪʃən/;kognisyon;Cognition affects learning.;Biliş öğrenmeyi etkiler.;3;5
coherent (logic);mantıklı;/koʊˈhɪrənt/;kohirınt;A coherent argument.;Mantıklı argüman.;3;5
cohesion;uyum;/koʊˈhiːʒən/;kohijın;Group cohesion matters.;Grup uyumu önemlidir.;3;5
complacent;rehavete kapılmış;/kəmˈpleɪsənt/;kompleysınt;Don't be complacent.;Rehavete kapılma.;7;5
condescending;küçümseyici;/ˌkɒndɪˈsendɪŋ/;kondisending;He was condescending.;Küçümseyiciydi.;7;5
connotation;çağrışım;/ˌkɒnəˈteɪʃən/;konoteyşın;Words have connotations.;Kelimelerin çağrışımı vardır.;3;5
conscientious;vicdanlı;/ˌkɒnʃiˈenʃəs/;konşienshıs;She is conscientious.;Vicdanlıdır.;2;5
consensus;uzlaşma;/kənˈsensəs/;konsensıs;They reached consensus.;Uzlaşmaya vardılar.;7;5
contingency;olasılık / ihtimal;/kənˈtɪndʒənsi/;kontinjen si;Plan for contingency.;Olasılığa göre plan yap.;3;5
contradictive;çelişkili;/ˌkɒntrəˈdɪktɪv/;kontradiktiv;Statements are contradictive.;İfadeler çelişkili.;3;5
correlation;ilişki;/ˌkɔːrəˈleɪʃən/;korıleyşın;Correlation exists.;İlişki var.;3;5
credence;inanç;/ˈkriːdəns/;kridıns;Give credence to data.;Veriye inan.;7;5
cumulative;birikimli;/ˈkjuːmjələtɪv/;kyumilativ;Effects are cumulative.;Etkiler birikimlidir.;3;5
debatable;tartışılabilir;/dɪˈbeɪtəbəl/;dibeytıbıl;The topic is debatable.;Konu tartışılabilir.;3;5
decipherable;çözülebilir;/dɪˈsaɪfərəbl/;disayfırıbıl;The code is decipherable.;Kod çözülebilir.;3;5
deference;saygı;/ˈdefərəns/;deferıns;Show deference.;Saygı göster.;7;5
delineate;tanımlamak;/dɪˈlɪnieɪt/;diliniyeyt;Delineate boundaries.;Sınırları çiz.;3;5
demography;demografi;/dɪˈmɒɡrəfi/;dimogrefi;Study demography.;Demografiyi incele.;4;5
denounce;kınamak;/dɪˈnaʊns/;dinauns;He denounced corruption.;Yolsuzluğu kınadı.;7;5
deplore;üzülmek;/dɪˈplɔːr/;diplor;They deplore injustice.;Adaletsizliğe üzülüyorlar.;7;5
derivative;türev;/dɪˈrɪvətɪv/;dirivativ;This is derivative work.;Bu türev çalışmadır.;3;5
desolate;ıssız;/ˈdesələt/;desolıt;The place is desolate.;Yer ıssız.;5;5
deterred;caydırılmış;/dɪˈtɜːrd/;ditörd;He was deterred.;Caydırıldı.;2;5
dichotomy;ikilik;/daɪˈkɒtəmi/;daykotomi;A false dichotomy.;Yanlış ikilik.;3;5
discretion;takdir yetkisi;/dɪˈskreʃən/;diskreşın;Use discretion.;Takdir kullan.;7;5
disparity;eşitsizlik;/dɪˈspærəti/;disparıti;Income disparity grows.;Gelir eşitsizliği artıyor.;7;5
disposition;eğilim;/ˌdɪspəˈzɪʃən/;dispızı şın;His disposition is calm.;Yapısı sakindir.;7;5
divergence;ayrışma;/daɪˈvɜːrdʒəns/;dayvörcıns;Divergence appears.;Ayrışma var.;3;5
dogmatic;dogmatik;/dɒɡˈmætɪk/;dogmatik;Avoid dogmatic thinking.;Dogmatik düşünmeden kaçın.;7;5
elusive;zor yakalanan;/ɪˈluːsɪv/;ilusiv;Success is elusive.;Başarı zor elde edilir.;3;5
empirical (science);deneysel;/ɪmˈpɪrɪkəl/;empirıkıl;Empirical research matters.;Deneysel araştırma önemli.;3;5
enigmatic;gizemli;/ˌenɪɡˈmætɪk/;enigmatik;He is enigmatic.;Gizemlidir.;3;5
ephemeral;geçici;/ɪˈfemərəl/;ifemerıl;Fame is ephemeral.;Şöhret geçicidir.;3;5
equilibrium;denge;/ˌiːkwɪˈlɪbriəm/;ikvilibrium;Maintain equilibrium.;Dengeyi koru.;3;5
equivocal;belirsiz;/ɪˈkwɪvəkəl/;ikvivokıl;His answer was equivocal.;Cevabı belirsizdi.;3;5
erroneous;hatalı;/ɪˈroʊniəs/;ironius;That was erroneous.;Bu hatalıydı.;3;5
explicit (formal);açık;/ɪkˈsplɪsɪt/;eksplisit;Be explicit.;Açık ol.;3;5
feasible (formal);uygulanabilir;/ˈfiːzəbəl/;fiizıbıl;The plan is feasible.;Plan uygulanabilir.;2;5
fluctuating;değişken;/ˈflʌktʃueɪtɪŋ/;flakçueyting;A fluctuating market.;Dalgalı piyasa.;2;5
formidable;korkutucu;/ˈfɔːrmɪdəbəl/;formidıbıl;A formidable opponent.;Güçlü rakip.;7;5
futile;boşuna;/ˈfjuːtaɪl/;fyutayl;Effort was futile.;Çaba boşa gitti.;3;5
generic;genel;/dʒəˈnerɪk/;jenerik;A generic term.;Genel terim.;3;5
hypothetical;varsayımsal;/ˌhaɪpəˈθetɪkəl/;haypotetikıl;A hypothetical case.;Varsayımsal durum.;3;5
impartial;tarafsız;/ɪmˈpɑːrʃəl/;imparşıl;Be impartial.;Tarafsız ol.;7;5
implicit;örtük;/ɪmˈplɪsɪt/;implisit;Implicit meaning exists.;Gizli anlam var.;3;5
inevitable (formal);kaçınılmaz;/ɪnˈevɪtəbəl/;inevıtıbıl;Change is inevitable.;Değişim kaçınılmaz.;3;5
inherent (formal);doğasında olan;/ɪnˈhɪrənt/;inherınt;Risk is inherent.;Risk doğaldır.;3;5
inhibit;engellemek;/ɪnˈhɪbɪt/;inhibıt;Fear inhibits action.;Korku eylemi engeller.;2;5
integral;ayrılmaz;/ˈɪntɪɡrəl/;intigrıl;It is integral.;Bu ayrılmazdır.;3;5
intricate;karmaşık;/ˈɪntrɪkət/;intrikıt;An intricate design.;Karmaşık tasarım.;3;5
intuitive;sezgisel;/ɪnˈtuːɪtɪv/;intuitiv;Intuitive thinking helps.;Sezgisel düşünme yardımcıdır.;3;5
justify (formal);gerekçelendirmek;/ˈdʒʌstɪfaɪ/;castifay;Justify claims.;İddiaları açıkla.;3;5
legitimate;meşru;/lɪˈdʒɪtɪmət/;licitımıt;A legitimate reason.;Geçerli sebep.;2;5
manipulate (formal);manipüle etmek;/məˈnɪpjəleɪt/;menipyuleyt;Manipulate data.;Veriyi manipüle et.;7;5
negligible;önemsiz;/ˈneɡlɪdʒəbəl/;neglıcibıl;Impact is negligible.;Etki önemsiz.;3;5
objective (neutral);tarafsız;/əbˈdʒektɪv/;objecktiv;Stay objective.;Tarafsız kal.;3;5
obsolete;modası geçmiş;/ˈɑːbsəliːt/;obsoliit;Technology became obsolete.;Teknoloji eskidi.;2;5
paradoxical;paradoksal;/ˌpærəˈdɒksɪkəl/;paradoksikıl;A paradoxical idea.;Paradoksal fikir.;3;5
perceive (formal);algılamak;/pərˈsiːv/;pörsiiv;Perceive truth.;Gerçeği algıla.;3;5
abjure;vazgeçmek (yeminle);/əbˈdʒʊr/;abcur;He abjured his beliefs.;İnançlarından vazgeçti.;7;5
abrasive;sert / aşındırıcı;/əˈbreɪsɪv/;abreysiv;His tone was abrasive.;Tonu sertti.;7;5
absolve;aklamak;/əbˈzɒlv/;abzolv;He was absolved of blame.;Suçtan aklandı.;7;5
abstruse (deep);çok karmaşık;/əbˈstruːs/;abstruus;The text is abstruse.;Metin çok karmaşık.;3;5
accentuate;vurgulamak;/ækˈsentʃueɪt/;aksentçueyt;Accentuation matters.;Vurgu önemlidir.;3;5
acquit;beraat ettirmek;/əˈkwɪt/;ekvit;He was acquitted.;Beraat etti.;2;5
adamancy;kararlılık;/ˈædəmənsi/;edımınsi;Her adamancy impressed.;Kararlılığı etkiledi.;7;5
adroit;becerikli;/əˈdrɔɪt/;adroyt;He is adroit at negotiation.;Müzakerede ustadır.;2;5
aesthetic (philosophical);estetiksel;/iːsˈθetɪk/;istetik;Aesthetic value matters.;Estetik değer önemlidir.;7;5
affluence;refah;/ˈæfluəns/;efluıns;He lives in affluence.;Refah içinde yaşıyor.;2;5
agitate;kışkırtmak;/ˈædʒɪteɪt/;eciteyt;He agitated the crowd.;Kalabalığı kışkırttı.;7;5
allude;ima etmek;/əˈluːd/;aluud;He alluded to a problem.;Bir soruna değindi.;3;5
ambiguity (formal);belirsizlik;/ˌæmbɪˈɡjuːəti/;ambigyuıti;Avoid ambiguity.;Belirsizlikten kaçın.;3;5
ameliorate;iyileştirmek;/əˈmiːliəreɪt/;emiliyıreyt;Measures ameliorate conditions.;Önlemler durumu iyileştirir.;2;5
anarchy;anarşi;/ˈænərki/;anerki;Society fell into anarchy.;Toplum anarşiye düştü.;7;5
anecdotal;anekdotsal;/ˌænɪkˈdoʊtəl/;anikdotıl;Anecdotal evidence exists.;Anekdotsal kanıt var.;3;5
anomalous;anormal;/əˈnɒmələs/;anomılıs;Results are anomalous.;Sonuçlar anormal.;3;5
antagonize;kızdırmak;/ænˈtæɡənaɪz/;antagonayz;He antagonized them.;Onları kızdırdı.;7;5
antiquated;eski moda;/ˈæntɪkweɪtɪd/;entikveytid;The system is antiquated.;Sistem eski.;2;5
apathetic;ilgisiz;/ˌæpəˈθetɪk/;apıthetik;He seemed apathetic.;İlgisiz görünüyordu.;7;5
appeasement;yatıştırma;/əˈpiːzmənt/;apiizmınt;Appeasement failed.;Yatıştırma başarısız oldu.;7;5
arbitrary (critical);keyfi;/ˈɑːrbɪtreri/;arbitreri;The choice was arbitrary.;Seçim keyfiydi.;3;5
arcane;gizli / anlaşılmaz;/ɑːrˈkeɪn/;arkeyn;The topic is arcane.;Konu anlaşılmaz.;3;5
articulate (precise);net ifade etmek;/ɑːrˈtɪkjəleɪt/;artikyuleyt;Articulate clearly.;Net ifade et.;7;5
asperity;sertlik;/əˈsperəti/;asperıti;His asperity shocked us.;Sertliği şaşırttı.;7;5
assuage;yatıştırmak;/əˈsweɪdʒ/;əsveyc;Assuage fears.;Korkuları yatıştır.;5;5
austere (strict);sert / sade;/ɔːˈstɪr/;ostir;An austere regime.;Sert yönetim.;7;5
avarice;açgözlülük;/ˈævərɪs/;everis;Avarice destroys trust.;Açgözlülük güveni yok eder.;7;5
axiomatic;apaçık;/ˌæksiəˈmætɪk/;aksiyomatik;It is axiomatic.;Bu apaçık.;3;5
banal;sıradan;/bəˈnɑːl/;banal;A banal idea.;Sıradan fikir.;3;5
belligerent;saldırgan;/bəˈlɪdʒərənt/;belicırınt;A belligerent attitude.;Saldırgan tavır.;7;5
benevolence;iyilikseverlik;/bəˈnevələns/;benevılıns;Benevolence matters.;İyilikseverlik önemlidir.;7;5
brevity (formal);kısalık;/ˈbrevɪti/;breviti;Brevity helps clarity.;Kısalık açıklık sağlar.;3;5
brusque;kaba;/brʌsk/;brask;His tone was brusque.;Tavrı kabaydı.;7;5
candor;dürüstlük;/ˈkændər/;kendır;He spoke with candor.;Açık konuştu.;7;5
capitulate;teslim olmak;/kəˈpɪtʃəleɪt/;kapitçuleyt;They capitulated.;Teslim oldular.;2;5
causal;nedensel;/ˈkɔːzəl/;kozıl;A causal relationship.;Nedensel ilişki.;3;5
censure;kınamak;/ˈsenʃər/;senşır;He was censured.;Kınandı.;7;5
coherence;tutarlılık;/koʊˈhɪrəns/;kohirıns;Coherence is key.;Tutarlılık önemli.;3;5
complacency;rehavet;/kəmˈpleɪsənsi/;kompleysınsi;Avoid complacency.;Rehavetten kaçın.;7;5
concise (formal);özlü;/kənˈsaɪs/;konsays;Be concise.;Kısa ol.;3;5
conjecture;varsayım;/kənˈdʒektʃər/;koncekçır;It is conjecture.;Bu varsayım.;3;5
conflate;karıştırmak;/kənˈfleɪt/;konfl eyt;Do not conflate issues.;Konuları karıştırma.;3;5
conscientious (deep);vicdanlı;/ˌkɒnʃiˈenʃəs/;konşienshıs;A conscientious worker.;Vicdanlı çalışan.;2;5
consensus (deep);uzlaşma;/kənˈsensəs/;konsensıs;Reach consensus.;Uzlaşmaya var.;7;5
conspicuous;göze çarpan;/kənˈspɪkjuəs/;konsipikyus;A conspicuous error.;Belirgin hata.;3;5
contentious;tartışmalı;/kənˈtenʃəs/;kontenşıs;A contentious issue.;Tartışmalı konu.;7;5
corroborate;doğrulamak;/kəˈrɒbəreɪt/;koroboreyt;Evidence corroborates claims.;Kanıt doğruluyor.;3;5
credulous;kolay inanan;/ˈkredʒələs/;krecıləs;He is credulous.;Kolay inanır.;7;5
cursory;yüzeysel;/ˈkɜːrsəri/;körsıri;A cursory review.;Yüzeysel inceleme.;3;5
dearth;kıtlık;/dɜːrθ/;dörth;A dearth of data.;Veri eksikliği.;2;5
decorum;nezaket;/dɪˈkɔːrəm/;dikorım;Maintain decorum.;Nezaketi koru.;7;5
deferential;saygılı;/ˌdefəˈrenʃəl/;deferenşıl;A deferential tone.;Saygılı ton.;7;5
delineation;tanımlama;/dɪˌlɪniˈeɪʃən/;diliniyeyşın;Clear delineation.;Net tanım.;3;5
denigration;kötüleme;/ˌdenɪˈɡreɪʃən/;denigreyişın;Denigration harms trust.;Kötüleme zarar verir.;7;5
despondent;umutsuz;/dɪˈspɒndənt/;dispondınt;He felt despondent.;Umutsuz hissetti.;7;5
detraction;kötüleme;/dɪˈtrækʃən/;ditrakşın;Ignore detraction.;Kötülemeyi görmezden gel.;7;5
dichotomous;ikili;/daɪˈkɒtəməs/;daykotomıs;A dichotomous choice.;İkili seçim.;3;5
diffusion;yayılma;/dɪˈfjuːʒən/;difyujın;Diffusion occurs.;Yayılma olur.;6;5
dissonance;uyumsuzluk;/ˈdɪsənəns/;disınans;Cognitive dissonance exists.;Bilişsel uyumsuzluk var.;3;5
dogmatism;dogmatizm;/ˈdɒɡmətɪzəm/;dogmatizm;Avoid dogmatism.;Dogmatizmden kaçın.;7;5
eclectic;seçmeci;/ɪˈklektɪk/;iklektik;An eclectic style.;Seçmeci tarz.;3;5
efface;silmek;/ɪˈfeɪs/;ifeys;Time effaces memory.;Zaman hafızayı siler.;2;5
efficacy;etkililik;/ˈefɪkəsi/;efikası;Drug efficacy matters.;İlacın etkisi önemli.;2;5
eloquence;hitabet;/ˈeləkwəns/;elokvıns;His eloquence impressed.;Hitabeti etkiledi.;7;5
emulation;taklit;/ˌemjəˈleɪʃən/;emyuleyşın;Emulation leads to growth.;Taklit gelişim sağlar.;7;5
encomium;övgü;/enˈkoʊmiəm/;enkomiyım;He received encomium.;Övgü aldı.;7;5
endemic;yaygın;/enˈdemɪk/;endemik;The issue is endemic.;Sorun yaygın.;5;5
enigma;gizem;/ɪˈnɪɡmə/;enigme;He is an enigma.;O bir gizem.;3;5
entailment;gereklilik;/ɪnˈteɪlmənt/;inteylmınt;Logical entailment exists.;Mantıksal gereklilik var.;3;5
epistemology;bilgi kuramı;/ɪˌpɪstəˈmɒlədʒi/;epistomoloji;Study epistemology.;Bilgi kuramını incele.;3;5
equivocation;kaçamak cevap;/ɪˌkwɪvəˈkeɪʃən/;ikvivokeyşın;Avoid equivocation.;Kaçamak cevap verme.;3;5
erudite;bilgili;/ˈerjʊdaɪt/;eryudayt;An erudite scholar.;Bilgili akademisyen.;3;5
esoteric;gizli;/ˌesəˈterɪk/;esoterik;Esoteric knowledge exists.;Gizli bilgi var.;3;5
ethos;etik değer;/ˈiːθɒs/;ithos;Professional ethos matters.;Etik önemlidir.;7;5
euphemism;örtmece;/ˈjuːfəmɪzəm/;yufemizm;Use euphemism carefully.;Örtmeceyi dikkatli kullan.;3;5
exacerbate;kötüleştirmek;/ɪɡˈzæsəbeɪt/;igzasıbe yt;This exacerbates issues.;Bu sorunu kötüleştirir.;5;5
exonerate;aklamak;/ɪɡˈzɒnəreɪt/;igzonereyt;He was exonerated.;Aklanıdı.;2;5
extrapolate;çıkarım yapmak;/ɪkˈstræpəleɪt/;ekstrapoleyt;Extrapolate results.;Sonuç çıkar.;3;5
fallacious;hatalı;/fəˈleɪʃəs/;fale yşıs;A fallacious argument.;Hatalı argüman.;3;5
feasible (academic);uygulanabilir;/ˈfiːzəbəl/;fiizıbıl;A feasible plan.;Uygulanabilir plan.;2;5
fervent;ateşli;/ˈfɜːrvənt/;förvınt;A fervent belief.;Güçlü inanç.;7;5
fortuitous;tesadüfi;/fɔːrˈtuːɪtəs/;fortuytıs;A fortuitous event.;Tesadüfi olay.;1;5
galvanize;harekete geçirmek;/ˈɡælvənaɪz/;galvınayz;The speech galvanized people.;Konuşma insanları harekete geçirdi.;7;5
hegemony;hegemonya;/hɪˈdʒeməni/;hecemoni;Cultural hegemony exists.;Kültürel hegemonya var.;7;5
immutable;değişmez;/ɪˈmjuːtəbəl/;imyutıbıl;Laws seem immutable.;Yasalar değişmez görünür.;3;5
impasse;çıkmaz;/ˈɪmpæs/;impas;Talks reached impasse.;Görüşmeler tıkandı.;2;5
imperative;zorunlu;/ɪmˈperətɪv/;imperativ;It is imperative.;Zorunludur.;2;5
incisive;keskin;/ɪnˈsaɪsɪv/;insaysiv;An incisive remark.;Keskin yorum.;3;5
abnegation;kendini feda etme;/ˌæbnɪˈɡeɪʃən/;abnige yşın;His abnegation was admirable.;Fedakarlığı takdire şayandı.;7;5
abominable;iğrenç;/əˈbɒmɪnəbəl/;abomınıbıl;The conditions were abominable.;Koşullar iğrençti.;7;5
abscond;kaçmak;/əbˈskɒnd/;abskond;He absconded with money.;Parayla kaçtı.;2;5
abstruse ;anlaşılmaz;/əbˈstruːs/;abstruus;The theory is abstruse.;Teori anlaşılmaz.;3;5
accretion;birikme;/əˈkriːʃən/;akriişın;Knowledge grows by accretion.;Bilgi birikerek artar.;3;5
acuity;keskinlik;/əˈkjuːɪti/;akyuiti;Mental acuity is vital.;Zihinsel keskinlik önemlidir.;3;5
adulation ;aşırı övgü;/ˌædjuˈleɪʃən/;eculasyon;He disliked adulation.;Aşırı övgüyü sevmezdi.;7;5
aegis;koruma;/ˈiːdʒɪs/;iicis;Under the aegis of law.;Yasa koruması altında.;2;5
alacrity;heves;/əˈlækrəti/;alakriti;He accepted with alacrity.;Hevesle kabul etti.;7;5
amelioration;iyileştirme;/əˌmiːliəˈreɪʃən/;emiliyıre yşın;Policies bring amelioration.;Politikalar iyileşme sağlar.;2;5
anathema;lanet / nefret edilen;/əˈnæθəmə/;anatema;Corruption is anathema.;Yolsuzluk nefret edilir.;7;5
apocryphal;doğruluğu şüpheli;/əˈpɒkrɪfəl/;apokrıfıl;The story is apocryphal.;Hikaye şüpheli.;3;5
apotheosis;yücelme;/əˌpɒθiˈoʊsɪs/;apotiyosis;It was the apotheosis of art.;Sanatın zirvesiydi.;7;5
approbation;onay;/ˌæprəˈbeɪʃən/;aprobe yşın;He gained approbation.;Onay aldı.;7;5
arcadia;huzurlu yer;/ɑːrˈkeɪdiə/;arkedya;They dreamed of Arcadia.;Huzurlu bir yer hayal ettiler.;7;5
ascetic;çileci;/əˈsetɪk/;asetik;He lived an ascetic life.;Çileci yaşadı.;7;5
aspersion;iftira;/əˈspɜːrʒən/;aspörjın;He cast aspersions.;İftira attı.;7;5
assiduity;gayret;/ˌæsɪˈdjuːɪti/;asidyuiti;Success needs assiduity.;Başarı çaba ister.;2;5
atavistic;ilkel;/ˌætəˈvɪstɪk/;atavistik;Atavistic behavior emerged.;İlkel davranış ortaya çıktı.;3;5
attenuation;zayıflama;/əˌtenjuˈeɪʃən/;atenyue yşın;Signal attenuation occurred.;Sinyal zayıfladı.;3;5
auspicious;uğurlu;/ɔːˈspɪʃəs/;ospişıs;An auspicious start.;Uğurlu başlangıç.;7;5
axiomatic (C2);apaçık;/ˌæksiəˈmætɪk/;aksiyomatik;It is axiomatic.;Bu apaçık.;3;5
baleful;tehditkar;/ˈbeɪlfəl/;beyfıl;A baleful look.;Tehditkar bakış.;7;5
beatific;huzurlu;/ˌbiːəˈtɪfɪk/;biatifik;A beatific smile.;Huzurlu gülümseme.;7;5
bellicose;savaşçı;/ˈbelɪkoʊs/;belikos;A bellicose tone.;Savaşçı ton.;7;5
bilious;öfkeli;/ˈbɪliəs/;bilyıs;He was bilious.;Çok öfkeliydi.;5;5
blithe;kaygısız;/blaɪð/;blayt;A blithe attitude.;Umursamaz tavır.;7;5
bombastic;abartılı;/bɒmˈbæstɪk/;bombastik;Bombastic speech.;Abartılı konuşma.;7;5
calumny;iftira;/ˈkæləmni/;kalımni;He spread calumny.;İftira yaydı.;7;5
canard;asılsız haber;/kəˈnɑːrd/;kanard;It was a canard.;Asılsız haberdi.;7;5
capitulation;teslimiyet;/kəˌpɪtʃəˈleɪʃən/;kapitçule yşın;Capitulation followed.;Teslimiyet geldi.;2;5
castigation;azarlama;/ˌkæstɪˈɡeɪʃən/;kastige yşın;He faced castigation.;Azarlanma yaşadı.;7;5
chicanery;hile;/ʃɪˈkeɪnəri/;şikenıri;Political chicanery exists.;Siyasi hile var.;2;5
cogent;ikna edici;/ˈkoʊdʒənt/;kocınt;A cogent argument.;Güçlü argüman.;3;5
compunction;vicdan azabı;/kəmˈpʌŋkʃən/;کمپankşın;He felt compunction.;Vicdan azabı çekti.;7;5
conflagration;büyük yangın;/ˌkɒnfləˈɡreɪʃən/;konfligre yşın;A conflagration spread.;Büyük yangın yayıldı.;5;5
conundrum;bilmece / sorun;/kəˈnʌndrəm/;कनandırım;A difficult conundrum.;Zor problem.;3;5
corpulent;şişman;/ˈkɔːrpjələnt/;korpyulınt;A corpulent man.;Şişman adam.;5;5
credulity;saflık;/krɪˈdjuːləti/;kridyulıti;Exploit credulity.;Saflığı kullan.;7;5
cupidity;açgözlülük;/kjuːˈpɪdəti/;kyupidıti;Cupidity causes harm.;Açgözlülük zarar verir.;7;5
desiccated;kurumuş;/ˈdesɪkeɪtɪd/;desikeytid;Desiccated land.;Kurumuş toprak.;5;5
diatribe;sert eleştiri;/ˈdaɪətraɪb/;dayıtrayb;He delivered a diatribe.;Sert eleştiri yaptı.;7;5
dissonant;uyumsuz;/ˈdɪsənənt/;disınant;Dissonant sounds.;Uyumsuz sesler.;3;5
ebullient;coşkulu;/ɪˈbʌljənt/;ibalyınt;An ebullient personality.;Coşkulu karakter.;7;5
effrontery;küstahlık;/ɪˈfrʌntəri/;ifrantıri;His effrontery shocked us.;Küstahlığı şok etti.;7;5
egregious;aşırı kötü;/ɪˈɡriːdʒəs/;igrıcıs;An egregious error.;Büyük hata.;7;5
enervate;güçsüz bırakmak;/ˈenərveɪt/;enerveyt;Heat enervates.;Sıcak güçsüz bırakır.;5;5
epiphany;aydınlanma;/ɪˈpɪfəni/;ipifani;He had an epiphany.;Aydınlanma yaşadı.;3;5
equivocate;kaçamak yapmak;/ɪˈkwɪvəkeɪt/;ikvivokeyt;Do not equivocate.;Kaçamak yapma.;3;5
erudition;derin bilgi;/ˌerjuˈdɪʃən/;eryudışın;His erudition impressed.;Bilgisi etkiledi.;3;5
evanescent;geçici;/ˌevəˈnesənt/;evanesınt;An evanescent trend.;Geçici trend.;3;5
excoriate;sert eleştirmek;/ɪkˈskɔːrieɪt/;ekskoryeyt;Critics excoriated him.;Eleştirmenler yerdi.;7;5
expurgate;sansürlemek;/ˈekspɜːrɡeɪt/;ekspörgeyt;The text was expurgated.;Metin sansürlendi.;2;5
fastidious;titiz;/fæˈstɪdiəs/;fastidyıs;He is fastidious.;Çok titizdir.;7;5
fecund;verimli;/ˈfiːkʌnd/;fikand;A fecund mind.;Verimli zihin.;3;5
flippant;saygısız;/ˈflɪpənt/;flipınt;A flippant remark.;Saygısız söz.;7;5
fulminate;öfkeyle konuşmak;/ˈfʌlmɪneɪt/;فالmineneyt;He fulminated loudly.;Öfkeyle konuştu.;7;5
garrulous;geveze;/ˈɡærjələs/;garyıləs;A garrulous person.;Geveze kişi.;7;5
grandiloquent;abartılı konuşan;/ɡrænˈdɪləkwənt/;grandilokvınt;Grandiloquent speech.;Abartılı konuşma.;7;5
hackneyed;klişe;/ˈhæknid/;heknid;A hackneyed phrase.;Klişe ifade.;3;5
hedonistic;hazcı;/ˌhiːdəˈnɪstɪk/;hidonistik;A hedonistic lifestyle.;Hazcı yaşam.;7;5
iconoclast;gelenek yıkan;/aɪˈkɒnəklæst/;aykonoklast;He is an iconoclast.;Gelenek yıkar.;7;5
imbroglio;karmaşa;/ɪmˈbroʊlioʊ/;imbrolio;A political imbroglio.;Siyasi karmaşa.;2;5
impecunious;parasız;/ˌɪmpɪˈkjuːniəs/;impikyuniıs;He was impecunious.;Fakirdi.;2;5
implacable;affetmez;/ɪmˈplækəbəl/;implakıbıl;An implacable enemy.;Affetmez düşman.;7;5
incipient;başlangıç aşamasında;/ɪnˈsɪpiənt/;insipiyınt;Incipient problems.;Yeni başlayan sorunlar.;3;5
ineluctable;kaçınılmaz;/ˌɪnɪˈlʌktəbəl/;inelaktıbıl;An ineluctable fate.;Kaçınılmaz kader.;3;5
insidious;sinsi;/ɪnˈsɪdiəs/;insidiyıs;An insidious threat.;Sinsi tehdit.;7;5
intransigent;uzlaşmaz;/ɪnˈtrænsɪdʒənt/;intrensicınt;He remained intransigent.;Uzlaşmadı.;7;5
inveterate;alışkanlık haline gelmiş;/ɪnˈvetərət/;invetırıt;An inveterate liar.;Alışkanlık olmuş yalancı.;7;5
irascible;çabuk sinirlenen;/ɪˈræsɪbəl/;irasıbıl;An irascible man.;Sinirli adam.;7;5
jejune;yüzeysel;/dʒɪˈdʒuːn/;cecuun;A jejune argument.;Yüzeysel argüman.;3;5
laconic;kısa konuşan;/ləˈkɒnɪk/;lakonik;A laconic reply.;Kısa cevap.;7;5
mendacious;yalancı;/menˈdeɪʃəs/;مندeyşıs;A mendacious claim.;Yalan iddia.;7;5
obfuscate;anlaşılmaz yapmak;/ˈɒbfʌskeɪt/;obfıskeyt;Do not obfuscate.;Karmaşıklaştırma.;3;5
obsequious;aşırı itaatkar;/əbˈsiːkwiəs/;absikviyıs;An obsequious attitude.;Aşırı itaatkar tavır.;7;5
parsimonious;cimri;/ˌpɑːrsɪˈmoʊniəs/;parsimoniyıs;A parsimonious man.;Cimri adam.;2;5
perfunctory;özensiz;/pərˈfʌŋktəri/;pörfanktıri;A perfunctory task.;Gelişigüzel iş.;2;5
perspicacious;sezgili;/ˌpɜːrspɪˈkeɪʃəs/;pörspikeyşıs;A perspicacious insight.;Keskin sezgi.;3;5
phlegmatic;sakin;/fleɡˈmætɪk/;flegmatik;A phlegmatic response.;Sakin tepki.;7;5
prolix;gereksiz uzun;/ˈproʊlɪks/;prolix;A prolix explanation.;Uzun anlatım.;3;5
recondite;anlaşılması zor;/ˈrekəndaɪt/;rekondayt;Recondite knowledge.;Derin bilgi.;3;5
sagacious;bilge;/səˈɡeɪʃəs/;sageyşıs;A sagacious leader.;Bilge lider.;3;5
surreptitious;gizli;/ˌsɜːrəpˈtɪʃəs/;سرaptışıs;Surreptitious action.;Gizli hareket.;7;5
taciturn;konuşkan olmayan;/ˈtæsɪtɜːrn/;tasitörn;A taciturn person.;Az konuşan kişi.;7;5
trenchant;keskin;/ˈtrentʃənt/;trençınt;A trenchant critique.;Keskin eleştiri.;3;5
vicissitude;değişkenlik;/vɪˈsɪsɪtuːd/;visisitıud;Life's vicissitudes.;Hayatın iniş çıkışları.;3;5
vitriolic;sert / yakıcı;/ˌvɪtriˈɒlɪk/;vitriyolik;A vitriolic comment.;Sert yorum.;7;5
abrogate ;yürürlükten kaldırmak;/ˈæbrəɡeɪt/;abrıgeyt;The treaty was abrogated.;Antlaşma kaldırıldı.;2;5
abscond (legal);kaçmak;/əbˈskɒnd/;abskond;He absconded abroad.;Yurtdışına kaçtı.;2;5
abstruseness;anlaşılmazlık;/əbˈstruːsnəs/;abstruusnıs;The abstruseness confused readers.;Karmaşıklık okurları şaşırttı.;3;5
acerbic;iğneleyici;/əˈsɜːrbɪk/;asörbik;His acerbic tone hurt people.;İğneleyici tonu incitti.;7;5
acquittal;beraat;/əˈkwɪtəl/;ekvıtıl;The acquittal shocked many.;Beraat şaşırttı.;2;5
acrid;keskin (koku/tat);/ˈækrɪd/;akrid;Acrid smoke filled air.;Keskin duman yayıldı.;5;5
adumbrate;ima etmek;/ˈædʌmbreɪt/;adambreyt;He adumbrated future plans.;Planları ima etti.;3;5
affability;cana yakınlık;/ˌæfəˈbɪləti/;efabılıti;His affability impressed us.;Samimiyeti etkiledi.;7;5
affliction;sıkıntı;/əˈflɪkʃən/;aflikşın;Poverty is an affliction.;Yoksulluk bir sıkıntıdır.;5;5
aggrandize;büyütmek / abartmak;/əˈɡrændaɪz/;agrendayz;He aggrandized achievements.;Başarılarını abarttı.;2;5
alchemy;dönüşüm (metaforik);/ˈælkəmi/;alkımi;Art is like alchemy.;Sanat dönüşüm gibidir.;3;5
altercation;tartışma;/ˌɔːltərˈkeɪʃən/;oltırkeyşın;An altercation occurred.;Tartışma çıktı.;7;5
altruism;özgecilik;/ˈæltruːɪzəm/;altruyizm;Altruism benefits society.;Özgecilik faydalıdır.;7;5
amalgamate;birleştirmek;/əˈmælɡəmeɪt/;emelgımeyt;Merge to amalgamate ideas.;Fikirleri birleştir.;2;5
ambivalence;kararsızlık;/æmˈbɪvələns/;ambivılıns;He felt ambivalence.;Kararsızdı.;7;5
anachronistic;çağ dışı;/əˌnækrəˈnɪstɪk/;anakronistik;The idea is anachronistic.;Fikir çağ dışı.;3;5
anecdote;kısa hikaye;/ˈænɪkdoʊt/;anikdot;He told an anecdote.;Kısa hikaye anlattı.;7;5
animosity;düşmanlık;/ˌænɪˈmɒsɪti/;animositi;There is animosity.;Düşmanlık var.;7;5
anoint;kutsamak;/əˈnɔɪnt/;anoynt;He was anointed leader.;Lider seçildi.;7;5
antecedent;öncül;/ˌæntɪˈsiːdənt/;antisidınt;Study antecedents.;Öncekileri incele.;3;5
antipathy;antipati;/ænˈtɪpəθi/;antipati;He felt antipathy.;Antipati duydu.;7;5
apathy (deep);ilgisizlik;/ˈæpəθi/;apati;Apathy spreads.;İlgisizlik yayılır.;7;5
apprise;bilgilendirmek;/əˈpraɪz/;apraiz;Apprise me of changes.;Beni bilgilendir.;2;5
arbitrary (extreme);tamamen keyfi;/ˈɑːrbɪtreri/;arbitreri;The rule was arbitrary.;Kural keyfiydi.;3;5
arcane (deep);gizli bilgi;/ɑːrˈkeɪn/;arkeyn;Arcane knowledge exists.;Gizli bilgi var.;3;5
ascension;yükseliş;/əˈsenʃən/;asenşın;His ascension was rapid.;Hızlı yükseldi.;3;5
aspersion ;iftira;/əˈspɜːrʒən/;aspörjın;Avoid aspersions.;İftiradan kaçın.;7;5
attenuation (deep);zayıflama;/əˌtenjuˈeɪʃən/;atenyueyşın;Signal attenuation matters.;Sinyal zayıflaması önemli.;3;5
audacious;cüretkar;/ɔːˈdeɪʃəs/;odeyşıs;An audacious move.;Cüretkar hareket.;7;5
austere (extreme);katı;/ɔːˈstɪr/;ostir;An austere life.;Sert yaşam.;7;5
aversion (deep);güçlü nefret;/əˈvɜːrʒən/;avörjın;Aversion increased.;Nefret arttı.;7;5
banal ;sıradan;/bəˈnɑːl/;banal;A banal comment.;Sıradan yorum.;3;5
belittle;küçümsemek;/bɪˈlɪtəl/;bilitıl;Don't belittle others.;Küçümseme.;7;5
benign (medical nuance);zararsız;/bɪˈnaɪn/;binayn;The tumor is benign.;Tümör zararsız.;5;5
bias (deep);önyargı;/ˈbaɪəs/;bayıs;Avoid bias.;Önyargıdan kaçın.;3;5
brusqueness;kabalık;/ˈbrʌsknəs/;brasknıs;His brusqueness shocked.;Kabalığı şaşırttı.;7;5
candor (deep);dürüstlük;/ˈkændər/;kendır;Candor is valued.;Dürüstlük önemlidir.;7;5
causality;nedensellik;/kɔːˈzæləti/;kozalıti;Study causality.;Nedenselliği incele.;3;5
censure (deep);ağır kınama;/ˈsenʃər/;senşır;He faced censure.;Kınandı.;7;5
coherence (logic);tutarlılık;/koʊˈhɪrəns/;kohirıns;Coherence matters.;Tutarlılık önemli.;3;5
complacency (deep);rehavet;/kəmˈpleɪsənsi/;kompleysınsi;Avoid complacency.;Rehavetten kaçın.;7;5
condescension;küçümseme;/ˌkɒndɪˈsenʃən/;kondisenşın;He showed condescension.;Küçümsedi.;7;5
conflation;karıştırma;/kənˈfleɪʃən/;konfl e yşın;Avoid conflation.;Karıştırma.;3;5
conscientiousness;vicdanlılık;/ˌkɒnʃiˈenʃəsnəs/;konşienshısnıs;Conscientiousness matters.;Vicdanlılık önemli.;2;5
conspicuity;belirginlik;/kənˌspɪkjuˈɪti/;konsipikyuiti;Conspicuity increased.;Belirginlik arttı.;3;5
consternation;şaşkınlık;/ˌkɒnstərˈneɪʃən/;konsterneyşın;News caused consternation.;Haber şaşkınlık yarattı.;7;5
contention;tartışma;/kənˈtenʃən/;kontenşın;A major contention.;Büyük tartışma.;7;5
corroboration;doğrulama;/kəˌrɒbəˈreɪʃən/;koroboreyşın;Evidence gives corroboration.;Kanıt doğrular.;3;5
credence (deep);inanılırlık;/ˈkriːdəns/;kridıns;Give credence.;İnan.;7;5
culmination;zirve;/ˌkʌlmɪˈneɪʃən/;kalmineyşın;The project reached culmination.;Proje zirveye ulaştı.;3;5
cursory (C2 nuance);yüzeysel;/ˈkɜːrsəri/;körsıri;A cursory glance.;Yüzeysel bakış.;3;5
deference (deep);saygı;/ˈdefərəns/;deferıns;Show deference.;Saygı göster.;7;5
delineate (deep);açıkça belirtmek;/dɪˈlɪnieɪt/;diliniyeyt;Delineate roles.;Roller belirle.;3;5
denounce (formal);kınamak;/dɪˈnaʊns/;dinauns;Denounce injustice.;Adaletsizliği kına.;7;5
deplorable;berbat;/dɪˈplɔːrəbəl/;diplorıbıl;Conditions are deplorable.;Koşullar kötü.;7;5
derivative (deep);türev;/dɪˈrɪvətɪv/;dirivativ;Derivative thinking.;Türev düşünce.;3;5
despondency;umutsuzluk;/dɪˈspɒndənsi/;dispondınsi;He felt despondency.;Umutsuzdu.;7;5
deterrence;caydırıcılık;/dɪˈterəns/;ditırıns;Deterrence works.;Caydırıcılık işe yarar.;2;5
dichotomy (deep);ikilik;/daɪˈkɒtəmi/;daykotomi;A false dichotomy.;Yanlış ikilik.;3;5
diffusion (science);yayılma;/dɪˈfjuːʒən/;difyujın;Diffusion occurs.;Yayılma olur.;6;5
disillusionment;hayal kırıklığı;/ˌdɪsɪˈluːʒənmənt/;disilujınmınt;Disillusionment spread.;Hayal kırıklığı yayıldı.;7;5
dissonance (deep);uyumsuzluk;/ˈdɪsənəns/;disınans;Cognitive dissonance exists.;Uyumsuzluk var.;3;5
dogmatism (deep);dogmatizm;/ˈdɒɡmətɪzəm/;dogmatizm;Avoid dogmatism.;Kaçın.;7;5
eclecticism;seçmecilik;/ɪˈklektɪsɪzəm/;iklektisizm;Eclecticism defines style.;Tarzı belirler.;3;5
efficacy (C2 nuance);etkililik;/ˈefɪkəsi/;efikası;Drug efficacy is proven.;Etkisi kanıtlandı.;2;5
eloquence (deep);hitabet;/ˈeləkwəns/;elokvıns;Eloquence matters.;Hitabet önemli.;7;5
emulation (deep);taklit;/ˌemjəˈleɪʃən/;emyuleyşın;Emulation inspires.;Taklit ilham verir.;7;5
enigma (deep);gizem;/ɪˈnɪɡmə/;enigme;Life is an enigma.;Hayat gizemdir.;3;5
entailment (logic);gereklilik;/ɪnˈteɪlmənt/;inteylmınt;Logical entailment.;Mantıksal sonuç.;3;5
epistemic;bilgiyle ilgili;/ˌepɪˈstiːmɪk/;epistimik;Epistemic limits exist.;Bilgi sınırı var.;3;5
equivocation (deep);kaçamak;/ɪˌkwɪvəˈkeɪʃən/;ikvivokeyşın;Avoid equivocation.;Kaçın.;3;5
erudition (deep);derin bilgi;/ˌerjuˈdɪʃən/;eryudışın;Erudition impressed.;Bilgi etkiledi.;3;5
esotericism;gizemcilik;/ɪˌsoʊtəˈrɪsɪzəm/;esoterisizm;Esotericism exists.;Gizemcilik var.;3;5
ethos (C2 nuance);değer sistemi;/ˈiːθɒs/;ithos;Cultural ethos matters.;Değer sistemi önemli.;7;5
euphemistic;örtmeceli;/ˌjuːfəˈmɪstɪk/;yufemistik;Euphemistic language used.;Örtmece kullanıldı.;3;5
exacerbate (deep);kötüleştirmek;/ɪɡˈzæsəbeɪt/;igzasıbeyt;It exacerbates problems.;Sorunu büyütür.;5;5
exoneration;aklanma;/ɪɡˌzɒnəˈreɪʃən/;igzonereyşın;Exoneration followed.;Aklanma oldu.;2;5
extrapolation;çıkarım;/ɪkˌstræpəˈleɪʃən/;ekstrapoleyşın;Extrapolation used.;Çıkarım yapıldı.;3;5
fallacy;mantık hatası;/ˈfæləsi/;felası;Logical fallacy exists.;Mantık hatası var.;3;5
fervor;coşku;/ˈfɜːrvər/;förvır;Religious fervor rose.;Coşku arttı.;7;5
fortuity;tesadüf;/fɔːrˈtuːɪti/;fortuyiti;Pure fortuity.;Saf tesadüf.;1;5
galvanization;harekete geçirme;/ˌɡælvənaɪˈzeɪʃən/;galvınayzeyşın;It caused galvanization.;Harekete geçirdi.;7;5
abstriction;ayırma / koparma;/æbˈstrɪkʃən/;ebstrikşın;The process involves abstriction.;Süreç ayırma içerir.;3;5
abysmal;berbat / çok kötü;/əˈbɪzməl/;ebizmıl;The results were abysmal.;Sonuçlar berbattı.;7;5
acclimatize;iklime/ortama alışmak;/əˈklaɪmətaɪz/;eklaymıtayz;He acclimatized quickly.;Hızlıca ortama alıştı.;5;5
acumen;keskin zeka;/ˈækjəmən/;ekyumın;Her business acumen is impressive.;İş zekası etkileyici.;3;5
adjuration;ciddi yalvarış;/ˌædʒəˈreɪʃən/;ecıreyşın;His adjuration moved them.;Ciddi yalvarışı onları etkiledi.;7;5
admonish;uyarmak / azarlamak;/ədˈmɑːnɪʃ/;admoniş;The teacher admonished him.;Öğretmen onu uyardı.;7;5
affectation;yapmacıklık;/ˌæfekˈteɪʃən/;afekteyşın;His accent sounded like affectation.;Aksanı yapmacık gibiydi.;7;5
alchemy;simya / dönüşüm;/ˈælkəmi/;elkımi;Literature can feel like alchemy.;Edebiyat simya gibi hissettirebilir.;3;5
allegory;alegori;/ˈæləɡɔːri/;elıgori;The novel is an allegory.;Roman bir alegoridir.;3;5
ameliorative;iyileştirici;/əˈmiːliəreɪtɪv/;emiliyıreytiv;The policy has ameliorative effects.;Politikanın iyileştirici etkileri var.;2;5
antediluvian;çok eski;/ˌæntidɪˈluːviən/;entidiluviyın;His ideas seem antediluvian.;Fikirleri çok eski görünüyor.;3;5
aporia;çözümsüzlük / çıkmaz;/əˈpɔːriə/;aporya;The argument ends in aporia.;Argüman çıkmazla biter.;3;5
apothegm;özdeyiş;/ˈæpəθem/;epıthem;He quoted an apothegm.;Bir özdeyiş alıntıladı.;3;5
approbate;resmen onaylamak;/ˈæprəbeɪt/;aprıbeyt;The board approbated the plan.;Kurul planı onayladı.;2;5
arraign;suçlamak / mahkemeye çıkarmak;/əˈreɪn/;ereyn;He was arraigned for fraud.;Dolandırıcılıktan yargılandı.;2;5
asperse;karalamak;/əˈspɜːrs/;aspörs;They tried to asperse his reputation.;İtibarını karalamaya çalıştılar.;7;5
attrition;yıpranma / azalma;/əˈtrɪʃən/;atrişın;The company suffered attrition.;Şirket personel kaybı yaşadı.;2;5
augury;kehanet / işaret;/ˈɔːɡjəri/;ogyıri;They saw it as an augury.;Bunu bir işaret olarak gördüler.;3;5
avuncular;amcavari / babacan;/əˈvʌŋkjələr/;avankyulır;He had an avuncular manner.;Babacan bir tavrı vardı.;7;5
bathos;bayağılığa düşüş;/ˈbeɪθɑːs/;beythas;The speech ended in bathos.;Konuşma bayağılığa düştü.;3;5
belabor;gereğinden fazla uzatmak;/bɪˈleɪbər/;bileybır;Don’t belabor the point.;Konuyu fazla uzatma.;2;5
benediction;kutsama / iyi dilek;/ˌbenɪˈdɪkʃən/;benidikşın;He offered a benediction.;İyi dilekte bulundu.;7;5
blandishment;tatlı sözle kandırma;/ˈblændɪʃmənt/;blendişmınt;She ignored his blandishments.;Tatlı sözlerine aldırmadı.;7;5
boorish;kaba / görgüsüz;/ˈbʊrɪʃ/;buriş;His boorish behavior offended them.;Kaba davranışı onları kırdı.;7;5
caitiff;alçak / korkak kişi;/ˈkeɪtɪf/;keytif;He acted like a caitiff.;Alçakça davrandı.;7;5
casuistry;safsatacı akıl yürütme;/ˈkæzjuɪstri/;kezyuistri;The argument was pure casuistry.;Argüman tamamen safsataydı.;3;5
chimerical;hayali / olanaksız;/kaɪˈmerɪkəl/;kaymerikıl;His plan was chimerical.;Planı hayaliydi.;3;5
circumlocution;dolambaçlı anlatım;/ˌsɜːrkəmləˈkjuːʃən/;sörkımlokyuşın;Avoid circumlocution.;Dolambaçlı anlatımdan kaçın.;3;5
clemency;merhamet / af;/ˈklemənsi/;klemınsi;The prisoner asked for clemency.;Mahkum af istedi.;7;5
cogitation;derin düşünme;/ˌkɑːdʒɪˈteɪʃən/;kociteyşın;After cogitation, she agreed.;Derin düşündükten sonra kabul etti.;3;5
contumely;hakaret / aşağılama;/ˈkɑːntuməli/;kantumıli;He endured public contumely.;Kamu önünde aşağılanmaya katlandı.;7;5
convivial;neşeli / dostça;/kənˈvɪviəl/;konviviyıl;The dinner was convivial.;Akşam yemeği neşeliydi.;7;5
coruscate;parıldamak;/ˈkɔːrəskeɪt/;korıskeyt;The jewels coruscated.;Mücevherler parıldadı.;3;5
cupreous;bakır rengi;/ˈkjuːpriəs/;kyup riyıs;The sky had a cupreous glow.;Gökyüzünde bakır rengi bir parıltı vardı.;1;5
declamation;yüksek sesli söylev;/ˌdekləˈmeɪʃən/;deklımeyşın;His declamation was dramatic.;Söylevi dramatikti.;3;5
defenestration;pencereden atma;/diːˌfenɪˈstreɪʃən/;difenistreyşın;The story mentions defenestration.;Hikaye pencereden atmayı anlatır.;1;5
deleterious;zararlı;/ˌdeləˈtɪriəs/;delıtiriyıs;The chemical has deleterious effects.;Kimyasalın zararlı etkileri var.;5;5
demotic;halk diliyle ilgili;/dɪˈmɑːtɪk/;dimatik;He used demotic language.;Halk dili kullandı.;3;5
desideratum;aranan şey / gereklilik;/dɪˌzɪdəˈreɪtəm/;dizidıreytım;Stability is a desideratum.;İstikrar aranan bir şeydir.;3;5
desuetude;kullanılmama;/ˈdeswɪtuːd/;desvit uud;The custom fell into desuetude.;Gelenek kullanılmaz oldu.;3;5
diaphanous;ince / şeffaf;/daɪˈæfənəs/;dayefınıs;She wore a diaphanous scarf.;İnce bir eşarp taktı.;1;5
diffidence;özgüvensizlik;/ˈdɪfɪdəns/;difidıns;Diffidence limited his speech.;Özgüvensizlik konuşmasını sınırladı.;7;5
dilatory;geciktirici;/ˈdɪlətɔːri/;dilıtori;His dilatory tactics failed.;Geciktirme taktikleri başarısız oldu.;2;5
discomfit;bozmak / şaşırtmak;/dɪsˈkʌmfɪt/;diskamfit;The question discomfited him.;Soru onu şaşırttı.;7;5
disquisition;uzun inceleme;/ˌdɪskwɪˈzɪʃən/;diskvizışın;He wrote a disquisition on ethics.;Etik üzerine uzun bir inceleme yazdı.;3;5
dolour;derin keder;/ˈdoʊlər/;doulır;Dolour filled the room.;Odayı derin keder kapladı.;7;5
dyspeptic;huysuz / sindirim sorunu olan;/dɪsˈpeptɪk/;dispeptik;His dyspeptic mood was obvious.;Huysuz hali belliydi.;5;5
ebriety;sarhoşluk;/iːˈbraɪəti/;ibraiyıti;Ebriety ruined the evening.;Sarhoşluk akşamı mahvetti.;5;5
encomiastic;övgü dolu;/enˌkoʊmiˈæstɪk/;enkomiyastik;The review was encomiastic.;Eleştiri övgü doluydu.;7;5
enjoin;emretmek / yasaklamak;/ɪnˈdʒɔɪn/;incoyn;The court enjoined the action.;Mahkeme eylemi yasakladı.;2;5
epicurean;zevk düşkünü;/ˌepɪkjʊˈriːən/;epikyuriyın;He has epicurean tastes.;Zevk düşkünü bir zevki var.;7;5
excrescence;gereksiz çıkıntı / fazlalık;/ɪkˈskresəns/;ekskresıns;The clause is an excrescence.;Madde gereksiz bir fazlalık.;5;5
execrate;lanetlemek;/ˈeksɪkreɪt/;eksikreyt;They execrated the tyrant.;Zorbayı lanetlediler.;7;5
exigency;acil gereklilik;/ˈeksɪdʒənsi/;eksicınsi;The exigency demanded action.;Acil durum eylem gerektirdi.;2;5
expatiate;uzun uzun anlatmak;/ɪkˈspeɪʃieɪt/;ikspeyşiyeyt;He expatiated on history.;Tarih hakkında uzun uzun konuştu.;3;5
expostulate;itiraz etmek;/ɪkˈspɑːstʃəleɪt/;ikspasçuleyt;She expostulated with him.;Ona itiraz etti.;7;5
factotum;her işi yapan kişi;/fækˈtoʊtəm/;faktoutım;He became the office factotum.;Ofisin her işini yapan kişi oldu.;2;5
fatuous;aptalca;/ˈfætʃuəs/;feçuyıs;His comment was fatuous.;Yorumu aptalcaydı.;7;5
febrile;ateşli / telaşlı;/ˈfebrəl/;febrıl;The meeting had a febrile mood.;Toplantıda telaşlı bir hava vardı.;5;5
felicitous;yerinde / uygun;/fəˈlɪsɪtəs/;felisıtıs;It was a felicitous phrase.;Yerinde bir ifadeydi.;3;5
fissiparous;bölünmeye eğilimli;/fɪˈsɪpərəs/;fisipırıs;The party became fissiparous.;Parti bölünmeye eğilimli hale geldi.;3;5
fulsome;aşırı övgülü;/ˈfʊlsəm/;fulsım;His praise was fulsome.;Övgüsü aşırıydı.;7;5
fungible;birbirinin yerine geçebilir;/ˈfʌndʒəbəl/;fancıbıl;Money is fungible.;Para birbirinin yerine geçebilir.;2;5
gainsay;inkar etmek;/ˌɡeɪnˈseɪ/;geynsey;No one can gainsay the facts.;Kimse gerçekleri inkar edemez.;7;5
gloaming;alacakaranlık;/ˈɡloʊmɪŋ/;glouming;They walked in the gloaming.;Alacakaranlıkta yürüdüler.;1;5
gnomic;özlü / gizemli;/ˈnoʊmɪk/;nomik;His style is gnomic.;Üslubu özlü ve gizemlidir.;3;5
hagiography;aşırı övgülü biyografi;/ˌhæɡiˈɑːɡrəfi/;hagiagrafi;The book reads like hagiography.;Kitap aşırı övgülü biyografi gibi.;3;5
hauteur;kibir;/hoʊˈtɜːr/;hotör;His hauteur annoyed them.;Kibri onları rahatsız etti.;7;5
impecuniosity;parasızlık;/ˌɪmpɪkjuːniˈɑːsəti/;impikyuni asıti;Impecuniosity shaped his life.;Parasızlık hayatını şekillendirdi.;2;5
imprecation;beddua;/ˌɪmprɪˈkeɪʃən/;imprikeyşın;He muttered an imprecation.;Bir beddua mırıldandı.;7;5
incandescence;parlaklık;/ˌɪnkænˈdesəns/;inkendesıns;The incandescence was dazzling.;Parlaklık göz kamaştırıcıydı.;5;5
inchoate;yeni başlamış / şekilsiz;/ɪnˈkoʊət/;inkouıt;The idea was still inchoate.;Fikir hâlâ şekilsizdi.;3;5
inculcate;aşılamak;/ˈɪnkʌlkeɪt/;inkalkeyt;Schools inculcate discipline.;Okullar disiplin aşılar.;3;5
indefatigable;yorulmak bilmez;/ˌɪndɪˈfætɪɡəbəl/;indifatigıbıl;She is indefatigable.;Yorulmak bilmez biridir.;7;5
invidious;kıskançlık uyandıran / haksız;/ɪnˈvɪdiəs/;invidiyıs;It was an invidious comparison.;Haksız bir karşılaştırmaydı.;7;5
jejunity;yüzeysellik;/dʒɪˈdʒuːnəti/;cecunıti;The essay showed jejunity.;Makale yüzeysellik gösterdi.;3;5
lachrymose;ağlamaklı;/ˈlækrɪmoʊs/;lakrimous;He became lachrymose.;Ağlamaklı oldu.;7;5
lapidary;özlü / taş işlemeciliğiyle ilgili;/ˈlæpɪderi/;lapideri;Her prose is lapidary.;Düzyazısı özlüdür.;3;5
legerdemain;el çabukluğu / hile;/ˌledʒərdəˈmeɪn/;lecıdemeyn;Political legerdemain fooled voters.;Siyasi hile seçmenleri kandırdı.;7;5
lucubration;zahmetli çalışma;/ˌluːkjuːˈbreɪʃən/;lukyubreyşın;His lucubrations filled notebooks.;Zahmetli çalışmaları defterleri doldurdu.;3;5
maelstrom;girdap / kaos;/ˈmeɪlstrəm/;meylstrım;The city fell into a maelstrom.;Şehir kaosa sürüklendi.;5;5
malediction;lanet;/ˌmælɪˈdɪkʃən/;melidikşın;He uttered a malediction.;Bir lanet söyledi.;7;5
mellifluous;kulağa hoş gelen;/məˈlɪfluəs/;melifluıs;Her voice was mellifluous.;Sesi çok hoştu.;7;5
munificent;çok cömert;/mjuːˈnɪfɪsənt/;myunifisınt;A munificent donor helped.;Çok cömert bir bağışçı yardım etti.;2;5
numinous;kutsal / gizemli;/ˈnuːmɪnəs/;numinıs;The place felt numinous.;Yer kutsal ve gizemli hissettirdi.;7;5
opprobrium;ağır kınama;/əˈproʊbriəm/;aprobrıyım;He faced public opprobrium.;Kamuoyu tarafından ağır kınandı.;7;5
otiose;gereksiz / faydasız;/ˈoʊʃioʊs/;ouşiyous;The paragraph is otiose.;Paragraf gereksiz.;3;5
palimpsest;üst üste yazılmış metin;/ˈpælɪmpsest/;palimpsest;The city is a palimpsest of history.;Şehir tarihin katmanlı bir metni gibidir.;3;5
panegyric;övgü konuşması;/ˌpænəˈdʒɪrɪk/;penıcirik;He delivered a panegyric.;Övgü konuşması yaptı.;7;5
pellucid;berrak / açık;/pəˈluːsɪd/;pelusid;Her explanation was pellucid.;Açıklaması çok berraktı.;3;5
penury;yoksulluk;/ˈpenjəri/;penyıri;He lived in penury.;Yoksulluk içinde yaşadı.;2;5
peroration;konuşmanın kapanışı;/ˌperəˈreɪʃən/;perıreyşın;The peroration was powerful.;Kapanış konuşması güçlüydü.;3;5
pettifogging;önemsiz ayrıntılarla uğraşan;/ˈpetifɑːɡɪŋ/;petifaging;Stop pettifogging.;Önemsiz ayrıntılarla uğraşmayı bırak.;7;5
puissant;güçlü;/ˈpjuːɪsənt/;pyuisınt;A puissant empire emerged.;Güçlü bir imparatorluk ortaya çıktı.;2;5
quiescent;durgun / sessiz;/kwiˈesənt/;kviyesınt;The volcano is quiescent.;Volkan durgun.;1;5
redoubtable;korkulan / saygı duyulan;/rɪˈdaʊtəbəl/;ridautıbıl;She is a redoubtable opponent.;Korkulan bir rakiptir.;7;5
riposte;hazır cevap;/rɪˈpoʊst/;ripoust;His riposte silenced them.;Hazır cevabı onları susturdu.;7;5
sedulous;gayretli;/ˈsedʒələs/;secıləs;He is a sedulous researcher.;Gayretli bir araştırmacıdır.;2;5
sententious;özlü ama ukalaca;/senˈtenʃəs/;sentenşıs;His tone was sententious.;Üslubu ukalaca öğüt vericiydi.;7;5
supererogatory;gereğinden fazla;/ˌsuːpərɪˈrɑːɡətɔːri/;superirogıtori;The effort was supererogatory.;Çaba gereğinden fazlaydı.;3;5
temerity;düşüncesiz cesaret;/təˈmerəti/;temerıti;He had the temerity to interrupt.;Söz kesme cüretini gösterdi.;7;5
turgid;şişkin / ağdalı;/ˈtɜːrdʒɪd/;törcid;The prose is turgid.;Yazı dili ağdalı.;3;5
uxorious;eşine aşırı düşkün;/ʌkˈsɔːriəs/;aksoriyıs;He was uxorious.;Eşine aşırı düşkündü.;7;5
velleity;zayıf istek;/vəˈliːəti/;vıliyıti;His plan was mere velleity.;Planı sadece zayıf bir istekti.;3;5
verisimilitude;gerçeğe benzerlik;/ˌverɪsɪˈmɪlɪtuːd/;verisimilit uud;The novel has verisimilitude.;Romanda gerçeğe benzerlik var.;3;5
vituperation;ağır hakaret;/vaɪˌtuːpəˈreɪʃən/;vaytuper eyşın;The debate became vituperation.;Tartışma ağır hakarete dönüştü.;7;5
welter;karmaşa;/ˈweltər/;veltır;A welter of opinions emerged.;Fikir karmaşası ortaya çıktı.;1;5
abjuration;yeminle vazgeçme;/ˌæbdʒʊˈreɪʃən/;abcureyşın;His abjuration shocked many.;Vazgeçişi şaşırttı.;7;5
ablation;aşınma / yok etme;/əˈbleɪʃən/;ableyşın;Ice loss occurs by ablation.;Buz erir.;6;5
abnegate;reddetmek / fedakarlık yapmak;/ˈæbnɪɡeɪt/;abnigeyt;He abnegated comfort.;Rahatından vazgeçti.;7;5
abscission;kopma;/æbˈsɪʒən/;absijın;Leaf abscission occurs.;Yaprak dökülür.;6;5
absquatulate;kaçmak (argo);/əbˈskwɒtʃəleɪt/;abskwaçuleyt;He absquatulated quickly.;Hızla kaçtı.;1;5
abstracter;soyutlayıcı kişi;/æbˈstræktər/;ebstraktır;He is an abstracter.;Soyutlayıcı biridir.;3;5
accoutrement;ekipman;/əˈkuːtrəmənt/;akutramınt;Military accoutrements shine.;Ekipman parlıyor.;1;5
accretionary;birikimli;/əˈkriːʃənəri/;akrişınıri;Accretionary growth occurs.;Birikimli büyüme olur.;3;5
acerbity;sertlik / acılık;/əˈsɜːrbɪti/;asörbiti;His acerbity hurt others.;Sertliği kırıcıydı.;7;5
achromatic;renksiz;/ˌækroʊˈmætɪk/;akromatik;The image is achromatic.;Görüntü renksiz.;6;5
acolyte;mürid / takipçi;/ˈækəlaɪt/;ekılayt;He became an acolyte.;Takipçi oldu.;7;5
acquittable;beraat edilebilir;/əˈkwɪtəbəl/;ekvitıbıl;The case is acquittable.;Dava beraat edilebilir.;2;5
acrimony;sertlik / kin;/ˈækrɪmoʊni/;akrimoni;The debate had acrimony.;Tartışma sertti.;7;5
acrostic;akrostiş;/əˈkrɒstɪk/;akrostik;He wrote an acrostic.;Akrostiş yazdı.;3;5
actuate;harekete geçirmek;/ˈæktʃueɪt/;aktçueyt;The system actuates motion.;Sistem hareketi başlatır.;6;5
adamantine;kırılmaz / sert;/ˌædəˈmæntiːn/;adımantin;An adamantine will.;Sert irade.;3;5
adduce;kanıt göstermek;/əˈdjuːs/;aduus;He adduced evidence.;Kanıt sundu.;3;5
adumbration;ima;/ˌædʌmˈbreɪʃən/;adambreyişın;His speech was adumbration.;Konuşması ima doluydu.;3;5
adventitious;tesadüfi;/ˌædvenˈtɪʃəs/;adventişıs;Adventitious events occur.;Tesadüfi olaylar olur.;3;5
adversarial;çekişmeli;/ˌædvərˈseriəl/;edvörseriyıl;An adversarial system.;Çekişmeli sistem.;2;5
aerie;kartal yuvası;/ˈɪəri/;iiri;The eagle lived in an aerie.;Kartal yuvasında yaşadı.;4;5
afferent;gelen (sinir);/ˈæfərənt/;aferınt;Afferent nerves function.;Sinirler çalışır.;6;5
afflatus;ilham;/əˈfleɪtəs/;afleytıs;He spoke with afflatus.;İlhamla konuştu.;7;5
aggrandizement;büyütme / güç artırma;/əˈɡrændɪzmənt/;agrendizmınt;Political aggrandizement.;Güç artırma.;2;5
albescent;beyazlaşan;/ælˈbesənt/;albesınt;The sky grew albescent.;Gökyüzü beyazlaştı.;1;5
albedo;yansıtma oranı;/ælˈbiːdoʊ/;albido;Ice has high albedo.;Buz yansıtır.;6;5
alluvium;alüvyon;/əˈluːviəm/;aluviım;The river deposited alluvium.;Nehir tortu bıraktı.;4;5
alterity;başkalık;/ɔːlˈterɪti/;alteriti;Philosophy studies alterity.;Felsefe başkalığı inceler.;3;5
amanuensis;sekreter / yazıcı;/əˌmænjuˈensɪs/;manyuensis;He worked as amanuensis.;Yazıcıydı.;2;5
ambrosial;ilahi / çok güzel;/æmˈbroʊʒəl/;ambrojıl;An ambrosial taste.;Harika tat.;7;5
amity;dostluk;/ˈæmɪti/;amiti;Nations lived in amity.;Ülkeler dostça yaşadı.;7;5
anfractuous;dolambaçlı;/ænˈfræktʃuəs/;enfrakçuyıs;An anfractuous road.;Dolambaçlı yol.;3;5
anhedonia;zevk alamama;/ˌænhiːˈdoʊniə/;anhidonya;Depression causes anhedonia.;Depresyon zevk almayı engeller.;7;5
anisotropic;yön bağımlı;/ˌænaɪsəˈtrɒpɪk/;anaystropik;The material is anisotropic.;Malzeme yön bağımlıdır.;6;5
anomie;normsuzluk;/ˈænəmi/;anomi;Society fell into anomie.;Toplum normsuzlaştı.;7;5
antilogy;çelişki;/ænˈtɪlədʒi/;antiloci;The text shows antilogy.;Metin çelişkili.;3;5
aporia (deep);felsefi çıkmaz;/əˈpɔːriə/;aporya;The argument ends in aporia.;Argüman çıkmazda.;3;5
apperception;bilinçli algı;/ˌæpərˈsepʃən/;apırsepşın;Learning needs apperception.;Öğrenme bilinç ister.;3;5
appertenance;ait olma;/əˈpɜːrtənəns/;apörtınans;Property appertenance matters.;Aitlik önemlidir.;2;5
apposite;uygun;/ˈæpəzɪt/;apızit;An apposite remark.;Uygun söz.;3;5
approbatory;onaylayıcı;/ˈæprəbeɪtəri/;aprıbeytori;An approbatory nod.;Onaylayıcı baş sallama.;7;5
aquiline;kartal burunlu;/ˈækwɪlaɪn/;akvilayn;An aquiline nose.;Kartal burun.;1;5
arcana;gizli bilgiler;/ɑːrˈkeɪnə/;arkayna;Arcana fascinate scholars.;Gizli bilgiler ilgi çeker.;3;5
ardor;tutku;/ˈɑːrdər/;ardır;His ardor was clear.;Tutkusu açıktı.;7;5
argot;jargon;/ˈɑːrɡoʊ/;argo;Criminal argot exists.;Suç jargonu var.;7;5
arrant;tam anlamıyla;/ˈærənt/;arınt;An arrant lie.;Tam bir yalan.;1;5
ascription;atfetme;/əˈskrɪpʃən/;askripşın;Ascription of value.;Değer atfetme.;3;5
aspergillosis;mantar hastalığı;/ˌæspərdʒɪˈloʊsɪs/;aspercilosis;He had aspergillosis.;Hastaydı.;5;5
assentation;onaylama;/ˌæsənˈteɪʃən/;asenteyşın;Silent assentation followed.;Sessiz onay geldi.;7;5
ataraxia;ruh dinginliği;/ˌætəˈræksiə/;ataraksiya;He reached ataraxia.;Huzura ulaştı.;7;5
atrabilious;karamsar;/ˌætrəˈbɪliəs/;atrabiliyıs;An atrabilious mood.;Karamsar ruh hali.;7;5
attenuate (deep);zayıflatmak;/əˈtenjueɪt/;atenyueyt;Noise attenuates.;Gürültü azalır.;3;5
augury (C2 nuance);kehanet;/ˈɔːɡjəri/;ogyıri;Seen as augury.;İşaret sayıldı.;3;5
auroral;şafakla ilgili;/ɔːˈrɔːrəl/;ororıl;Auroral lights appeared.;Işıklar belirdi.;4;5
autarky;ekonomik bağımsızlık;/ˈɔːtɑːrki/;otarki;The nation sought autarky.;Ülke bağımsızlık istedi.;2;5
avaricious;açgözlü;/ˌævəˈrɪʃəs/;avarişıs;An avaricious man.;Açgözlü adam.;2;5
axiomatics;aksiyom bilimi;/ˌæksiəˈmætɪks/;aksiyomatik;Study axiomatics.;İncele.;3;5
